category,issue_examples,to,cc1,cc2,cc3,entities_required
patta_transfer,patta transfer pending;patta transfer not completed;mutation pending after sale deed;patta not transferred after registration;sale deed registered but patta not changed;patta transfer after inheritance;patta transfer after legal heir certificate;patta transfer after settlement deed;patta transfer after gift deed;patta transfer after partition deed;patta transfer after court decree;online patta transfer pending;patta transfer application rejected;wrong owner name in patta;patta transfer after death of owner;delay by Tahsildar;patta mutation not updated;patta transferred to wrong person;duplicate patta after transfer;appeal against patta transfer rejection;registered document but patta unchanged;patta transfer after release deed;joint owner not reflected;patta transfer after divorce settlement;patta transfer after family arrangement;mutation after decree pending;patta transfer file missing;patta transfer status not updated;e-service patta transfer pending;revenue records not updated,Tahsildar,Revenue Divisional Officer,District Revenue Officer,District Collector,survey_number;patta_number;village;taluk;document_number
patta_subdivision,subdivision application pending;patta subdivision after partition;subdivision after sale;subdivision after inheritance;subdivision after family settlement;subdivision sketch not issued;FMB not updated after subdivision;delay in subdivision;survey not conducted for subdivision;separate patta not issued;subdivision rejected;incorrect subdivision boundary;wrong extent after subdivision;land split not reflected in records;online subdivision pending;subdivision after court decree;subdivision file missing;subdivision objection;subdivision appeal;survey stones not fixed after subdivision;new survey number not allotted;mutation pending after subdivision;subdivision after gift deed;subdivision after release deed;subdivision after exchange deed;joint property subdivision;patta not split;subdivision measurement incorrect;subdivision approval delayed;records not updated after subdivision,Tahsildar,Revenue Divisional Officer,District Revenue Officer,District Collector,survey_number;patta_number;village;taluk
patta_joint_patta,joint patta request;add co-owner in patta;remove co-owner from patta;joint patta after inheritance;joint patta after partition;joint patta after settlement deed;spouse name not added;children names omitted;brother name missing;co-owner omitted;joint patta correction;duplicate joint patta;objection to joint patta;joint patta rejected;online joint patta pending;joint ownership not reflected;mutation for joint owners pending;patta issued only to one heir;legal heir names omitted;joint patta after gift deed;joint patta after release deed;wrong share mentioned;incorrect owner names;joint patta appeal;joint patta cancelled wrongly;survey completed but joint patta not issued;family property joint patta;joint patta file pending;revenue record mismatch;joint patta after court order,Tahsildar,Revenue Divisional Officer,District Revenue Officer,District Collector,survey_number;patta_number;village;taluk;co_owner_names
patta_cancellation,cancel wrong patta;fake patta;forged patta;fraudulent patta;patta issued to wrong person;duplicate patta;illegal patta;patta obtained using fake sale deed;patta obtained using fake legal heir certificate;patta obtained by impersonation;patta cancellation after court decree;patta cancellation request pending;patta cancellation rejected;wrong survey number in patta;encroachment patta cancellation;objection to patta;patta transferred illegally;patta issued without notice;false ownership in patta;revenue fraud;wrong mutation;patta created using forged documents;patta cancellation after appeal;cancel fraudulent mutation;patta correction before cancellation;illegal subdivision patta;patta issued for government land;patta issued on poromboke;patta review petition;DRO revision against patta,Tahsildar,Revenue Divisional Officer,District Revenue Officer,District Collector,survey_number;patta_number;village;taluk
land_survey,survey request;resurvey request;land measurement;boundary survey;survey pending;survey delayed;survey not conducted;private land survey;government survey;survey after registration;survey after inheritance;survey after partition;survey after settlement deed;survey after gift deed;survey after court order;survey objection;survey sketch not issued;FMB mismatch;survey stones missing;boundary dispute;neighbor encroachment survey;incorrect measurement;wrong survey number;survey report correction;online survey application pending;resurvey after encroachment;measurement differs from document;survey appeal;survey file missing;survey record correction,Tahsildar,Revenue Divisional Officer,District Revenue Officer,District Collector,survey_number;village;taluk
boundary_fixing,boundary fixing request;boundary stones missing;boundary dispute;neighbor shifted boundary stone;boundary measurement incorrect;boundary demarcation pending;land boundary not fixed;survey boundary mismatch;encroachment due to boundary issue;government boundary demarcation;field boundary dispute;boundary after partition;boundary after inheritance;boundary after sale;boundary after settlement deed;boundary after court order;re-fix boundary;old boundary stones removed;boundary correction;boundary appeal;common pathway boundary;agricultural land boundary;house site boundary;compound wall boundary dispute;surveyor not fixing boundary;wrong boundary sketch;FMB boundary mismatch;village map mismatch;subdivision boundary issue;survey boundary correction,Tahsildar,Revenue Divisional Officer,District Revenue Officer,District Collector,survey_number;village;taluk
fmb_copy,FMB copy request;FMB sketch not issued;certified FMB copy pending;FMB copy delayed;online FMB request pending;FMB sketch incorrect;FMB lost;duplicate FMB copy;survey sketch required;FMB for court case;FMB for bank loan;FMB for patta transfer;FMB for registration;FMB after subdivision;FMB correction;FMB measurement mismatch;village map copy;land sketch request;field map unavailable;FMB not traceable;old FMB required;digital FMB unavailable;survey office not issuing FMB;FMB application rejected;FMB appeal;FMB illegible copy;missing survey sketch;wrong FMB issued;survey records incomplete;land records map request,Tahsildar,Revenue Divisional Officer,District Revenue Officer,DistrictCollector,survey_number;village;taluk
chitta_adangal_correction,wrong chitta;wrong adangal;owner name correction;extent correction;survey number correction;land classification correction;crop details incorrect;adangal not updated;chitta not updated after registration;mutation not reflected;wrong patta number;wrong village name;wrong taluk;duplicate chitta entry;missing land record;incorrect ownership;inheritance not updated;settlement deed not reflected;gift deed not reflected;partition not updated;court order not implemented;online chitta error;A-register mismatch;FMB mismatch;land extent mismatch;application pending;correction rejected;revenue record appeal;digitization error;manual records mismatch,Tahsildar,Revenue Divisional Officer,District Revenue Officer,District Collector,survey_number;patta_number;village;taluk
a_register_correction,A-register correction;wrong owner;wrong survey number;wrong extent;land classification incorrect;government land shown wrongly;private land shown as poromboke;poromboke shown as patta land;village record correction;A-register not updated after mutation;registration not reflected;inheritance correction;partition correction;settlement deed correction;gift deed correction;court decree correction;digitization error;manual register mismatch;application pending;application rejected;incorrect village entry;incorrect taluk entry;land tax record mismatch;patta mismatch;FMB mismatch;revenue appeal;duplicate entry;missing entry;wrong subdivision;land description correction,Tahsildar,Revenue Divisional Officer,District Revenue Officer,District Collector,survey_number;patta_number;village;taluk
land_classification_change,convert nanjai to punjai;convert punjai to house site;land classification correction;wrong land classification;agricultural land classification;residential conversion;commercial land conversion;patta land shown as waterbody;patta land shown as poromboke;land use correction;reclassification pending;reclassification rejected;court order for reclassification;DTCP approval not reflected;classification after acquisition release;land tax category correction;classification appeal;village account correction;revenue records correction;land conversion permission;change dry land classification;change wet land classification;survey classification mismatch;revenue record mismatch;classification after subdivision;wrong crop land classification;urban land classification;house site patta classification;government order implementation pending;land status correction,Tahsildar,Revenue Divisional Officer,District Revenue Officer,District Collector,survey_number;patta_number;village;taluk
land_encroachment,neighbor encroached my land;illegal occupation of patta land;boundary encroachment;compound wall built inside my land;agricultural land encroached;house site encroached;government failed to remove encroachment;encroachment after survey;land grabbed by neighbour;illegal fencing;road encroached into patta land;temple encroachment on private land;commercial encroachment;land occupied using forged documents;patta land under illegal possession;encroachment despite court order;police not helping in land encroachment;revenue officials not taking action;survey proves encroachment;remove encroachment from patta land;encroachment by builder;encroachment by local body;encroachment by relatives;illegal cultivation on my land;fake patta used for encroachment;encroachment after inheritance;encroachment after partition;land grabbing complaint;continuous trespass;illegal possession after owner's death,Tahsildar,Revenue Divisional Officer,District Revenue Officer,District Collector,survey_number;village;taluk;encroacher_details
poromboke_encroachment,encroachment on poromboke land;government land occupied illegally;road poromboke encroached;lake poromboke occupied;canal poromboke blocked;public pathway encroached;temple poromboke occupied;illegal fencing on government land;construction on poromboke;shop built on poromboke;political encroachment on poromboke;poromboke converted to private land;fake patta issued on poromboke;illegal land assignment;remove government land encroachment;protect public land;revenue officials not acting;survey shows poromboke encroachment;public access blocked;water channel blocked by encroachment;school land encroached;burial ground encroached;playground encroached;village common land occupied;unauthorised occupation;illegal cultivation on poromboke;government land sold illegally;poromboke mutation fraud;restore government land;encroachment despite eviction notice,Tahsildar,Revenue Divisional Officer,District Revenue Officer,District Collector,survey_number;village;taluk;encroacher_details
waterbody_encroachment,lake encroachment;pond encroachment;tank encroachment;eri encroachment;channel blocked;waterbody filled illegally;illegal construction inside lake;layout developed inside lake;building on waterbody;stormwater channel blocked;river encroachment;odai encroachment;drain encroachment;wetland occupied;illegal land filling;waterbody converted into plots;water flow obstructed;encroachment causing floods;remove waterbody encroachment;government not clearing encroachment;survey shows encroachment;public complaint ignored;environmental damage due to encroachment;illegal patta issued for waterbody;fake documents used;waterbody restoration;protect irrigation tank;restore canal;illegal dumping in lake;encroachment affecting farmers,Tahsildar,Revenue Divisional Officer,District Revenue Officer,District Collector,waterbody_name;village;taluk;encroacher_details
legal_heir_certificate,legal heir certificate pending;certificate not issued;application rejected;wrong legal heir certificate;incorrect legal heir names;name spelling mistake;father name incorrect;mother name incorrect;spouse omitted;child omitted;additional heir not included;fake legal heir certificate;forged legal heir certificate;fraudulent legal heir certificate;duplicate legal heir certificate;cancel fake legal heir certificate;correct legal heir certificate;appeal against rejection;certificate obtained by fraud;mutation based on fake legal heir certificate;patta transferred using fake legal heir certificate;sale deed executed using forged legal heir certificate;settlement deed executed using false legal heir certificate;partition deed using fake legal heir certificate;inheritance denied due to wrong certificate;property grabbed using fake legal heir certificate;certificate issued to wrong family;objection to legal heir certificate;certificate verification request;certificate required for pension,Tahsildar,Revenue Divisional Officer,District Revenue Officer,District Collector,deceased_name;date_of_death;relationship_to_deceased;village;taluk
community_certificate,community certificate pending;certificate not issued;community certificate rejected;wrong community entered;SC certificate issue;ST certificate issue;BC certificate issue;MBC certificate issue;DNC certificate issue;community certificate correction;duplicate community certificate;fake community certificate;forged community certificate;fraudulent community certificate;certificate verification;community certificate cancelled wrongly;school admission requires community certificate;college admission delayed due to certificate;job reservation certificate pending;scholarship affected;income and community mismatch;online application pending;certificate not digitally signed;certificate not downloadable;appeal against rejection;certificate issued to wrong person;certificate lost;certificate damaged;reissue community certificate;correction in father's community,Tahsildar,Revenue Divisional Officer,District Revenue Officer,District Collector,application_number;application_date;purpose;village;taluk
income_certificate,income certificate pending;certificate not issued;wrong annual income;income certificate rejected;certificate expired;certificate correction;fake income certificate;forged income certificate;income certificate verification;income certificate required for scholarship;fee concession;education loan;government scheme;EWS certificate support;wrong family income;salary wrongly calculated;pension included incorrectly;certificate delayed;online application pending;certificate not downloadable;appeal against rejection;income proof dispute;incorrect occupation entered;old income reflected;fresh income certificate request;duplicate income certificate;certificate lost;certificate damaged;certificate required for hostel;certificate required for reservation,Tahsildar,Revenue Divisional Officer,District Revenue Officer,District Collector,application_number;application_date;purpose;village;taluk
nativity_certificate,nativity certificate pending;certificate not issued;nativity certificate rejected;wrong place of birth;wrong district;wrong village;proof of residence issue;certificate required for government job;certificate required for college admission;certificate required for scholarship;certificate correction;duplicate nativity certificate;certificate verification;certificate cancelled wrongly;online application pending;certificate not downloadable;appeal against rejection;continuous residence proof;migration issue;residence records mismatch;certificate lost;certificate damaged;certificate required for recruitment;certificate required for sports quota;certificate required for local quota;wrong father's native place;wrong address;certificate issued to wrong person;delay by Tahsildar;verification pending,Tahsildar,Revenue Divisional Officer,District Revenue Officer,District Collector,application_number;application_date;purpose;village;taluk
solvency_certificate,solvency certificate pending;certificate not issued;wrong solvency amount;certificate rejected;property valuation dispute;bank requires solvency certificate;tender participation;court surety;contractor solvency;certificate correction;certificate verification;property not considered;joint property issue;encumbrance affecting solvency;duplicate certificate;online application pending;certificate not downloadable;appeal against rejection;certificate lost;certificate damaged;valuation too low;valuation too high;wrong survey number;wrong patta details;wrong owner details;legal heir property not included;government valuation delay;solvency renewal;certificate for licence;certificate for mining lease,Tahsildar,Revenue Divisional Officer,District Revenue Officer,District Collector,application_number;application_date;purpose;village;taluk;survey_number
residence_certificate,residence certificate pending;certificate not issued;wrong address;wrong duration of residence;certificate rejected;proof of residence issue;certificate required for school admission;college admission;government job;scholarship;hostel admission;local quota;address correction;certificate verification;duplicate certificate;certificate lost;certificate damaged;online application pending;certificate not downloadable;appeal against rejection;house number incorrect;street name incorrect;village incorrect;taluk incorrect;district incorrect;tenant residence certificate;owner residence certificate;continuous residence proof;old address reflected;change of address pending,Tahsildar,Revenue Divisional Officer,District Revenue Officer,District Collector,application_number;application_date;purpose;village;taluk
old_age_pension,old age pension not sanctioned;pension application pending;pension stopped;pension amount not credited;pension delayed;eligible but pension denied;wrong beneficiary details;bank account mismatch;Aadhaar mismatch;life certificate issue;biometric authentication failed;pension transferred to wrong account;pension cancelled without reason;duplicate pension record;widow pension wrongly converted;old age pension restoration;arrears not paid;pension verification pending;income wrongly assessed;property criteria dispute;appeal against rejection;pension not received after approval;online status pending;name mismatch;DOB correction;bank IFSC issue;NPCI mapping issue;surviving certificate issue;monthly pension missing;district treasury delay,Tahsildar,Revenue Divisional Officer,District Social Welfare Officer,District Collector,application_number;application_date;bank_name;taluk
widow_pension,widow pension not sanctioned;widow pension application pending;widow pension stopped;pension not credited;monthly pension delayed;eligible widow denied pension;bank account mismatch;Aadhaar mismatch;life certificate issue;widow pension cancelled;pension transferred to wrong account;duplicate beneficiary record;arrears not paid;pension restoration request;verification pending;income assessed incorrectly;remarriage wrongly assumed;online application pending;status not updated;appeal against rejection;widow pension after husband's death delayed;family pension confusion;death certificate submitted but pension not started;beneficiary name mismatch;DOB mismatch;bank IFSC changed;pension approval pending at Tahsildar;treasury payment delay;widow pension suspended without notice;grievance against pension rejection,Tahsildar,Revenue Divisional Officer,District Social Welfare Officer,District Collector,application_number;application_date;bank_name;taluk;date_of_death
disabled_pension,disabled pension pending;disability pension not sanctioned;pension stopped;monthly pension not received;Aadhaar mismatch;bank account mismatch;disability certificate accepted but pension not started;medical board certificate pending;benchmark disability accepted but no pension;verification pending;arrears not paid;pension restoration;beneficiary details incorrect;duplicate pension record;appeal against rejection;online application pending;status not updated;wrong disability percentage considered;guardian details incorrect;pension transferred to wrong account;life certificate issue;treasury delay;district office delay;new disability ID not updated;pension cancelled without notice,Tahsildar,Revenue Divisional Officer,District Differently Abled Welfare Officer,District Collector,application_number;application_date;bank_name;taluk;udid_number
destitute_pension,destitute pension pending;destitute pension rejected;pension not credited;pension stopped;eligible beneficiary denied;verification pending;bank account mismatch;Aadhaar mismatch;arrears not paid;duplicate beneficiary record;online application pending;status not updated;appeal against rejection;incorrect income assessment;homeless pension request;single woman pension request;supporting documents submitted but no action;pension transferred to wrong account;treasury delay;beneficiary name mismatch;DOB mismatch;life certificate issue;pension restoration request;district office delay;monthly assistance not received,Tahsildar,Revenue Divisional Officer,District Social Welfare Officer,District Collector,application_number;application_date;bank_name;taluk
ration_card_new,new ration card application pending;ration card not issued;family card application rejected;smart ration card pending;newly married ration card;separate family card request;joint family separation;online application pending;documents verified but no card;address change requiring new card;new house shifted;duplicate application issue;application under verification;ration card status pending;card not printed;card not delivered;Aadhaar seeding pending;mobile number update required;appeal against rejection;new family card after migration;widow applying for new card;single person ration card;card not activated;newborn added but card not issued;offline application pending,Taluk Supply Officer,District Supply Officer,"Joint Commissioner, Civil Supplies",District Collector,application_number;village;taluk
ration_card_correction,name correction in ration card;address correction;DOB correction;gender correction;head of family correction;wrong Aadhaar linked;mobile number update;photograph correction;duplicate family member;wrong category in ration card;NFSA category correction;card damaged;card lost;smart card error;application pending;status not updated;appeal against correction rejection;spelling mistake;wrong relation entered;old address shown;new address not updated;EPIC mismatch;bank linkage issue;eKYC pending;QR code issue,Taluk Supply Officer,District Supply Officer,"Joint Commissioner, Civil Supplies",District Collector,ration_card_number;taluk
ration_card_member_addition,add family member;add newborn child;add spouse;add adopted child;add parents;marriage after ration card;family member omitted;Aadhaar linked but member not added;online addition pending;verification pending;application rejected;member addition delayed;duplicate member issue;wrong relationship entered;beneficiary not eligible due to missing member;appeal against rejection;new child benefits denied;member addition after migration;head of family changed;member already exists in another card;student returned home;member addition after legal adoption;member addition after court order;status not updated;documents submitted but pending,Taluk Supply Officer,District Supply Officer,"Joint Commissioner, Civil Supplies",District Collector,ration_card_number;taluk;member_name;relationship
ration_card_member_deletion,remove deceased member;remove divorced spouse;remove migrated member;duplicate member removal;member shifted to another family card;member removal pending;online deletion pending;verification pending;application rejected;wrong member removed;deceased still appearing in card;duplicate Aadhaar issue;member transferred wrongly;appeal against rejection;family split request;beneficiary duplication;documents submitted but pending;head of family change after deletion;status not updated;ghost beneficiary removal;member deletion after marriage;member deletion after court order;incorrect family composition;remove tenant from card;wrong deletion request,Taluk Supply Officer,District Supply Officer,"Joint Commissioner, Civil Supplies",District Collector,ration_card_number;taluk;member_name
pds_shop_issue,ration shop closed;ration shop not opening on time;shopkeeper absent;ration denied;shop refusing service;poor behaviour by salesman;shop demanding bribe;shop closed without notice;ration stock hidden;shop not displaying stock;electronic POS not working;dealer malpractice;dealer black marketing;shop cleanliness issue;dealer refusing eligible beneficiaries;shop location issue;dealer misbehaviour;dealer asks extra documents;shop timing violation;complaint against fair price shop;dealer discrimination;dealer corruption;ration shop licence violation;unauthorised closure;dealer absent repeatedly,Taluk Supply Officer,District Supply Officer,"Joint Commissioner, Civil Supplies",District Collector,shop_number;street_name;village
pds_short_supply,less rice supplied;less sugar supplied;less wheat supplied;less kerosene supplied;quantity reduced;weighing machine manipulated;ration shortage;dealer supplied less quantity;items missing from allocation;poor quality rice;poor quality wheat;expired food grains;spoiled commodities;ration not matching entitlement;dealer diverting stock;stock shortage every month;incorrect weighing;family entitlement reduced;beneficiary denied commodities;digital transaction shows supplied but goods not received;PDS fraud;commodity substitution;measurement fraud;ration not fully issued;complaint on monthly allocation,Taluk Supply Officer,District Supply Officer,"Joint Commissioner, Civil Supplies",District Collector,shop_number;street_name;village
pds_overpricing,dealer charging extra;extra money for rice;extra money for sugar;overpricing of commodities;illegal collection;service charge demanded;dealer asking transport charges;unauthorised fee;MRP violation in PDS;cash collected without receipt;dealer demanding commission;dealer forcing purchase of unwanted items;price higher than government rate;receipt not issued;dealer threatening beneficiaries;illegal collection for smart card;corruption in ration shop;dealer collecting festival charges;false billing;cash collected despite free entitlement;beneficiary exploitation;dealer refusing commodities without payment;complaint against overcharging;PDS corruption;illegal demand by ration dealer,Taluk Supply Officer,District Supply Officer,"Joint Commissioner, Civil Supplies",District Collector,shop_number;street_name;village
drinking_water_supply,no drinking water supply;water not supplied for several days;irregular water supply;low water pressure;water supplied only once a week;drinking water shortage;summer water scarcity;pipeline dry;public tap not functioning;overhead tank not filled;water supply stopped without notice;water supply timing changed;street not receiving water;unequal water distribution;new area not covered;water tanker not provided;insufficient tanker supply;water not reaching upper floors;valve not opened;illegal water diversion;water theft affecting supply;frequent water interruptions;complaint ignored by local body;water supply after cyclone not restored;pipeline disconnected;water supply delayed after maintenance;public standpost dry;village water supply failure;borewell failure affecting supply;emergency drinking water request,Commissioner / Executive Officer / BDO,District Collector,Director of Municipal Administration,MAWS Department,street_name;ward_number;village
water_quality,dirty drinking water;muddy water;yellow water;brown water;bad smell in water;bad taste in water;contaminated drinking water;sewage mixed with drinking water;oil mixed in water;worms in water;insects in drinking water;salty water;high TDS water;unsafe drinking water;water causing illness;water causing skin allergy;water sample testing request;chlorination not done;poor quality borewell water;rusty water from pipeline;chemical contamination;industrial pollution affecting water;dead animal in water tank;water tank not cleaned;pipeline contamination;unsafe public tap;drinking water health complaint;potable water issue;water purification request;public health risk due to water,Commissioner / Executive Officer / BDO,District Collector,Director of Municipal Administration,MAWS Department,street_name;ward_number;village
water_pipeline_leak,pipeline leakage;drinking water pipe burst;pipeline damaged;water leaking on road;underground pipeline leak;valve leakage;pipeline crack;water wastage due to leakage;water pressure loss because of leak;pipeline broken during road work;illegal pipeline connection;water flooding due to pipe burst;continuous water leakage;house connection leakage from main line;pipeline repair delayed;old pipeline damaged;water mixing with sewage due to leak;public complaint ignored;pipeline replacement request;damaged GI pipe;PVC pipeline leak;main line damaged;drinking water escaping continuously;leak affecting nearby houses;water logging from pipeline;emergency pipeline repair;pipeline valve failure;distribution line leak;service line damaged;pipeline maintenance pending,Commissioner / Executive Officer / BDO,District Collector,Director of Municipal Administration,MAWS Department,street_name;ward_number;village
water_new_connection,new drinking water connection;water connection application pending;new house water connection;commercial water connection;domestic water connection;connection rejected;water meter installation pending;deposit paid but connection not given;pipeline available but no connection;connection file pending;illegal refusal of connection;online application pending;connection after building approval;water connection after property purchase;temporary water connection;reconnection request;name transfer for water connection;change of connection category;duplicate connection issue;wrong consumer number;connection disconnected wrongly;water connection restoration;delay after payment;inspection not conducted;connection estimate pending;new apartment connection;individual connection request;shared connection dispute;water board not responding;appeal against rejection,Commissioner / Executive Officer / BDO,District Collector,Director of Municipal Administration,MAWS Department,application_number;door_number;street_name
sewer_connection,new sewer connection;underground drainage connection pending;UGD connection delayed;deposit paid but sewer connection not provided;new house sewer connection;commercial sewer connection;connection rejected;connection estimate pending;inspection pending;illegal refusal;reconnection request;name transfer for sewer connection;connection after building approval;pipeline available but not connected;shared sewer connection dispute;wrong consumer number;sewer connection disconnected;delay after payment;online application pending;UGD not extended to street;temporary sewer connection;connection approval pending;new apartment sewer connection;connection restoration;septic tank conversion to UGD;drain connection denied;drain not linked to main sewer;sewer line inaccessible;appeal against rejection;UGD service not started,Commissioner / Executive Officer / BDO,District Collector,Director of Municipal Administration,MAWS Department,application_number;door_number;street_name
drainage_sewage,sewage overflow;drain blocked;underground drainage blocked;manhole overflowing;open drain overflow;drain choke;septic overflow into street;house sewage backing up;drainage not cleaned;bad smell from drain;drain blocked due to garbage;stormwater entering sewer;sewer entering drinking water line;drain collapse;broken manhole cover;overflow during rain;drain maintenance pending;public health risk;mosquito breeding due to sewage;street flooded with sewage;illegal sewer connection;drain not constructed;damaged sewer pipeline;overflow affecting houses;overflow affecting school;overflow affecting hospital;drain not desilted;UGD maintenance issue;continuous sewage leakage;emergency drain cleaning,Commissioner / Executive Officer / BDO,District Collector,Director of Municipal Administration,MAWS Department,street_name;ward_number;village
stormwater_drain,stormwater drain blocked;stormwater drain not constructed;rainwater flooding;street flooding;water stagnation after rain;drain desilting pending;storm drain overflow;drain covered illegally;encroachment over storm drain;drain collapse;storm drain damaged during road work;poor rainwater drainage;road flooding;drain cleaning not done;storm drain maintenance delayed;new storm drain request;drain outlet blocked;drain missing in layout;storm drain design issue;waterlogging every monsoon;illegal waste dumped in drain;drain reconstruction request;public safety issue;broken drain slabs;overflow into houses;overflow into shops;rainwater not flowing;drain restoration pending;blocked culvert affecting drain;stormwater network failure,Commissioner / Executive Officer / BDO,District Collector,Director of Municipal Administration,MAWS Department,street_name;ward_number;village
garbage_sanitation,garbage not collected;garbage overflowing;door-to-door collection not done;public bin overflowing;illegal garbage dumping;medical waste dumped;dead animal not removed;street not cleaned;sanitation workers absent;garbage burning;solid waste not cleared;construction debris not removed;market waste not removed;garbage attracting dogs;garbage causing foul smell;unclean street;waste collection vehicle not coming;segregation not followed;public complaint ignored;overflowing community bin;garbage near school;garbage near hospital;garbage near temple;garbage in vacant land;garbage causing mosquito breeding;garbage collection irregular;plastic waste accumulation;bulk waste complaint;waste management failure;emergency garbage removal,Commissioner / Executive Officer / BDO,District Collector,Director of Municipal Administration,MAWS Department,street_name;ward_number;village
mosquito_menace,mosquito breeding;mosquito infestation;dengue mosquitoes;malaria mosquitoes;fogging not done;anti-larval spraying not done;stagnant water causing mosquitoes;mosquitoes from sewage;mosquitoes from vacant land;mosquitoes from construction site;public health complaint;mosquitoes near school;mosquitoes near hospital;mosquitoes due to garbage;vector control not done;corporation not spraying;mosquito control request;fumigation request;mosquito nuisance at night;mosquitoes in apartment;complex mosquito breeding;mosquitoes due to open drain;mosquitoes after rain;mosquitoes in park;mosquito complaint ignored;public health risk;repeated dengue cases;mosquito eradication request;larvae in stagnant water;health department action requested,Commissioner / Executive Officer / BDO,District Health Officer,District Collector,Director of Public Health,street_name;ward_number;village
street_light,street light not working;street light fused;street light pole damaged;LED street light not functioning;new street light request;street too dark;street light blinking;street light always on;street light always off;street light cable damaged;street light switch failure;street light timer issue;electric pole without light;public safety due to darkness;accident risk due to no street light;school road without street light;park street light not working;bus stop without street light;junction lighting inadequate;street light maintenance delayed;damaged street light bracket;broken street light glass;street light stolen;street light after cyclone not restored;underground cable fault;street light complaint ignored;unsafe road at night;high mast light not working;new pole required;replacement of old street lights,Commissioner / Executive Officer / BDO,District Collector,Director of Municipal Administration,MAWS Department,street_name;ward_number;village
road_repair,road damaged;road completely broken;pothole filled with water;road caved in;road surface peeled off;bitumen worn out;cement road damaged;village road damaged;urban road damaged;main road damaged;internal road damaged;road repair pending;road not repaired despite complaints;road dangerous for two-wheelers;road causing accidents;road damaged after pipeline work;road damaged after EB work;road cut not restored;uneven road surface;road sinking;road shoulder damaged;road washed away by rain;bad road affecting school children;bad road affecting ambulance;road causing traffic congestion;new road request;road relaying request;road restoration after utility work;road maintenance ignored;emergency road repair,Assistant Divisional Engineer (Highways),Divisional Engineer,Superintending Engineer,Chief Engineer (Highways),street_name;ward_number;village
potholes,large potholes;multiple potholes;deep potholes;water-filled potholes;pothole causing accidents;pothole causing bike skid;pothole near school;pothole near hospital;pothole on highway;pothole on bridge;pothole after rain;pothole not repaired;dangerous pothole;pothole causing vehicle damage;pothole causing traffic jam;continuous potholes;road crater;pothole after pipeline work;pothole after EB trench work;pothole near bus stop;pothole near junction;pothole complaint ignored;temporary patch damaged;pothole reopened;emergency pothole filling request;unsafe road condition;pothole causing pedestrian injuries;pothole affecting ambulance movement;pothole affecting buses;pothole maintenance pending,Assistant Divisional Engineer (Highways),Divisional Engineer,Superintending Engineer,Chief Engineer (Highways),street_name;ward_number;village
road_widening,road widening request;narrow road causing traffic;road widening pending;encroachments preventing widening;school road widening;hospital access road widening;village road widening;urban road widening;accident-prone narrow road;road widening after acquisition;road widening compensation pending;land acquisition issue;missing shoulder;traffic bottleneck;road widening proposal pending;bridge approach widening;junction widening;bus route widening;industrial area road widening;market road widening;heavy vehicle congestion;unsafe pedestrian movement;highway widening request;service road request;additional lane request;road expansion delayed;government approval pending;public representation for widening;road widening after court order;road alignment issue,Assistant Divisional Engineer (Highways),Divisional Engineer,Superintending Engineer,Chief Engineer (Highways),street_name;ward_number;village
culvert_damage,culvert damaged;culvert collapsed;broken culvert;culvert blocked;culvert overflow;culvert reconstruction needed;culvert washed away;culvert causing flooding;damaged village culvert;culvert unsafe for vehicles;culvert unsafe for pedestrians;culvert railing broken;culvert slab damaged;drain under culvert blocked;culvert maintenance delayed;culvert sinkhole;bridge culvert damage;new culvert request;temporary culvert failure;culvert after heavy rain;approach road damaged;water not flowing through culvert;culvert encroachment;culvert obstruction;public safety risk;culvert repair pending;culvert widening request;damaged irrigation culvert;collapsed cross-drainage work;culvert inspection request,Assistant Divisional Engineer (Highways),Divisional Engineer,Superintending Engineer,Chief Engineer (Highways),street_name;ward_number;village
bridge_damage,bridge damaged;bridge crack;bridge unsafe;bridge railing broken;bridge deck damaged;bridge expansion joint damaged;bridge approach road damaged;bridge settlement;bridge collapse risk;bridge washed away;bridge closed due to damage;bridge inspection request;bridge maintenance delayed;bridge vibration complaint;pedestrian bridge damaged;footbridge damaged;bridge lighting not working;bridge flood damage;bridge structural damage;bridge under repair for long time;bridge traffic restriction;bridge load capacity issue;bridge water leakage;bridge potholes;bridge parapet damaged;temporary bridge unsafe;bridge widening request;bridge reconstruction request;old bridge dangerous;emergency bridge repair,Assistant Divisional Engineer (Highways),Divisional Engineer,Superintending Engineer,Chief Engineer (Highways),bridge_name;village;taluk
footpath_encroachment,footpath encroached;shops occupying footpath;street vendors blocking footpath;illegal parking on footpath;construction materials on footpath;footpath inaccessible;pedestrians forced onto road;wheelchair access blocked;footpath damaged by encroachment;temporary stalls blocking walkway;permanent encroachment;hotel encroachment;footpath narrowed;public pathway blocked;hawkers blocking footpath;footpath converted into parking;illegal fencing;building steps on footpath;ramp obstructing pedestrians;advertisement boards blocking footpath;tree roots damaging footpath;unsafe footpath;footpath repair after encroachment removal;market footpath blocked;school footpath blocked;hospital footpath blocked;footpath cleanliness issue;footpath restoration request;remove illegal occupation;public access obstruction,Commissioner / Executive Officer / BDO,District Collector,Director of Municipal Administration,MAWS Department,street_name;ward_number;village
public_park_maintenance,park not maintained;park overgrown;park lights not working;play equipment damaged;walking track damaged;park benches broken;park toilets dirty;park drinking water unavailable;garbage inside park;park not cleaned;park closed without reason;park security issue;park fencing damaged;children play area unsafe;gym equipment damaged;park encroachment;illegal activities in park;stray dogs inside park;mosquito breeding in park;trees not maintained;grass not cut;watering not done;park gate damaged;public nuisance in park;park CCTV not working;park opening hours issue;park renovation delayed;park accessibility issue;new park request;park safety concern,Commissioner / Executive Officer / BDO,District Collector,Director of Municipal Administration,MAWS Department,street_name;ward_number;village
public_toilet,public toilet closed;public toilet dirty;toilet not cleaned;no water in toilet;toilet blocked;toilet overflowing;public toilet damaged;toilet lights not working;toilet lock broken;women's toilet unavailable;disabled toilet unavailable;toilet inaccessible;toilet maintenance ignored;toilet foul smell;toilet near bus stand unusable;toilet near market dirty;toilet near park closed;toilet fee overcharged;toilet attendant absent;handwashing facility unavailable;sanitary disposal unavailable;public urinal damaged;new public toilet request;mobile toilet request;toilet without electricity;public health issue;toilet reconstruction request;toilet cleanliness complaint;unsafe toilet conditions;emergency toilet maintenance,Commissioner / Executive Officer / BDO,District Collector,Director of Municipal Administration,MAWS Department,street_name;ward_number;village
property_tax_assessment,property tax assessed incorrectly;excess property tax demand;wrong annual rental value;incorrect plinth area;duplicate property tax assessment;property tax for demolished building;vacant land taxed as building;wrong usage classification;residential taxed as commercial;commercial taxed incorrectly;assessment revision request;new assessment pending;property tax objection;property tax appeal;incorrect owner details;wrong survey number;incorrect zone classification;tax calculated wrongly;unauthorised increase;arrears calculated wrongly;penalty charged incorrectly;property tax after building approval;property tax after subdivision;property tax exemption request;senior citizen concession issue;online property tax error;tax demand without notice;assessment register correction;tax mutation pending;property tax verification,Commissioner / Executive Officer,Regional Director,District Collector,Commissioner of Municipal Administration,assessment_number;door_number;street_name;ward_number
property_tax_name_transfer,property tax name transfer pending;ownership not updated after sale deed;name transfer after inheritance;name transfer after legal heir certificate;name transfer after gift deed;name transfer after settlement deed;name transfer after partition;name transfer after court decree;old owner's name continues;duplicate owner records;wrong owner entered;application pending;application rejected;online mutation pending;documents submitted but no action;property purchased but tax not transferred;joint owner transfer;deceased owner still shown;name spelling correction;owner Aadhaar mismatch;property tax account correction;consumer ID mismatch;property tax transfer delayed;appeal against rejection;mutation after registration pending;property transfer records not updated;assessment not transferred;change in ownership not reflected;property tax portal error;manual records mismatch,Commissioner / Executive Officer,Regional Director,District Collector,Commissioner of Municipal Administration,assessment_number;door_number;street_name;ward_number;document_number
building_tax_revision,building tax revision request;excess building tax;wrong tax calculation;incorrect plinth area;building tax increased suddenly;annual value calculated wrongly;residential assessed as commercial;vacant building taxed;old building taxed as new;renovation not reflected;partial demolition not considered;tax revision application pending;tax appeal;tax correction after court order;wrong building usage;duplicate assessment;incorrect floor area;tax exemption not granted;senior citizen concession denied;building tax mutation pending;wrong owner in assessment;penalty charged wrongly;arrears calculated incorrectly;online assessment error;manual record mismatch;tax demand without notice;reassessment request;property inspection not conducted;tax objection pending;building classification error,Commissioner / Executive Officer,Regional Director,District Collector,Commissioner of Municipal Administration,assessment_number;door_number;street_name;ward_number
illegal_construction,unauthorised construction;building without approval;illegal additional floor;encroachment into setback;construction violating approved plan;building without planning permission;commercial use in residential building;illegal basement;construction on public land;construction on waterbody;construction on road margin;unsafe illegal structure;builder violating approval;illegal apartment construction;construction despite stop-work notice;complaint against builder;unauthorised terrace construction;illegal compound wall;illegal demolition;construction causing neighbour damage;construction blocking drainage;construction blocking road;fire safety violations;CMDA violation;DTCP violation;building height violation;construction after approval expired;layout rule violation;planning authority not acting;remove illegal construction,Commissioner / Executive Officer,Regional Director,District Collector,Director of Town and Country Planning,door_number;street_name;ward_number;survey_number
building_plan_approval,building plan approval pending;building approval delayed;plan rejected;approval file pending;CMDA approval pending;DTCP approval pending;building permit pending;plan scrutiny delayed;resubmission pending;additional documents requested;approval after court order;online application pending;building licence pending;planning permission delayed;commercial building approval;residential building approval;industrial building approval;approval fees paid but no action;revision approval pending;layout approval linked;fire NOC pending;airport NOC pending;high-rise approval delayed;name correction in approval;survey mismatch in application;FMB mismatch;approval appeal;building permit renewal;temporary building approval;approval status not updated,Commissioner / Executive Officer,Regional Director,District Collector,Director of Town and Country Planning,application_number;door_number;street_name;ward_number;survey_number
building_plan_violation,approved plan violated;extra floor constructed;setback violation;FSI violation;building height exceeded;commercial activity in residential building;parking converted to shops;staircase blocked;illegal balcony;illegal projection;illegal basement;illegal terrace room;compound wall encroachment;planning permission violated;builder deviated from plan;occupancy without approval;completion certificate obtained fraudulently;unsafe deviation;fire escape blocked;common area encroachment;public complaint against builder;illegal apartment modification;neighbour affected by deviation;rainwater harvesting not provided;septic tank violation;stormwater drain blocked by construction;lift provision violated;green space removed;DTCP norms violated;CMDA norms violated,Commissioner / Executive Officer,Regional Director,District Collector,Director of Town and Country Planning,door_number;street_name;ward_number;survey_number
eb_new_connection,new electricity connection pending;domestic EB connection;commercial EB connection;agricultural service connection;industrial connection;temporary EB connection;name transfer pending;security deposit paid but connection not given;service line not extended;meter installation delayed;pole erection pending;transformer capacity issue;application rejected;online application pending;estimate not issued;estimate paid but work not started;reconnection request;split service connection;load enhancement with new connection;new apartment connection;new house EB connection;connection after building approval;connection after property purchase;illegal refusal of connection;application status not updated;service connection delayed for months;electricity not energized;inspection pending;appeal against rejection;consumer number not generated,Assistant Engineer (TANGEDCO),Assistant Executive Engineer,Executive Engineer,Superintending Engineer,application_number;door_number;street_name
eb_billing,excess electricity bill;wrong EB reading;meter reading not taken;average bill issued incorrectly;duplicate bill;bill generated despite disconnection;wrong tariff applied;commercial tariff for residential;incorrect subsidy;high consumption shown;faulty billing software;bill correction request;arrears wrongly added;penalty wrongly imposed;late fee dispute;meter reading mismatch;online payment not updated;payment made but not reflected;bill not generated;bill delivered late;consumer number mismatch;Aadhaar linkage issue;smart meter billing issue;bill revision request;new meter not updated;incorrect fixed charges;wrong connected load;solar adjustment not given;net metering not reflected;billing complaint unresolved,Assistant Engineer (TANGEDCO),Assistant Executive Engineer,Executive Engineer,Superintending Engineer,consumer_number;meter_number
eb_meter_fault,meter not working;meter stopped;meter running fast;meter running slow;burnt meter;damaged meter;meter display blank;smart meter fault;meter seal broken;meter replacement pending;meter testing request;meter reading impossible;meter sparking;meter overheating;meter box damaged;meter shifted without approval;meter installed incorrectly;meter connected wrongly;meter reading dispute;old meter not replaced;consumer requesting new meter;digital display failed;tamper indication wrongly shown;meter calibration request;billing due to faulty meter;three-phase meter fault;single-phase meter issue;meter inspection pending;meter repair delayed;consumer safety concern,Assistant Engineer (TANGEDCO),Assistant Executive Engineer,Executive Engineer,Superintending Engineer,consumer_number;meter_number
eb_low_voltage,low voltage;voltage fluctuation;high voltage fluctuation;appliances damaged due to voltage;fan not running properly;motor not starting;air conditioner not working due to low voltage;pump cannot run;street experiencing low voltage;industrial low voltage;frequent voltage drop;voltage imbalance;single phasing;neutral failure;transformer overloaded;additional transformer required;line upgrade request;cable size inadequate;voltage complaint ignored;night-time voltage drop;daytime voltage fluctuation;agricultural motor affected;commercial establishment affected;school affected;hospital affected;power quality issue;voltage survey request;service wire problem;distribution line overloaded;voltage improvement request,Assistant Engineer (TANGEDCO),Assistant Executive Engineer,Executive Engineer,Superintending Engineer,consumer_number;meter_number;street_name
eb_power_cut,frequent power cuts;unscheduled power cut;daily power interruption;long power outage;power cut without notice;night power cut;daytime outage;power not restored after rain;power not restored after cyclone;feeder fault;transformer trip;line fault;fuse blown;distribution failure;village without electricity;street without power;industrial power outage;hospital area outage;school area outage;maintenance taking too long;power restoration delayed;repeated outages;voltage returns intermittently;power cut affecting water supply;planned shutdown not informed;emergency outage;consumer complaint ignored;load shedding issue;power cut causing business loss;continuous electricity interruption,Assistant Engineer (TANGEDCO),Assistant Executive Engineer,Executive Engineer,Superintending Engineer,street_name;village
eb_transformer_issue,transformer overloaded;transformer damaged;transformer burnt;transformer oil leakage;transformer sparking;transformer making noise;transformer smoking;new transformer required;transformer capacity inadequate;transformer replacement pending;transformer tilted;unsafe transformer;transformer near house;transformer fencing damaged;transformer explosion;transformer not repaired;frequent transformer failure;distribution transformer overloaded;HT transformer issue;LT transformer issue;transformer causing voltage fluctuation;transformer maintenance delayed;public safety concern;school near unsafe transformer;hospital feeder transformer issue;transformer after cyclone damaged;pole-mounted transformer unsafe;transformer earthing issue;transformer installation request;emergency transformer replacement,Assistant Engineer (TANGEDCO),Assistant Executive Engineer,Executive Engineer,Superintending Engineer,street_name;village
eb_dangerous_line,live wire hanging low;electric line touching house;HT line passing over house;LT line too close to building;electric wire snapped;live wire on road;electric shock risk;unsafe overhead line;electric pole leaning;broken insulator;wire sparking;wire touching balcony;wire touching terrace;wire too close to school;wire too close to hospital;wire touching tree branches;wire fallen after rain;wire fallen after cyclone;public safety risk;children exposed to live wire;pole about to fall;wire sagging dangerously;wire causing fire hazard;wire over agricultural field;HT line clearance issue;LT line clearance issue;complaint ignored by EB;urgent electrical hazard;unsafe electrical infrastructure;emergency line repair,Assistant Engineer (TANGEDCO),Assistant Executive Engineer,Executive Engineer,Superintending Engineer,street_name;village
eb_tree_touching_line,tree branches touching EB line;tree causing power interruption;tree branch on HT line;tree branch on LT line;tree trimming request;branches causing sparking;tree likely to fall on line;rain causing tree contact;tree touching transformer;danger due to overgrown trees;vegetation clearance pending;tree causing voltage fluctuation;tree causing repeated outages;tree blocking maintenance;dry branches touching wire;public safety concern;school area tree touching line;hospital feeder affected;tree pruning delayed;fire risk from tree contact;tree contact after cyclone;complaint ignored;emergency tree trimming;wire entangled in tree;municipality not coordinating;forest tree touching line;private tree causing EB hazard;branch fell on line;line damaged by tree;urgent vegetation removal,Assistant Engineer (TANGEDCO),Assistant Executive Engineer,Executive Engineer,Superintending Engineer,street_name;village
police_inaction,FIR not registered;CSR issued but FIR not filed;police refusing complaint;no action after complaint;investigation delayed;accused not arrested;police not responding;petition ignored;complaint closed without enquiry;biased investigation;police demanding bribe;station refusing jurisdiction;witness not examined;evidence ignored;CCTV not collected;delay in filing charge sheet;police protecting accused;repeated representation ignored;no acknowledgement of complaint;police threatening complainant;status not provided;complaint marked as civil dispute incorrectly;woman complaint ignored;cyber complaint ignored;land grabbing complaint ignored;petition pending for months;SP petition ignored;poor investigation;case diary not updated;request for fair investigation,Inspector of Police,Deputy Superintendent of Police,Superintendent of Police / Commissioner of Police,Deputy Inspector General of Police,police_station;fir_number
mobile_theft,mobile phone stolen;iphone stolen;samsung phone stolen;vivo phone stolen;oppo phone stolen;oneplus phone stolen;realme phone stolen;redmi phone stolen;phone snatched;phone pickpocketed;phone stolen in bus;phone stolen in train;phone stolen in auto;phone stolen in college;phone stolen in office;phone stolen at temple;phone stolen at hospital;phone stolen in market;phone stolen during festival;phone stolen from home;IMEI blocking request;SIM misuse after theft;UPI used after theft;phone tracking request;find stolen mobile;stolen tablet;smartwatch stolen with phone;FIR for mobile theft;insurance claim for stolen mobile;recover stolen phone,Inspector of Police,Deputy Superintendent of Police,Superintendent of Police / Commissioner of Police,Deputy Inspector General of Police,police_station;fir_number;phone_details
vehicle_theft,bike stolen;scooter stolen;motorcycle stolen;Activa stolen;Royal Enfield stolen;car stolen;SUV stolen;auto rickshaw stolen;tractor stolen;lorry stolen;electric scooter stolen;bicycle stolen;vehicle stolen from parking;vehicle stolen from apartment;vehicle stolen from office;vehicle stolen from railway station;vehicle stolen from bus stand;vehicle stolen at night;duplicate key theft;vehicle documents stolen with vehicle;RC inside vehicle;GPS tracking request;vehicle dismantled;fake number plate suspected;vehicle recovered damaged;insurance FIR required;vehicle not traced;vehicle theft investigation delayed;commercial vehicle stolen;recover stolen vehicle,Inspector of Police,Deputy Superintendent of Police,Superintendent of Police / Commissioner of Police,Deputy Inspector General of Police,police_station;fir_number;vehicle_number
house_break_theft,house burglary;house break-in;lock broken;door broken;window broken;gold jewellery stolen;cash stolen;laptop stolen;television stolen;mobile stolen from house;documents stolen;locker broken;safe opened;silver articles stolen;burglary during travel;burglary at night;burglary during daytime;apartment burglary;independent house burglary;tenant suspected;domestic help suspected;CCTV footage available;fingerprint examination requested;insurance claim FIR;repeat burglary;attempted burglary;valuables missing;property damaged during theft;investigation delayed;recover stolen property,Inspector of Police,Deputy Superintendent of Police,Superintendent of Police / Commissioner of Police,Deputy Inspector General of Police,police_station;fir_number;property_details
chain_snatching,gold chain snatched;mangalsutra snatched;necklace snatched;bike-borne snatching;chain snatched while walking;chain snatched near temple;chain snatched near bus stop;elderly victim;woman attacked for chain;violent robbery;neck injury during snatching;snatching at night;snatching in daylight;repeat snatching area;CCTV available;accused escaped on bike;public chased accused;chain recovered request;FIR not registered;investigation delayed;insurance certificate required;witness available;helmeted offenders;snatching near residence;snatching near market;police patrol inadequate;habitual offenders suspected;gold ornament robbery;attempt to snatch chain;complaint ignored,Inspector of Police,Deputy Superintendent of Police,Superintendent of Police / Commissioner of Police,Deputy Inspector General of Police,police_station;fir_number;property_details
cybercrime,UPI fraud;PhonePe fraud;Google Pay fraud;Paytm fraud;credit card fraud;debit card fraud;internet banking fraud;OTP fraud;phishing email;fake website;QR code scam;investment scam;crypto scam;Telegram scam;WhatsApp hacking;Instagram account hacked;Facebook hacked;online shopping fraud;OLX fraud;job scam;loan app fraud;sextortion;identity theft;SIM swap fraud;Aadhaar misuse;PAN misuse;fake customer care;remote access app fraud;digital arrest scam;ransomware complaint,Inspector of Police (Cyber Crime),Deputy Superintendent of Police (Cyber Crime),Superintendent of Police / Commissioner of Police,"Cyber Crime Wing, Tamil Nadu",police_station;fir_number;transaction_date;bank_name
online_fraud,online payment fraud;e-commerce fraud;fake seller;fake buyer;marketplace scam;UPI payment scam;refund scam;non-delivery after payment;fake courier message;fake parcel scam;bank KYC scam;credit card phishing;investment website fraud;MLM fraud;online lottery scam;matrimonial fraud;romance scam;social media marketplace fraud;freelance payment scam;fake ticket booking;hotel booking scam;travel booking fraud;event ticket fraud;food delivery fraud;wallet fraud;subscription fraud;fake app fraud;customer care fraud;advance payment scam;online cheating,Inspector of Police (Cyber Crime),Deputy Superintendent of Police (Cyber Crime),Superintendent of Police / Commissioner of Police,"Cyber Crime Wing, Tamil Nadu",police_station;fir_number;transaction_date;bank_name
missing_person,missing child;missing woman;missing elderly person;missing adult;person missing after travel;person missing after accident;person missing with mental illness;Alzheimer's patient missing;student missing;worker missing;runaway child;missing family member;missing from hospital;missing from shelter home;missing after flood;last seen at railway station;last seen at bus stand;last seen at school;last seen at workplace;missing tourist;trace missing person;police not registering missing complaint;Hue and Cry notice request;photograph submitted;CCTV verification request;mobile location request;suspected kidnapping;missing senior citizen;missing differently abled person;urgent tracing request,Inspector of Police,Deputy Superintendent of Police,Superintendent of Police / Commissioner of Police,Deputy Inspector General of Police,police_station;fir_number;missing_person_name;person_age;last_seen_details
accident_fir,road accident FIR not registered;motorcycle accident complaint;car accident FIR delay;lorry accident;hit and run accident;pedestrian accident;fatal accident;injury accident;bus accident;school bus accident;ambulance accident;drunk driving accident;rash driving complaint;negligent driving;accident investigation delayed;CCTV not collected;accused driver absconding;vehicle seized but FIR pending;insurance claim requires FIR;MVI report pending;witness statement not recorded;wrong IPC sections applied;accident sketch not prepared;charge sheet delayed;police refusing FIR;collision with government vehicle;accident near highway;accident due to pothole;accident due to stray cattle;request for fair investigation,Inspector of Police,Deputy Superintendent of Police,Superintendent of Police / Commissioner of Police,Deputy Inspector General of Police,police_station;fir_number;vehicle_number
domestic_violence,domestic violence by husband;physical assault by spouse;mental harassment;verbal abuse;economic abuse;dowry harassment;threat to life;domestic violence against elderly mother;violence by in-laws;continuous harassment;wife driven out of house;child witnessing domestic violence;protection order request;police not taking action;medical assistance required;shelter home request;maintenance denied;repeat domestic violence;forced eviction from matrimonial home;destruction of personal property;threat with weapon;intimidation;restraining order request;counselling request;FIR not registered;domestic violence complaint ignored;emergency protection required;pregnant woman assaulted;NRI husband abuse;cyber harassment by spouse,"Inspector, All Women Police Station",Deputy Superintendent of Police,Superintendent of Police / Commissioner of Police,District Social Welfare Officer,police_station;fir_number
women_harassment,eve teasing;sexual harassment;stalking;online harassment;cyber stalking;workplace harassment;public harassment;harassment in bus;harassment in train;harassment in college;harassment in school;harassment by neighbour;obscene phone calls;threatening messages;blackmail;morphing photographs;social media abuse;voyeurism;public nuisance targeting women;attempt to outrage modesty;harassment by employer;harassment by colleague;police refusing complaint;unsafe public place;repeat offender;harassment near bus stop;harassment near workplace;college complaint ignored;request police protection;urgent action against accused,"Inspector, All Women Police Station",Deputy Superintendent of Police,Superintendent of Police / Commissioner of Police,District Social Welfare Officer,police_station;fir_number
sc_st_atrocity,caste abuse;caste discrimination;SC/ST Atrocities Act complaint;social boycott;assault due to caste;land grabbing targeting SC/ST;denial of temple entry;denial of burial rights;refusal of public services;forced humiliation;caste-based threats;damage to property;caste abuse on social media;police refusing FIR;wrong sections applied;atrocity investigation delayed;compensation not paid;rehabilitation delayed;witness intimidation;discrimination in school;discrimination in workplace;untouchability practice;false caste certificate misuse;attack on SC colony;attack on ST family;public insult;forced eviction;community violence;special court delay;request protection,Inspector of Police,Deputy Superintendent of Police,Superintendent of Police / Commissioner of Police,District Adi Dravidar and Tribal Welfare Officer,police_station;fir_number
neighbour_dispute,boundary dispute;compound wall dispute;illegal construction by neighbour;water drainage dispute;sewage discharge into property;tree branches causing damage;noise from neighbour;parking dispute;pet nuisance;encroachment by neighbour;shared pathway dispute;common wall dispute;harassment by neighbour;threats by neighbour;illegal CCTV facing property;burning garbage;smoke nuisance;illegal borewell affecting property;construction damage to adjacent building;rainwater discharge issue;common well dispute;fence dispute;gate obstruction;access road blocked;verbal abuse;continuous nuisance;property damage by neighbour;police not acting;mediation request;civil dispute representation,Tahsildar,Revenue Divisional Officer,Inspector of Police,District Collector,police_station
noise_pollution,loudspeaker noise;marriage hall noise;temple loudspeaker;mosque loudspeaker;church loudspeaker;DJ sound;industrial noise;generator noise;construction noise;bar noise;pub noise;night-time noise;firecracker nuisance;vehicle modified silencer noise;continuous horn noise;factory machinery noise;compressor noise;noise near hospital;noise near school;noise beyond permitted hours;police not acting;corporation not acting;noise from apartment;noise from diesel generator;public event noise;festival noise;religious event noise;sound pollution complaint;repeated disturbance;request enforcement,Inspector of Police,Commissioner / Executive Officer,Tamil Nadu Pollution Control Board - District Environmental Engineer,District Collector,street_name;village
stray_animals,stray dogs attacking people;dog bite risk;stray cattle on road;stray pigs;monkey menace;stray horses;abandoned animals;rabid dog suspected;dog sterilization request;dog vaccination request;cattle causing accidents;animals blocking traffic;dead animal removal;injured stray animal;cow entering school;buffalo on highway;street dogs chasing children;dog pack menace;animal nuisance near hospital;animal nuisance near market;garbage attracting stray animals;snake rescue request;wild boar entering village;animal rescue delayed;corporation not responding;public safety concern;dog population control;livestock wandering on roads;stray animal complaint ignored;emergency capture request,Commissioner / Executive Officer / BDO,District Animal Husbandry Officer,District Collector,Society for Prevention of Cruelty to Animals (where applicable),street_name;ward_number;village
government_hospital_service,poor treatment in government hospital;doctor absent;doctor refused treatment;nurse misconduct;long waiting time;operation delayed;admission denied;bed unavailable;ICU bed unavailable;oxygen unavailable;diagnostic delay;laboratory delay;scan not available;medicine not available;equipment not working;ambulance unavailable;hospital cleanliness issue;bribe demanded;medical records not issued;discharge delayed;poor patient care;wrong billing in government hospital;specialist unavailable;referral delay;dialysis unavailable;blood shortage;staff shortage;patient neglected;hospital complaint ignored;request enquiry,Medical Superintendent,Joint Director of Health Services,Director of Medical and Rural Health Services,District Collector,hospital_name;patient_name;visit_date
phc_service,primary health centre closed;doctor absent at PHC;nurse absent;vaccination unavailable;immunization delayed;medicine shortage;pregnancy check-up unavailable;lab technician absent;ANM absent;poor sanitation;delivery service unavailable;referral not given;ambulance delayed;PHC timings not followed;health records missing;staff shortage;health camp not conducted;equipment unavailable;blood test unavailable;malaria testing unavailable;TB treatment delayed;fever clinic unavailable;public health nurse absent;village health service poor;medical officer absent;patient denied treatment;emergency care unavailable;PHC building damaged;complaint ignored;request inspection,"Medical Officer, PHC",Block Medical Officer,Deputy Director of Health Services,District Collector,hospital_name;patient_name;visit_date
ambulance_delay,108 ambulance delayed;ambulance not arrived;ambulance unavailable;ambulance driver refused;ambulance reached wrong location;delay in emergency transport;patient died waiting for ambulance;ambulance breakdown;ambulance GPS issue;private ambulance overcharging;government ambulance unavailable;neonatal ambulance delayed;pregnant woman ambulance delay;accident victim ambulance delay;critical patient transport delay;inter-hospital transfer delayed;ambulance staff misconduct;oxygen unavailable in ambulance;ambulance not responding;call centre issue;wrong patient pickup;ambulance route delay;vehicle unavailable;response time excessive;ambulance complaint;emergency transport denied;dialysis patient transport delay;cancer patient transport issue;stroke emergency delay;cardiac emergency ambulance delay,District EMS Coordinator (108),Deputy Director of Health Services,Joint Director of Health Services,District Collector,village;taluk;incident_time
medicine_unavailable,medicine not available in government hospital;prescribed medicine out of stock;essential drugs unavailable;lifesaving medicine unavailable;insulin not available;BP medicine unavailable;diabetes medicine unavailable;cancer medicine unavailable;TB medicine unavailable;HIV medicine unavailable;pharmacy refused issue;medicine stock exhausted;generic medicine unavailable;drug substitute not available;emergency medicine unavailable;free medicine denied;hospital asking to buy outside;drug distribution delay;pharmacy closed;medicine expired;wrong medicine issued;insufficient quantity supplied;medicine unavailable for months;drug supply complaint;hospital pharmacy mismanagement;medicine indent pending;stock register discrepancy;medicine not issued despite prescription;complaint against government pharmacy;essential drug shortage,Medical Superintendent,Joint Director of Health Services,Director of Medical and Rural Health Services,District Collector,hospital_name;patient_name;visit_date
school_admission,school admission denied;RTE admission denied;government school admission delayed;admission application pending;wrong age rejection;TC not accepted;transfer admission delayed;documents verified but admission not granted;seat denied despite vacancy;discrimination in admission;minority quota issue;special category admission;admission after transfer;admission after migration;admission refused without reason;school demanding unnecessary documents;online admission portal issue;neighbourhood school denial;admission for differently abled child;late admission request;school refusing re-admission;headmaster not accepting application;appeal against admission rejection;school allocation issue;class allotment pending;student left without admission;admission under government quota delayed;school refusing eligible child;admission grievance;education department intervention requested,Headmaster,Block Educational Officer,Chief Educational Officer,District Collector,school_name;student_name;class_standard
school_fee_complaint,excess school fees;unauthorised fee collection;capitation fee demanded;building fund collected illegally;transport fee dispute;uniform purchased compulsorily;books sold compulsorily;hidden charges;exam fee overcharged;late fee penalty dispute;receipt not issued;fee despite RTE admission;double fee collected;annual fee excessive;special fee complaint;hostel fee dispute;refund not given;illegal donation demanded;school threatening student for fees;student denied hall ticket for fees;student sent home for non-payment;fee committee violation;school not following government order;fee hike without approval;digital payment issue;scholarship not adjusted;fee concession denied;tuition fee dispute;complaint against private school;education department intervention,District Educational Officer,Chief Educational Officer,Director of School Education,District Collector,school_name;student_name;class_standard
teacher_shortage,teacher vacancy;no mathematics teacher;no science teacher;no English teacher;no Tamil teacher;no computer teacher;guest teacher not appointed;single teacher school;teacher transferred without replacement;teacher absent regularly;classes merged due to shortage;students affected;board exam preparation affected;special educator unavailable;PET teacher unavailable;art teacher unavailable;music teacher unavailable;higher secondary teacher shortage;laboratory instructor unavailable;teacher post vacant for months;student-teacher ratio poor;education quality affected;request additional teachers;temporary teacher appointment;school functioning with inadequate staff;rural school teacher shortage;government sanction pending;CEO not filling vacancies;teaching hours reduced;urgent teacher appointment,Headmaster,Block Educational Officer,Chief Educational Officer,Director of School Education,school_name;village;taluk
school_infrastructure,classroom damaged;roof leaking;school building unsafe;toilet unavailable;girls toilet unavailable;drinking water unavailable;compound wall damaged;playground not maintained;desks insufficient;benches broken;electricity unavailable;fans not working;lights not working;laboratory unavailable;library unavailable;smart classroom not functioning;internet unavailable;ramp unavailable;disabled access missing;kitchen damaged;midday meal kitchen unsafe;school bus facility unavailable;school gate damaged;boundary wall missing;school flooded;unsafe staircase;classroom overcrowded;building repair pending;new classroom requested;school renovation delayed,Headmaster,Block Educational Officer,Chief Educational Officer,District Collector,school_name;village;taluk
noon_meal_scheme,poor quality noon meal;insufficient quantity;spoiled food;worms in food;food poisoning;menu not followed;egg not supplied;banana not supplied;milk not supplied;cook absent;kitchen unhygienic;plates not cleaned;students denied meal;meal served late;rice of poor quality;vegetables not supplied;cooking gas unavailable;midday meal funds misused;attendance manipulation;meal contractor complaint;food stock shortage;water unavailable for cooking;children falling sick;meal discrimination;meal not served regularly;government norms violated;complaint ignored;school not maintaining records;nutrition standards not followed;inspection requested,Headmaster,Block Educational Officer,Chief Educational Officer,District Collector,school_name;village;taluk
anganwadi_service,anganwadi closed;anganwadi worker absent;helper absent;nutrition not supplied;take-home ration not supplied;pregnant women nutrition denied;children nutrition delayed;preschool education poor;building damaged;toilet unavailable;drinking water unavailable;growth monitoring not conducted;vaccination support unavailable;anganwadi timing violation;beneficiary omitted;register not maintained;malnutrition complaint;food quality poor;cooking hygiene poor;building unsafe;play materials unavailable;children denied admission;ICDS benefits delayed;worker misconduct;center shifted without notice;nutrition stock shortage;health check-up not conducted;complaint ignored;new anganwadi requested;inspection requested,Child Development Project Officer,District Programme Officer (ICDS),District Collector,Director of Social Welfare,centre_name;village;taluk
scholarship_delay,scholarship not credited;post-matric scholarship pending;pre-matric scholarship pending;SC scholarship delayed;ST scholarship delayed;BC scholarship delayed;MBC scholarship delayed;minority scholarship delayed;college scholarship pending;school scholarship pending;application verified but payment not made;bank account mismatch;Aadhaar mismatch;NPCI mapping issue;income certificate issue;community certificate issue;renewal scholarship delayed;fresh scholarship delayed;portal error;documents verified but status pending;duplicate application;scholarship rejected wrongly;appeal pending;institution not verifying application;student unable to continue studies;fee reimbursement delayed;hostel scholarship delayed;merit scholarship delayed;central scholarship pending;state scholarship pending,District Educational Officer,Chief Educational Officer,Director of School Education,District Collector,application_number;student_name;institution_name
college_certificate,degree certificate delayed;provisional certificate delayed;consolidated marksheet delayed;semester marksheet not issued;transfer certificate delayed;migration certificate delayed;conduct certificate delayed;bonafide certificate delayed;duplicate certificate request;name correction in certificate;DOB correction;university not issuing certificate;college withholding certificates;certificate lost;certificate damaged;digital certificate unavailable;verification pending;certificate needed for job;certificate needed for higher studies;certificate dispatch delayed;convocation certificate pending;revaluation result pending;course completion certificate delayed;NOC pending;transcript delayed;student records mismatch;college closed;certificate printing error;certificate not signed;urgent certificate request,Principal,Registrar,Controller of Examinations,Vice-Chancellor,institution_name;course_name;year_of_passing
bus_service,bus not operating;bus frequency low;bus overcrowded;bus skipped stop;bus not stopping;route not available;last bus too early;first bus too late;bus breakdown frequently;poor bus timing;school bus timing issue;college bus issue;women safety in bus;conductor misbehaviour;driver rash driving;ticket not issued;bus pass not accepted;bus route cancellation;new bus route request;additional buses required;rural bus shortage;city bus delay;night bus unavailable;weekend service unavailable;bus not accessible for disabled;bus cleanliness poor;AC bus not functioning;bus shelter unavailable;complaint ignored by depot;transport service improvement requested,Branch Manager (TNSTC/MTC Depot),General Manager (Region),Managing Director (TNSTC/MTC),District Collector,bus_route;from_place;to_place
bus_stop_request,new bus stop request;bus not stopping at village;relocate bus stop;bus shelter required;unsafe bus stop;school students need bus stop;hospital bus stop request;industrial area bus stop;college bus stop;old bus stop removed;temporary bus stop needed;bus stop too far;senior citizens affected;disabled passengers affected;bus stop board missing;bus stop without lighting;bus stop without seating;bus stop not notified;MTC bus not stopping;TNSTC bus not stopping;express bus stop request;town bus stop request;rural bus stop request;public representation for bus stop;bus stop near railway station;bus stop near temple;bus stop near market;bus stop causing traffic;unsafe pedestrian crossing near stop;bus stop approval pending,Branch Manager (TNSTC/MTC Depot),General Manager (Region),Managing Director (TNSTC/MTC),District Collector,village;taluk;street_name
driving_licence_delay,driving licence pending;DL not issued;learner licence pending;smart card licence delayed;licence renewal delayed;duplicate licence delayed;international driving permit pending;address change pending;name correction pending;DOB correction pending;biometric verification pending;driving test completed but licence not issued;slot unavailable;application under scrutiny;medical certificate issue;licence dispatched but not received;licence printing delay;licence lost;licence damaged;licence suspended wrongly;online application pending;Sarathi portal issue;driving test reschedule;endorsement pending;transport licence delayed;badge issue;licence rejected wrongly;appeal against rejection;urgent licence for employment;licence verification pending,Regional Transport Officer,Joint Transport Commissioner (Region),Transport Commissioner,District Collector,application_number;rto_office
vehicle_registration_delay,RC not issued;vehicle registration pending;temporary registration expired;permanent registration delayed;smart RC delayed;hypothecation update pending;hypothecation removal pending;owner name transfer pending;address change pending;duplicate RC pending;fitness certificate linked issue;road tax updated but RC pending;dealer submitted papers but RC not issued;registration rejected;vehicle inspection pending;engine number mismatch;chassis number mismatch;BH registration issue;fancy number allotment delay;NOC pending;vehicle registration after inheritance;registration after court order;registration certificate lost;RC correction pending;online Vahan issue;vehicle transfer pending;commercial vehicle registration delayed;registration fee paid but RC not issued;appeal against rejection;urgent RC required,Regional Transport Officer,Joint Transport Commissioner (Region),Transport Commissioner,District Collector,application_number;rto_office;vehicle_number
birth_certificate_delay,birth certificate not issued;birth registration pending;hospital not uploaded birth details;municipality not issuing certificate;corporation delay;late registration pending;birth certificate urgently required;birth record missing;application pending;online certificate unavailable;certificate not digitally signed;birth certificate for passport delayed;birth certificate for school admission;verification pending;hospital record mismatch;child name not entered;certificate printing delayed;duplicate certificate pending;appeal against delay;newborn registration not completed;manual record not digitized;status not updated;birth entry missing;certificate dispatch delayed;delay after payment;certificate rejected wrongly;village birth registration pending;urban birth registration pending;certificate not traceable;urgent birth proof required,Registrar of Births and Deaths,Health Officer / Municipal Commissioner,District Registrar of Births & Deaths,District Collector,person_name;event_date;place_of_event
birth_certificate_correction,name correction in birth certificate;DOB correction;father name correction;mother name correction;gender correction;place of birth correction;hospital name correction;spelling mistake;duplicate birth entry;birth registered twice;birth record mismatch;wrong child details;late name inclusion;religion correction;address correction;certificate correction after court order;certificate damaged;certificate lost;digital record mismatch;manual record correction;supporting documents submitted;application pending;application rejected;appeal against rejection;certificate verification pending;QR code error;birth ID mismatch;incorrect registration number;certificate not updated online;correction request delayed,Registrar of Births and Deaths,Health Officer / Municipal Commissioner,District Registrar of Births & Deaths,District Collector,person_name;event_date;registration_number
death_certificate_delay,death certificate not issued;death registration pending;hospital not reporting death;certificate delayed;certificate urgently required;death certificate for pension;death certificate for insurance;death certificate for legal heir;death record missing;application pending;online certificate unavailable;certificate printing delayed;duplicate certificate pending;verification pending;manual record not digitized;certificate dispatch delayed;certificate not traceable;late registration pending;urban death registration delayed;rural death registration delayed;status not updated;delay after payment;certificate rejected wrongly;hospital records mismatch;burial record mismatch;cremation record mismatch;urgent death proof required;appeal against delay;death entry missing;certificate not digitally signed,Registrar of Births and Deaths,Health Officer / Municipal Commissioner,District Registrar of Births & Deaths,District Collector,person_name;event_date;place_of_event
death_certificate_correction,name correction in death certificate;date of death correction;place of death correction;age correction;gender correction;father name correction;spouse name correction;address correction;cause of death correction;hospital name correction;duplicate death entry;wrong registration number;certificate damaged;certificate lost;manual record correction;digital record mismatch;application pending;application rejected;appeal against rejection;certificate verification pending;QR code error;certificate not updated online;wrong deceased person entered;supporting documents submitted;court order correction;late correction request;record mismatch;certificate printing error;certificate not downloadable;death register correction,Registrar of Births and Deaths,Health Officer / Municipal Commissioner,District Registrar of Births & Deaths,District Collector,person_name;event_date;registration_number
marriage_registration,marriage registration pending;marriage certificate not issued;Hindu marriage registration;Special Marriage Act registration;Christian marriage registration;Muslim marriage registration;inter-caste marriage registration;inter-religion marriage registration;late marriage registration;certificate delayed;certificate correction;spouse name correction;DOB correction;address correction;witness issue;application rejected;online application pending;certificate not downloadable;duplicate marriage certificate;certificate lost;certificate damaged;verification pending;marriage registrar absent;appointment unavailable;marriage registration after court order;foreign marriage registration;NRI marriage registration;urgent certificate required;marriage registration appeal;certificate printing delay,Sub-Registrar,District Registrar,Deputy Inspector General of Registration,Inspector General of Registration,husband_name;wife_name;marriage_date;registration_office
document_registration_delay,sale deed registration pending;settlement deed registration pending;gift deed registration pending;partition deed registration pending;release deed registration pending;power of attorney registration pending;lease deed registration pending;mortgage deed registration pending;document kept pending;token issued but registration delayed;biometric issue;thumb impression failure;server issue;slot unavailable;Sub-Registrar absent;document refused without reason;registration fee paid but document pending;online registration issue;document scanning delay;document indexing delay;document release delayed;document not returned;manual verification pending;encumbrance check pending;appeal against delay;urgent registration required;registration after court order;NRI document registration;power failure during registration;document execution delayed,Sub-Registrar,District Registrar,Deputy Inspector General of Registration,Inspector General of Registration,document_number;registration_year;sub_registrar_office
document_registration_refusal,Sub-Registrar refused registration;registration refused without reason;sale deed refused;settlement deed refused;gift deed refused;partition deed refused;release deed refused;power of attorney refused;document impounded wrongly;stamp duty dispute;guideline value dispute;identity proof objection;patta mismatch;survey number mismatch;encumbrance objection;title dispute cited wrongly;court order ignored;registration despite High Court order refused;document returned without registration;illegal refusal;arbitrary objection;registration appeal;hearing requested;document accepted then rejected;technical issue shown as reason;biometric mismatch;thumb verification failed;online slot expired;refusal check slip challenged;representation against refusal,Sub-Registrar,District Registrar,Deputy Inspector General of Registration,Inspector General of Registration,document_number;registration_year;sub_registrar_office
encumbrance_certificate_delay,EC not issued;encumbrance certificate pending;online EC unavailable;manual EC delayed;wrong survey number in EC;missing transaction in EC;incorrect owner reflected;EC urgently required for bank loan;EC for court case delayed;EC application pending;search report incomplete;EC not updated after registration;digital EC mismatch;application rejected without reason;fees paid but EC not issued;EC for specific period delayed;sub-registrar not processing EC;server issue;old records not digitized;appeal against delay;EC required for property sale;bank insisting on EC;duplicate EC request;EC not downloadable;verification pending;record indexing pending;document not linked to EC;EC showing incorrect entries;EC correction pending;priority EC request,Sub-Registrar,District Registrar,Deputy Inspector General of Registration,Inspector General of Registration,application_number;survey_number;sub_registrar_office
certified_copy_registration,certified copy of registered document delayed;certified copy not issued;sale deed certified copy;gift deed certified copy;settlement deed certified copy;partition deed certified copy;release deed certified copy;power of attorney certified copy;copy application pending;fees paid but copy not issued;document not traceable;scanned copy unavailable;old document copy delayed;digital copy unavailable;manual records missing;copy urgently required for court;copy required for bank loan;copy application rejected;certified copy with missing pages;poor quality scanned copy;copy not authenticated;online copy unavailable;appeal against delay;record room delay;duplicate certified copy;copy dispatch delayed;sub registrar not processing;document indexing pending;certified copy for legal heir case;certified copy verification pending,Sub-Registrar,District Registrar,Deputy Inspector General of Registration,Inspector General of Registration,document_number;registration_year;sub_registrar_office
guideline_value_dispute,guideline value too high;incorrect guideline value;property undervalued;property overvalued;guideline value revision request;market value lower than guideline;wrong classification;agricultural land treated as residential;residential treated as commercial;industrial classification dispute;appeal against guideline value;stamp duty calculated wrongly;registration affected due to guideline value;layout not considered;road access ignored;government order not implemented;survey number mismatch;sub registrar refusing registration;valuation objection;valuation review pending;market value evidence submitted;collector guideline revision sought;guideline not updated;zonal value error;representation pending;valuation after court order;public objection;EC affected by valuation;property tax linkage issue;valuation correction request,District Registrar,Deputy Inspector General of Registration,Inspector General of Registration,District Collector,survey_number;village;taluk;sub_registrar_office
stamp_duty_refund,stamp duty refund pending;excess stamp duty paid;duplicate payment;registration cancelled;document not registered;refund after court order;refund after cancellation;e-stamp refund;challan refund;incorrect stamp duty collected;refund application pending;refund rejected;bank account not credited;refund delayed for months;refund after document refusal;refund due to excess guideline value;refund after duplicate registration;refund for failed online payment;stamp vendor issue;refund for spoiled stamp;refund due to transaction failure;refund verification pending;treasury delay;refund after appeal;refund due to wrong classification;registration fee refund;refund representation;document withdrawn before registration;refund calculation error;refund not processed,District Registrar,Deputy Inspector General of Registration,Inspector General of Registration,District Treasury Officer,document_number;registration_year;sub_registrar_office;amount_paid
partition_deed_issue,partition deed registration delayed;family partition dispute;partition deed refused;incorrect share allocation;co-owner dispute;legal heir disagreement;survey number mismatch;boundary mismatch;stamp duty dispute;registration kept pending;partition after court decree;partition deed correction;missing legal heirs;forged signatures;fraudulent partition deed;minor's share ignored;partition of ancestral property;joint family property dispute;document execution issue;partition mutation pending;patta not transferred after partition;encumbrance issue;duplicate partition deed;partition deed cancelled;registration appeal;sub registrar objection;property measurement dispute;revenue records mismatch;partition deed not released;family settlement disagreement,Sub-Registrar,District Registrar,Deputy Inspector General of Registration,Inspector General of Registration,document_number;registration_year;sub_registrar_office;survey_number
settlement_deed_issue,settlement deed registration delayed;fraudulent settlement deed;settlement deed cancelled;forged signature;elderly person coerced into settlement;mental incapacity during execution;settlement without consent;conditional settlement dispute;revocation of settlement;life interest ignored;settlement deed refused;stamp duty issue;family settlement dispute;settlement by legal heir challenged;property already sold;duplicate settlement deed;registration pending;settlement after court order;settlement mutation pending;patta not transferred;settlement executed using false legal heir certificate;settlement by impersonation;beneficiary dispute;document correction;survey mismatch;encumbrance issue;sub registrar objection;document withheld;settlement deed appeal;property ownership dispute,Sub-Registrar,District Registrar,Deputy Inspector General of Registration,Inspector General of Registration,document_number;registration_year;sub_registrar_office;survey_number
gift_deed_issue,gift deed registration delayed;gift deed refused;fraudulent gift deed;gift under coercion;gift by impersonation;forged signature;gift by mentally incapacitated person;revocation dispute;conditional gift dispute;stamp duty dispute;family objection;gift to minor;gift accepted but not registered;survey mismatch;encumbrance issue;gift after court order;property already transferred;duplicate gift deed;gift deed correction;patta mutation pending;gift executed using false legal heir certificate;gift executed without owner's consent;beneficiary dispute;sub registrar objection;document release delayed;registration appeal;property ownership dispute;document verification pending;gift deed cancellation;gift deed rectification,Sub-Registrar,District Registrar,Deputy Inspector General of Registration,Inspector General of Registration,document_number;registration_year;sub_registrar_office;survey_number
power_of_attorney_issue,power of attorney registration delayed;GPA registration refused;special power of attorney issue;forged power of attorney;revoked power of attorney still used;POA executed by impersonation;POA after death of principal;fraudulent property sale using POA;mental incapacity during POA execution;POA cancellation;POA not accepted;authentication issue;NRI power of attorney;embassy attestation issue;sub registrar objection;stamp duty issue;property registration through POA delayed;duplicate POA;POA correction;POA lost;certified copy required;encumbrance issue;survey mismatch;property already transferred;bank refusing POA;court decree ignored;document withheld;registration appeal;POA misuse;illegal property transfer through POA,Sub-Registrar,District Registrar,Deputy Inspector General of Registration,Inspector General of Registration,document_number;registration_year;sub_registrar_office
crop_damage_compensation,crop damaged by flood;crop damaged by cyclone;crop damaged by drought;crop damaged by heavy rain;crop damaged by pest attack;crop damaged by wild animals;crop damaged by fire;crop compensation pending;survey not conducted;crop assessment delayed;wrong crop assessment;farmer omitted from beneficiary list;compensation not credited;bank account issue;e-crop registration issue;insurance and compensation overlap;banana crop damage;paddy crop damage;sugarcane crop damage;groundnut crop damage;horticulture crop loss;standing crop destroyed;crop loss due to canal breach;electricity failure affecting irrigation;representation pending;appeal against assessment;re-survey requested;natural disaster relief delayed;agriculture department not responding;urgent farmer relief,Assistant Director of Agriculture,Joint Director of Agriculture,District Collector,Director of Agriculture,crop_name;season;extent;village;taluk;damage_date
crop_insurance_claim,crop insurance claim pending;PMFBY claim not settled;insurance survey delayed;crop loss not assessed;claim rejected wrongly;farmer name missing;premium deducted but policy inactive;bank failed to enroll farmer;e-crop mismatch;Aadhaar mismatch;survey number mismatch;insured crop differs;partial crop loss ignored;total crop loss ignored;claim amount too low;claim not credited;appeal against rejection;insurance company not responding;village omitted from notified area;weather data dispute;loss due to excess rain;loss due to drought;loss due to pest attack;claim after cyclone;claim after flood;joint patta issue;tenant farmer claim;claim verification pending;reassessment requested;insurance grievance,Assistant Director of Agriculture,Joint Director of Agriculture,District Collector,Agriculture Insurance Company / Concerned Insurer,policy_number;crop_name;season;extent;village;taluk
fertilizer_shortage,fertilizer not available;urea shortage;DAP shortage;potash shortage;complex fertilizer unavailable;cooperative society out of stock;private dealer hoarding fertilizer;fertilizer black marketing;fertilizer sold above MRP;insufficient fertilizer allocation;farmer denied fertilizer;fertilizer stock diverted;fertilizer not supplied during sowing season;token issued but fertilizer not given;online fertilizer booking issue;wrong fertilizer supplied;subsidized fertilizer unavailable;fertilizer quality issue;duplicate fertilizer suspected;fake fertilizer sold;fertilizer subsidy not reflected;dealer demanding additional products;fertilizer distribution delayed;fertilizer not supplied despite payment;farmer registration issue;small farmers denied fertilizer;fertilizer quantity reduced;district allocation insufficient;fertilizer inspection requested;agriculture department not responding,Assistant Director of Agriculture,Joint Director of Agriculture,District Collector,Director of Agriculture,village;taluk;society_name
seed_supply_issue,certified seeds unavailable;paddy seeds unavailable;groundnut seeds unavailable;pulses seeds unavailable;millet seeds unavailable;horticulture seeds unavailable;seed distribution delayed;farmer denied seeds;seed stock exhausted;subsidized seeds unavailable;wrong variety supplied;poor germination;expired seeds distributed;fake seeds supplied;duplicate seeds suspected;seed quality complaint;seed replacement requested;cooperative society not supplying seeds;private dealer overcharging;seed booking issue;online registration problem;seed subsidy not provided;small farmers omitted;seed allotment delayed;farmer registration mismatch;seed package damaged;insufficient quantity supplied;seed testing requested;district stock shortage;agriculture office not responding,Assistant Director of Agriculture,Joint Director of Agriculture,District Collector,Director of Agriculture,village;taluk;crop_name
farm_subsidy,agriculture subsidy pending;farm mechanization subsidy delayed;tractor subsidy pending;power tiller subsidy pending;implement subsidy delayed;beneficiary omitted;application approved but subsidy not released;subsidy not credited;Aadhaar mismatch;bank account issue;farmer registration issue;small farmer category not recognized;SC/ST subsidy not granted;women farmer subsidy delayed;subsidy application rejected wrongly;subsidy verification pending;inspection not conducted;online portal issue;equipment purchased but subsidy not received;invoice uploaded but no action;beneficiary list error;subsidy amount reduced;duplicate application issue;appeal against rejection;district agriculture office delay;subsidy target exhausted;subsidy after court order;subsidy file pending;agriculture officer not responding;representation for subsidy release,Assistant Director of Agriculture,Joint Director of Agriculture,District Collector,Director of Agriculture,application_number;crop_name;season;extent;village;taluk
micro_irrigation_subsidy,micro irrigation subsidy pending;drip system subsidy delayed;sprinkler subsidy delayed;application approved but subsidy not released;installation completed but payment pending;beneficiary omitted;inspection not conducted;farmer registration mismatch;Aadhaar mismatch;bank account issue;subsidy rejected wrongly;vendor not empanelled;invoice upload issue;online portal error;small farmer subsidy denied;SC/ST subsidy delayed;women farmer subsidy delayed;subsidy amount reduced;inspection delayed;drip materials supplied late;sprinkler quality issue;duplicate application issue;appeal against rejection;scheme guidelines violated;subsidy not credited;district horticulture office delay;target exhausted;representation pending;payment file pending;request for subsidy release,Assistant Director of Horticulture,Deputy Director of Horticulture,District Collector,Director of Horticulture and Plantation Crops,application_number;extent;village;taluk
horticulture_subsidy,horticulture subsidy pending;fruit sapling subsidy delayed;vegetable cultivation subsidy pending;polyhouse subsidy delayed;shade net subsidy delayed;orchard development subsidy pending;beneficiary omitted;application approved but subsidy not released;subsidy not credited;farmer registration issue;bank account mismatch;Aadhaar mismatch;inspection pending;subsidy rejected wrongly;online application issue;small farmer subsidy denied;SC/ST subsidy delayed;women farmer subsidy delayed;invoice uploaded but no action;subsidy amount reduced;duplicate application issue;appeal against rejection;horticulture officer not responding;target exhausted;district office delay;scheme benefit denied;planting materials not supplied;representation pending;payment file pending;request for subsidy release,Assistant Director of Horticulture,Deputy Director of Horticulture,District Collector,Director of Horticulture and Plantation Crops,application_number;crop_name;village;taluk
drip_irrigation,drip irrigation installation delayed;drip irrigation subsidy pending;drip materials not supplied;drip system defective;poor quality pipes supplied;installation incomplete;vendor not responding;inspection pending;payment pending after installation;drip system leakage;filter not installed;fertigation unit not installed;wrong layout design;insufficient materials supplied;subsidy not credited;application pending;beneficiary omitted;Aadhaar mismatch;bank account issue;farmer registration mismatch;duplicate application issue;drip damaged during installation;maintenance support unavailable;warranty not honoured;subsidy rejected wrongly;appeal against rejection;district horticulture office delay;target exhausted;representation pending;request for urgent installation,Assistant Director of Horticulture,Deputy Director of Horticulture,District Collector,Director of Horticulture and Plantation Crops,application_number;extent;village;taluk
animal_husbandry_service,artificial insemination not available;cattle treatment unavailable;livestock disease outbreak;veterinary officer absent;animal health camp not conducted;emergency animal treatment delayed;goat disease;sheep disease;poultry disease;cow disease;buffalo disease;vaccination unavailable;medicine unavailable;fodder support required;livestock insurance issue;ear tagging not done;breed improvement service unavailable;infertility treatment unavailable;milk production assistance needed;animal birth certificate issue;animal welfare complaint;disease testing unavailable;animal ambulance unavailable;veterinary staff shortage;field visit not conducted;government scheme benefit denied;subsidy delayed;complaint ignored;representation pending;request for veterinary intervention,Assistant Director of Animal Husbandry,Joint Director of Animal Husbandry,District Collector,Director of Animal Husbandry,animal_type;village;taluk
government_veterinary_hospital,veterinary hospital closed;veterinary doctor absent;medicine unavailable;animal treatment denied;hospital timings not followed;emergency treatment unavailable;surgery unavailable;vaccination unavailable;staff shortage;poor sanitation;diagnostic facilities unavailable;laboratory unavailable;animal admitted without care;hospital building damaged;equipment not working;hospital overcrowded;doctor misconduct;bribe demanded;records not maintained;ambulance unavailable;medicine stock exhausted;government scheme not implemented;livestock owners not attended;complaint ignored;hospital cleanliness issue;animal death due to negligence;delay in treatment;new veterinary hospital requested;inspection requested;service deficiency complaint,Veterinary Assistant Surgeon,Assistant Director of Animal Husbandry,Joint Director of Animal Husbandry,District Collector,hospital_name;animal_type;village;taluk
livestock_vaccination,vaccination not conducted;FMD vaccination unavailable;brucellosis vaccination unavailable;PPR vaccination unavailable;rabies vaccination unavailable;mass vaccination camp not conducted;vaccination delayed;vaccination stock unavailable;vaccination team not visiting village;animal disease outbreak due to no vaccination;cattle vaccination pending;goat vaccination pending;sheep vaccination pending;dog vaccination pending;poultry vaccination unavailable;ear tagging not done;vaccination records not issued;vaccination certificate required;vaccination campaign ignored;government vaccination scheme not implemented;emergency vaccination needed;veterinary staff shortage;cold chain failure suspected;medicine unavailable;complaint ignored;representation pending;field officer absent;animal death after no vaccination;request for village vaccination camp;urgent vaccination request,Veterinary Assistant Surgeon,Assistant Director of Animal Husbandry,Joint Director of Animal Husbandry,District Collector,animal_type;village;taluk
animal_cruelty,animal beating;animal torture;animal starvation;illegal animal killing;animal abandonment;pet abuse;cattle abuse;dog abuse;horse abuse;working animal cruelty;illegal transport of animals;overloading animals;injured animal neglected;animal poisoning;illegal slaughter;animal fighting;animal chained continuously;lack of food and water;abuse by owner;public cruelty incident;social media evidence available;animal rescue delayed;SPCA not responding;police not taking action;wildlife cruelty complaint;injured stray animal;illegal breeding facility;animal kept in unsafe conditions;urgent rescue request;prevention of cruelty complaint,Inspector of Police,Animal Husbandry Assistant Director,District Collector,Society for Prevention of Cruelty to Animals (SPCA),animal_type;village;taluk
fishermen_welfare,fishermen welfare assistance pending;welfare board membership delayed;accidental death assistance pending;education assistance delayed;marriage assistance not received;old age pension for fisherman delayed;identity card not issued;renewal pending;insurance claim delayed;relief assistance pending;cyclone relief not received;fishing ban assistance pending;financial aid rejected;bank account mismatch;Aadhaar mismatch;beneficiary omitted;application pending;verification delayed;subsidy not credited;boat damaged compensation pending;net damaged compensation;medical assistance delayed;housing assistance pending;scholarship not received;widow assistance delayed;duplicate membership issue;online application error;appeal against rejection;representation pending;urgent welfare assistance,Assistant Director of Fisheries,Joint Director of Fisheries,District Collector,Commissioner of Fisheries,fisherman_id;village;taluk
fishing_ban_relief,fishing ban relief not credited;seasonal relief delayed;beneficiary omitted;bank account mismatch;Aadhaar mismatch;relief amount reduced;application pending;verification delayed;boat owner relief denied;crew member relief denied;marine fisherman omitted;inland fisherman omitted;duplicate beneficiary issue;payment failed;online application issue;appeal against rejection;relief after cyclone delayed;government order not implemented;district office delay;representation pending;financial hardship during ban;livelihood assistance delayed;relief not sanctioned;beneficiary verification pending;wrong beneficiary list;fishermen cooperative issue;relief installment pending;payment file pending;urgent relief request;collector intervention requested,Assistant Director of Fisheries,Joint Director of Fisheries,District Collector,Commissioner of Fisheries,fisherman_id;village;taluk
diesel_subsidy_fishermen,diesel subsidy not credited;diesel subsidy delayed;boat owner subsidy pending;mechanized boat subsidy;fuel purchase not recognized;beneficiary omitted;application pending;bank account mismatch;Aadhaar mismatch;subsidy amount reduced;verification delayed;invoice upload issue;online portal issue;duplicate application;appeal against rejection;cooperative society issue;diesel coupon not issued;subsidy file pending;district office delay;payment not released;fishing season subsidy;fuel bill mismatch;boat registration issue;engine registration mismatch;subsidy target exhausted;representation pending;urgent subsidy request;government order not implemented;beneficiary verification issue;financial hardship,Assistant Director of Fisheries,Joint Director of Fisheries,District Collector,Commissioner of Fisheries,boat_registration_number;village;taluk
labour_wages,salary not paid;wages withheld;delayed wages;partial wages paid;contract wages unpaid;daily wages unpaid;overtime wages not paid;minimum wages not paid;illegal deductions;wages below government rate;final settlement pending;salary withheld after resignation;cash wages denied;bank transfer failed;attendance manipulated;fake wage register;contractor absconded;labour exploitation;forced unpaid work;wage discrimination;payment delayed for months;labour complaint ignored;settlement refused;employer harassment;non-payment after project completion;seasonal worker unpaid;migrant worker wages;representation for wage recovery;conciliation pending;labour officer intervention,Assistant Commissioner of Labour,Joint Commissioner of Labour,Commissioner of Labour,District Collector,employer_name;work_place;work_period
minimum_wages,minimum wages not paid;wages below notified rate;daily wage violation;contract worker underpaid;security guard underpaid;housekeeping staff underpaid;construction worker underpaid;factory worker underpaid;shop employee underpaid;hotel employee underpaid;overtime unpaid;holiday wages denied;wage register manipulated;attendance falsified;cash payment without records;labour inspection requested;minimum wage notification ignored;piece-rate wages below minimum;women workers underpaid;migrant workers exploited;apprentice underpaid;wage discrimination;employer refusing revision;labour officer not acting;conciliation pending;claim under Minimum Wages Act;representation pending;recovery certificate requested;multiple workers affected;urgent intervention,Assistant Commissioner of Labour,Joint Commissioner of Labour,Commissioner of Labour,District Collector,employer_name;work_place;work_period
bonus_gratuity,gratuity not paid;bonus not paid;bonus calculated wrongly;gratuity delayed;retirement benefits pending;resignation gratuity withheld;death gratuity delayed;illegal deduction from gratuity;gratuity rejected;bonus denied despite eligibility;productivity bonus dispute;festival bonus dispute;service records incorrect;years of service disputed;interest on delayed gratuity;gratuity application pending;labour authority delay;employer closed establishment;company insolvent;settlement pending;conciliation failed;labour court award not implemented;representation pending;claim under Payment of Gratuity Act;bonus calculation dispute;gratuity nomination issue;legal heir gratuity claim;bank details mismatch;recovery certificate requested;urgent payment request,Assistant Commissioner of Labour,Joint Commissioner of Labour,Commissioner of Labour,District Collector,employer_name;work_place;work_period
shops_establishment,shop not registered;registration renewal pending;shop licence delayed;working hours violation;weekly holiday denied;employee register not maintained;women employed beyond permitted hours;child employed in shop;leave not granted;salary register absent;inspection requested;licence cancelled wrongly;trade licence mismatch;online registration issue;renewal application pending;late fee dispute;inspection harassment;employee welfare violation;holiday wages denied;shop closure notice challenged;appeal against cancellation;name change pending;address correction;ownership transfer pending;compliance certificate delayed;record inspection pending;representation against penalty;shop sealing threatened;registration certificate lost;urgent registration request,Inspector of Labour,Assistant Commissioner of Labour,Joint Commissioner of Labour,Commissioner of Labour,establishment_name;street_name;village
contract_labour,contract labour licence pending;principal employer registration delayed;contractor licence issue;contract workers unpaid;contract labour welfare violation;canteen facility unavailable;drinking water unavailable;toilet unavailable;safety equipment not provided;PF not deposited;ESI not provided;identity cards not issued;contract renewed illegally;illegal contract termination;equal wages denied;muster roll manipulated;attendance dispute;working hours exceeded;labour accommodation poor;migrant worker exploitation;contractor absconded;licence renewal pending;inspection requested;labour law violation;representation pending;conciliation requested;licence cancelled wrongly;principal employer not responsible;worker benefits denied;urgent labour intervention,Assistant Commissioner of Labour,Joint Commissioner of Labour,Commissioner of Labour,District Collector,employer_name;work_place;work_period
child_labour,child employed in factory;child employed in shop;child working in hotel;child working in tea stall;child domestic worker;child employed in construction;hazardous child labour;school dropout employed;bonded child labour;suspected child trafficking;child working in fireworks;child working in textile unit;child working in workshop;child working in agriculture;minor employed illegally;complaint against employer;rescue request;rehabilitation request;labour inspection needed;police not acting;education denied due to labour;child abused at workplace;forced labour;child begging racket;child working night shifts;identity not verified;multiple children employed;urgent rescue;District Task Force intervention;representation under Child Labour Act,Assistant Commissioner of Labour,District Child Protection Officer,Superintendent of Police,District Collector,work_place;village
bonded_labour,bonded labour complaint;forced labour due to debt;withheld wages;confiscation of identity documents;movement restricted;physical abuse by employer;threats by employer;family forced to work;child bonded labour;migrant bonded labour;brick kiln bonded labour;rice mill bonded labour;textile bonded labour;quarry bonded labour;domestic bonded labour;rescue requested;rehabilitation assistance;release certificate pending;district vigilance committee not acting;police refusing FIR;labour inspection delayed;debt bondage;forced overtime;human trafficking suspected;rehabilitation grant delayed;safe shelter requested;legal aid required;compensation pending;representation to collector;urgent rescue operation,District Collector,Assistant Commissioner of Labour,Superintendent of Police,Commissioner of Labour,work_place;village
building_workers_welfare,building worker welfare board registration pending;renewal delayed;welfare card not issued;accident assistance pending;death assistance pending;education assistance delayed;marriage assistance delayed;maternity assistance pending;tool assistance not received;pension not sanctioned;medical assistance delayed;natural death benefit pending;funeral assistance pending;identity card correction;duplicate card issue;Aadhaar mismatch;bank account mismatch;employer certificate issue;membership rejected;contribution not updated;beneficiary omitted;online application error;verification delayed;renewal rejected;welfare amount not credited;appeal pending;labour office not responding;representation pending;financial assistance delayed;urgent welfare assistance,Assistant Commissioner of Labour,Joint Commissioner of Labour,Commissioner of Labour,District Collector,welfare_board_id;work_place
esi_claim,ESI medical claim pending;ESI sickness benefit delayed;ESI maternity benefit delayed;ESI disability benefit pending;ESI dependent benefit pending;ESI funeral expenses claim;ESI hospital refused treatment;ESI card not generated;IP number issue;employer not remitting contribution;contribution mismatch;benefit rejected;claim under verification;cash benefit delayed;ESI dispensary service issue;ESI hospital negligence;Aadhaar mismatch;bank account mismatch;claim status not updated;duplicate insurance number;medical reimbursement delayed;accident benefit pending;employment injury claim;invalid contribution history;portal issue;appeal against rejection;representation pending;benefits stopped unexpectedly;urgent reimbursement;employer compliance issue,Branch Manager (ESIC),Regional Director (ESIC),"Director, ESIC Regional Office",Commissioner of Labour,esi_number;employer_name
epf_claim,EPF withdrawal pending;PF transfer delayed;PF final settlement delayed;pension claim pending;Form 19 pending;Form 10C pending;Form 10D pending;UAN not activated;KYC pending;Aadhaar mismatch;bank account mismatch;employer not approving claim;incorrect service history;PF balance mismatch;interest not credited;joint declaration pending;name correction pending;DOB correction;exit date not updated;multiple UAN issue;EPS pension delayed;online claim rejected;digital signature issue;claim under process for months;employer not depositing PF;grievance unresolved;representation pending;urgent PF withdrawal;medical advance pending;housing advance pending,Regional Provident Fund Commissioner,Additional Central Provident Fund Commissioner,Central Provident Fund Commissioner,Ministry of Labour & Employment,pf_account_number;employer_name
old_age_home,government old age home admission;private old age home complaint;elder abuse in home;poor sanitation;food quality poor;medical care unavailable;staff misconduct;physical abuse;mental harassment;illegal fees collected;admission denied;bed unavailable;maintenance poor;medicine unavailable;elder neglected;financial exploitation;visitor restrictions;death inquiry;missing belongings;unsafe building;fire safety issue;water shortage;electricity issue;poor hygiene;inspection requested;licence violation;elder rights violation;government grant misuse;representation pending;urgent rescue,District Social Welfare Officer,District Collector,Director of Social Welfare,Commissioner of Social Welfare,village;taluk;person_age
widow_assistance,widow assistance pending;financial assistance delayed;widow certificate issue;application rejected;beneficiary omitted;bank account mismatch;Aadhaar mismatch;income certificate issue;verification pending;duplicate application;payment not credited;marriage assistance linked issue;housing assistance pending;pension conversion pending;wrong beneficiary details;portal error;appeal pending;district office delay;death certificate issue;legal heir dispute affecting benefit;scheme eligibility issue;benefit stopped;reverification pending;representation pending;urgent financial assistance;widow welfare board issue;medical assistance delayed;education assistance for children;benefit transfer pending;government order not implemented,District Social Welfare Officer,District Collector,Director of Social Welfare,Commissioner of Social Welfare,application_number;date_of_death;taluk
marriage_assistance,marriage assistance scheme delayed;financial assistance pending;gold assistance not received;application rejected;beneficiary omitted;income certificate issue;community certificate issue;Aadhaar mismatch;bank account mismatch;marriage registration pending;verification delayed;duplicate application;documents uploaded but pending;payment not credited;portal error;appeal against rejection;SC marriage assistance delayed;inter-caste marriage assistance;widow remarriage assistance;disabled marriage assistance;government order not implemented;district office delay;representation pending;beneficiary verification;scheme eligibility dispute;urgent financial support;marriage already conducted;late application issue;certificate mismatch;benefit amount reduced,District Social Welfare Officer,District Collector,Director of Social Welfare,Commissioner of Social Welfare,application_number;marriage_date;taluk
maternity_assistance,maternity benefit pending;Dr. Muthulakshmi maternity scheme delay;pregnancy assistance not credited;installment pending;birth certificate issue;Aadhaar mismatch;bank account mismatch;beneficiary omitted;application pending;verification delayed;hospital not updating records;VHN verification pending;delivery records mismatch;portal error;payment failed;appeal against rejection;stillbirth assistance issue;twin delivery benefit issue;nutritional kit not supplied;government hospital certification delay;scheme eligibility dispute;benefit stopped;representation pending;financial hardship;urgent maternity benefit;postnatal assistance delayed;prenatal assistance delayed;income certificate issue;residence proof issue;medical officer verification pending,Medical Officer (PHC),Deputy Director of Health Services,District Collector,Director of Public Health and Preventive Medicine,application_number;hospital_name;taluk
disability_id,UDID card pending;disability certificate delayed;medical board not conducted;wrong disability percentage;certificate expired;renewal pending;duplicate certificate;name correction;DOB correction;address correction;Aadhaar mismatch;application rejected;medical records mismatch;appeal against disability assessment;online application pending;beneficiary omitted;certificate not downloadable;hearing disability assessment;visual disability assessment;locomotor disability assessment;intellectual disability assessment;multiple disability assessment;medical board absent;district hospital delay;verification pending;representation pending;certificate required for pension;certificate for employment;certificate for education;urgent disability assessment,District Differently Abled Welfare Officer,District Collector,Commissionerate for Welfare of the Differently Abled,Department of Welfare of Differently Abled Persons,application_number;udid_number
disability_pension,disability pension pending;pension stopped;beneficiary omitted;UDID card issue;disability certificate expired;bank account mismatch;Aadhaar mismatch;life certificate pending;verification delayed;application rejected;payment not credited;wrong disability percentage;income criteria dispute;beneficiary verification pending;duplicate application;appeal against rejection;district office delay;scheme eligibility dispute;medical board delay;representation pending;financial hardship;urgent pension release;government order not implemented;pension amount reduced;pension transfer pending;reverification issue;guardian issue;home visit not conducted;benefit suspended;monthly pension arrears,Tahsildar,Revenue Divisional Officer,District Differently Abled Welfare Officer,District Collector,application_number;application_date;bank_name;taluk;udid_number
disability_aids,wheelchair not provided;hearing aid not provided;artificial limb delayed;crutches not supplied;walking stick not supplied;tricycle not supplied;motorized wheelchair pending;Braille kit unavailable;smart cane pending;caliper not supplied;prosthetic repair delayed;assistive device replacement;device quality poor;measurement pending;medical board delay;beneficiary omitted;application pending;verification delayed;Aadhaar mismatch;bank account mismatch;vendor not responding;distribution camp delayed;appeal against rejection;representation pending;device warranty issue;repair not completed;school aid not provided;employment assistive device pending;urgent mobility assistance;government scheme not implemented,District Differently Abled Welfare Officer,District Collector,Commissionerate for Welfare of the Differently Abled,Department of Welfare of Differently Abled Persons,aid_type;udid_number;taluk
senior_citizen_maintenance,children refusing maintenance;maintenance tribunal petition;financial neglect by son;financial neglect by daughter;children abandoned elderly parents;property transferred but maintenance denied;eviction of abusive children from senior citizen property;medical expenses not provided;food and shelter denied;senior citizen harassment;mental harassment by children;physical abuse by children;illegal occupation of senior citizen property;caregiver neglect;maintenance order not implemented;monthly maintenance unpaid;false promise of maintenance;senior citizen left homeless;police not acting on elder abuse;protection under Senior Citizens Act;legal heir threatening elderly;coercion to transfer property;fraudulent settlement after obtaining property;maintenance after widowhood;urgent medical support;representation to tribunal;district social welfare intervention;elder helpline complaint;maintenance enhancement request;implementation of tribunal order,Revenue Divisional Officer (Maintenance Tribunal),District Social Welfare Officer,District Collector,Commissioner of Social Welfare,respondent_name;relationship;taluk
forest_encroachment,encroachment into reserved forest;illegal cultivation in forest;forest land occupied;illegal fencing of forest land;private construction inside forest;road laid through forest illegally;commercial activity in forest;illegal quarrying in forest;forest boundary violation;tree plantation destroyed;illegal grazing;forest patta dispute;forest survey request;forest land grabbed;resort inside forest;illegal tourism activity;government land encroachment;forest fire caused by encroachment;forest staff not acting;forest pathway blocked;tribal access denied;illegal mining in forest;forest waterbody encroached;wildlife habitat destruction;illegal agriculture;representation against encroachment;eviction request;survey correction;forest demarcation requested;urgent inspection,Range Forest Officer,District Forest Officer,Conservator of Forests,District Collector,village;taluk;encroacher_details
illegal_tree_cutting,trees cut without permission;roadside trees felled;avenue trees removed;government trees cut illegally;private trees cut violating law;heritage tree damaged;green belt destroyed;tree cutting during night;commercial timber theft;tree roots damaged by construction;contractor cutting trees illegally;public park trees removed;school campus trees cut;temple trees cut;lake bund trees removed;forest trees cut;illegal pruning;electricity contractor damaged trees;permission conditions violated;replacement plantation not done;citizen complaint against felling;trees cut for advertisement;construction project cutting trees;housing layout tree removal;complaint ignored;inspection requested;penalty requested;urgent stay on tree cutting;environmental damage;illegal transport of timber,Range Forest Officer,District Forest Officer,Tamil Nadu Pollution Control Board District Environmental Engineer,District Collector,village;taluk;tree_details
wild_animal_intrusion,elephant entering village;leopard sighting;wild boar crop damage;deer crop damage;bear entering habitation;peacock crop damage;snake rescue request;crocodile sighting;wild animal attacking livestock;wild animal attacking humans;compensation for wildlife attack;forest staff not responding;capture request;tranquilization request;solar fence request;elephant corridor issue;crop compensation pending;wildlife rescue delayed;wildlife trapped in well;wild animal inside school;wild animal inside factory;night patrolling requested;forest boundary fencing;monkey troop from reserve forest;camera trap requested;urgent wildlife intervention;public safety concern;wildlife mortality;wildlife protection complaint;habitat destruction causing intrusion,Range Forest Officer,District Forest Officer,Conservator of Forests,District Collector,animal_type;village;taluk
monkey_menace,monkeys damaging crops;monkeys entering houses;monkeys attacking children;monkeys attacking elderly;monkeys damaging school;monkeys inside hospital;food theft by monkeys;request for monkey capture;monkey population increase;forest department not responding;temple monkey nuisance;tourist area monkey nuisance;public safety issue;crop compensation request;monkeys damaging electrical wiring;monkeys damaging roofs;monkeys entering water tanks;monkeys attacking pets;monkeys inside government office;waste attracting monkeys;relocation request;awareness programme requested;monkey sterilization request;inspection requested;forest staff absent;citizen complaint ignored;urban monkey nuisance;village monkey nuisance;urgent intervention;human-wildlife conflict,Range Forest Officer,District Forest Officer,Conservator of Forests,District Collector,village;taluk;street_name
industrial_pollution,factory emitting untreated effluent;chemical discharge;industrial wastewater entering canal;illegal hazardous waste disposal;factory emitting toxic smoke;industrial odor nuisance;factory operating without pollution consent;noise from factory;air pollution from industry;groundwater contamination;illegal waste burning;fly ash pollution;effluent treatment plant not functioning;factory discharging into lake;river pollution by industry;complaint against SIPCOT industry;industrial dust pollution;continuous emissions;factory violating TNPCB norms;health problems due to pollution;inspection requested;closure requested;environmental compensation sought;pollution monitoring requested;representation ignored;night-time pollution;hazardous chemical leak;industrial sludge dumping;illegal pipeline discharge;environmental emergency,District Environmental Engineer (TNPCB),Joint Chief Environmental Engineer (TNPCB),District Collector,"Member Secretary, TNPCB",industry_name;village;taluk
water_pollution,lake polluted;river polluted;pond contamination;sewage entering waterbody;industrial discharge into water;drinking water contaminated;fish kill incident;oil spill into canal;garbage dumped into waterbody;illegal sewage connection;temple waste dumped in tank;hospital waste entering drain;plastic waste in river;foam in river;bad odor from lake;illegal sand washing;water testing requested;groundwater contamination;borewell contamination;drain mixing with drinking water;water source encroached;effluent discharge complaint;public health concern;TNPCB not acting;local body not cleaning;inspection requested;restoration requested;waterbody rejuvenation requested;environmental compensation;urgent pollution control,District Environmental Engineer (TNPCB),Executive Engineer (TWAD/Local Body),District Collector,"Member Secretary, TNPCB",polluter_details;waterbody_name;village;taluk
air_pollution,factory smoke;construction dust;stone crusher dust;brick kiln emissions;burning garbage;burning plastic;diesel generator smoke;vehicle emissions;hot mix plant pollution;cement dust;quarry dust;industrial chimney emissions;indoor air pollution from industry;bad odor from factory;respiratory illness due to pollution;air quality monitoring requested;continuous smoke emission;night emissions;unauthorized incineration;hospital incinerator pollution;open burning complaint;air pollution affecting school;air pollution affecting hospital;inspection requested;TNPCB consent violation;pollution control equipment not working;environmental compensation sought;public nuisance;air sampling requested;urgent intervention,District Environmental Engineer (TNPCB),Joint Chief Environmental Engineer (TNPCB),District Collector,"Member Secretary, TNPCB",polluter_details;village;taluk
noise_pollution_industry,factory noise;generator noise;compressor noise;industrial machinery noise;night-time factory operation;loud industrial sirens;vibration from industry;stone crusher noise;textile mill noise;industrial fan noise;DG set without acoustic enclosure;noise affecting school;noise affecting hospital;residential disturbance;continuous night operations;noise beyond permissible limits;inspection requested;noise monitoring requested;TNPCB complaint ignored;occupational safety issue;noise causing health problems;factory expansion increasing noise;public nuisance;illegal industrial operations;representation pending;closure during night requested;noise barrier requested;environmental compensation;urgent inspection;community complaint,District Environmental Engineer (TNPCB),Joint Chief Environmental Engineer (TNPCB),District Collector,"Member Secretary, TNPCB",industry_name;village;taluk
solid_waste_dumping,garbage dumped on vacant land;construction debris dumping;industrial waste dumping;medical waste dumping;plastic waste dumping;dead animals dumped;municipal waste not cleared;illegal landfill;waste dumped into lake;waste dumped into canal;burning garbage;burning plastic;hazardous waste dumping;e-waste dumping;slaughterhouse waste dumping;hotel waste dumping;market waste dumping;solid waste near school;solid waste near hospital;bad odor from waste;mosquito breeding due to waste;health hazard;corporation not clearing waste;village panchayat not clearing waste;inspection requested;penalty against violators;CCTV requested;frequent illegal dumping;environment restoration requested;urgent waste removal,Commissioner / Executive Officer / Block Development Officer,District Environmental Engineer (TNPCB),District Collector,Director of Municipal Administration / Director of Rural Development,village;taluk;street_name
biomedical_waste,hospital biomedical waste dumped in open;medical waste mixed with municipal waste;used syringes discarded openly;infectious waste near residential area;hospital waste burned in open;expired medicines dumped;blood bags disposed improperly;biomedical waste near school;biomedical waste near waterbody;private hospital violating BMW Rules;government hospital waste mismanagement;unauthorized biomedical waste transporter;needle stick hazard;medical laboratory waste dumped;COVID biomedical waste mismanaged;animal biomedical waste disposed improperly;health hazard due to biomedical waste;foul smell from biomedical waste;TNPCB inspection requested;health department not responding;waste segregation not followed;yellow bag waste mixed;red bag waste mixed;waste storage beyond permitted time;illegal landfill of biomedical waste;common treatment facility issue;public complaint ignored;urgent waste removal;environmental compensation requested;licence violation,District Environmental Engineer (TNPCB),Deputy Director of Health Services,District Collector,"Member Secretary, TNPCB",facility_name;village;taluk
flood_relief,flood relief not received;house damage compensation pending;crop loss due to flood;livestock loss compensation;essential commodities not supplied;relief camp not opened;drinking water not restored;electricity not restored after flood;road blocked after flood;bridge damaged by flood;family omitted from beneficiary list;relief amount insufficient;relief materials diverted;survey not conducted;household articles damaged;school damaged by flood;drainage not cleared;health camp not conducted;mosquito menace after flood;temporary shelter required;food packets not supplied;medical assistance delayed;representation pending;NDRF/SDRF assistance delayed;appeal against compensation assessment;urgent rescue requested;boat rescue unavailable;embankment breached;stormwater drain overflow;collector intervention requested,Tahsildar,Revenue Divisional Officer,District Collector,Commissioner of Revenue Administration,village;taluk;damage_date
cyclone_relief,cyclone relief pending;house roof damaged;tree fall compensation;crop damage by cyclone;boat damaged;fishing net damaged;livestock loss;electricity poles damaged;drinking water disrupted;road blocked by fallen trees;relief camp unavailable;family omitted from relief list;financial assistance delayed;survey not conducted;tarpaulin not supplied;temporary shelter needed;food assistance delayed;medical assistance delayed;school damaged;public building damaged;insurance claim linked issue;tree removal delayed;debris clearance pending;representation pending;appeal against assessment;emergency restoration requested;communication network failure;coastal village assistance delayed;government order not implemented;urgent collector intervention,Tahsildar,Revenue Divisional Officer,District Collector,Commissioner of Revenue Administration,village;taluk;damage_date
drought_relief,drought relief pending;crop loss due to drought;drinking water scarcity;fodder shortage;livestock assistance delayed;farmer omitted from relief list;survey not conducted;well dried up;borewell failure;irrigation tank dry;crop compensation delayed;employment assistance required;MGNREGA work requested;financial assistance delayed;bank loan restructuring request;insurance claim pending;village declared drought affected;water tanker not supplied;agriculture input assistance delayed;representation pending;appeal against assessment;groundwater depletion;fodder depot not opened;relief camp requested;urgent drinking water supply;government order not implemented;collector inspection requested;natural calamity assistance;relief amount insufficient;beneficiary verification pending,Tahsildar,Revenue Divisional Officer,District Collector,Commissioner of Revenue Administration,village;taluk;crop_name;extent
fire_accident_relief,fire accident compensation pending;house destroyed by fire;shop damaged by fire;livestock lost in fire;documents destroyed;temporary shelter required;food assistance needed;clothing assistance delayed;survey not conducted;financial assistance delayed;electrical short circuit fire;cylinder blast compensation;forest fire damage;hut fire relief;urban fire relief;village fire relief;family omitted from relief list;appeal against compensation;fire report pending;insurance linked issue;school damaged by fire;public property damaged;medical assistance delayed;rehabilitation pending;representation pending;collector intervention requested;emergency relief requested;disaster response delayed;urgent financial support;government relief not sanctioned,Tahsildar,Revenue Divisional Officer,District Collector,Commissioner of Revenue Administration,village;taluk;damage_date;property_details
house_fire,fire service delayed;fire engine arrived late;house fire investigation requested;suspected electrical fire;gas cylinder fire;short circuit fire;illegal firecracker storage;neighbour negligence caused fire;commercial building fire;apartment fire;fire NOC violation;false fire report;fire safety equipment absent;property loss assessment;fire report copy requested;fire insurance documentation;smoke damage assessment;fire hydrant unavailable;water shortage during firefighting;fire station jurisdiction issue;fire service not responding;emergency rescue delayed;fire cause certificate requested;representation pending;public safety concern;repeated fire incidents;illegal storage complaint;urgent inspection;fire prevention request;rescue equipment unavailable,Station Fire Officer,Divisional Fire Officer,"Regional Deputy Director, Fire & Rescue Services",District Collector,village;taluk;damage_date;property_details
fire_safety_violation,building without fire safety;fire exits blocked;fire extinguishers expired;sprinkler system not working;emergency lights not functioning;fire alarm defective;high-rise fire safety violation;hospital fire safety issue;school fire safety violation;mall fire safety issue;factory fire hazard;restaurant fire safety;hotel fire safety;flammable materials stored illegally;electrical overload;generator room unsafe;fire drill not conducted;occupancy without NOC;basement fire hazard;illegal LPG storage;cinema fire safety issue;apartment association violation;warehouse fire risk;inspection requested;closure requested;public complaint ignored;fire department not acting;unsafe commercial building;urgent inspection;life safety risk,Station Fire Officer,Divisional Fire Officer,"Regional Deputy Director, Fire & Rescue Services",District Collector,building_name;street_name;village
fire_noc,fire NOC pending;fire NOC renewal delayed;fire licence application pending;inspection delayed;fire NOC rejected;compliance certificate pending;building inspection pending;school fire NOC;hospital fire NOC;hotel fire NOC;mall fire NOC;factory fire NOC;warehouse fire NOC;high-rise building NOC;industrial fire clearance;online application pending;fees paid but NOC not issued;inspection report delayed;appeal against rejection;compliance completed but NOC pending;occupancy certificate linked issue;CMDA approval linked issue;fire safety plan approval;temporary NOC requested;renewal after alterations;representation pending;urgent fire clearance;commercial licence linked issue;government building fire clearance;inspection reschedule requested,Divisional Fire Officer,"Regional Deputy Director, Fire & Rescue Services",Director of Fire & Rescue Services,District Collector,application_number;building_name;street_name
pmay_housing,PMAY house sanction pending;PMAY installment delayed;beneficiary omitted;house construction subsidy delayed;Aadhaar mismatch;bank account mismatch;geo-tagging pending;foundation inspection delayed;roof level inspection pending;completion inspection delayed;wrong beneficiary list;duplicate beneficiary issue;application rejected wrongly;SECC eligibility dispute;urban PMAY issue;rural PMAY issue;house completed but final installment pending;construction materials assistance delayed;technical approval pending;patta issue affecting PMAY;representation pending;appeal against rejection;beneficiary verification delayed;government order not implemented;housing portal issue;financial hardship;urgent housing assistance;construction halted due to non-payment;inspection not conducted;collector intervention requested,Block Development Officer / Municipal Commissioner,"Project Director, DRDA",District Collector,"Managing Director, Tamil Nadu Urban Habitat Development Board / Rural Development Department",application_number;village;taluk
tnuhdb_allotment,TNUHDB house allotment pending;tenement allotment delayed;allotment cancelled;beneficiary omitted;ownership transfer pending;sale deed pending;lease-cum-sale issue;maintenance deficiency;water supply unavailable;drainage issue;lift not functioning;common area neglected;encroachment in tenement;illegal occupation;rent demand dispute;allotment after eviction delayed;rehabilitation colony issue;slum clearance delay;beneficiary verification pending;Aadhaar mismatch;bank loan issue;EMI dispute;online portal issue;representation pending;appeal against cancellation;repair request ignored;structural cracks;unsafe building;title deed not issued;collector intervention requested,Executive Engineer (TNUHDB),Superintending Engineer (TNUHDB),"Managing Director, TNUHDB",District Collector,allotment_number;scheme_name;village;taluk
slum_clearance,slum clearance rehabilitation delayed;eviction without rehabilitation;TNUHDB rehabilitation pending;tenement allotment delayed;temporary shelter not provided;family omitted from beneficiary list;survey not conducted;incorrect family details;rehabilitation colony lacks water;drainage not provided;electricity connection unavailable;road access unavailable;school access affected;livelihood affected after relocation;illegal eviction notice;encroachment survey dispute;house demolished without notice;compensation not paid;rent allowance delayed;title document pending;allotment cancelled wrongly;duplicate beneficiary issue;beneficiary verification pending;structural defects in allotted house;common amenities unavailable;maintenance ignored;representation pending;appeal against eviction;collector intervention requested;court order not implemented,Executive Engineer (TNUHDB),Superintending Engineer (TNUHDB),"Managing Director, TNUHDB",District Collector,village;taluk;street_name
government_quarters,government quarters allotment pending;staff quarters not allotted;quarters transfer delayed;repair not carried out;water supply unavailable;drainage blocked;electricity faults;structural cracks;roof leakage;unauthorized occupation;illegal subletting;vacate notice dispute;rent recovery dispute;maintenance charges dispute;allotment cancellation;ownership dispute;house unfit for occupation;sanitation issues;lift not working;common area neglected;security concerns;new quarters requested;department transfer pending;family accommodation request;medical grounds request;representation pending;inspection requested;public works not responding;urgent repairs requested;allotment priority issue,"Executive Engineer, Public Works Department (Buildings)","Superintending Engineer, PWD","Chief Engineer, PWD (Buildings)",District Collector,quarters_details;office_name
road_accident_blackspot,frequent road accidents;dangerous road curve;poor visibility;junction accident zone;missing road signs;no speed calming measures;poor street lighting;damaged crash barriers;unsafe pedestrian crossing;school accident zone;hospital access unsafe;median opening unsafe;wrong road markings;slippery road surface;potholes causing accidents;drain without cover;bridge approach unsafe;traffic congestion causing accidents;fatal accident location;request for road safety audit;installation of warning signs;road widening requested;median requested;zebra crossing requested;rumble strips requested;CCTV requested;accident investigation requested;NHAI safety issue;State Highway safety issue;urgent safety measures,Divisional Engineer (Highways/NHAI),Superintending Engineer (Highways),Chief Engineer (Highways),District Collector,street_name;village
speed_breaker_request,speed breaker near school;speed breaker near hospital;speed breaker near temple;speed breaker near residential area;vehicles speeding;frequent accidents;pedestrian safety;children crossing road;senior citizen safety;traffic calming requested;rumble strips requested;unauthorized speed breaker removal;damaged speed breaker;new layout request;bus stop safety;market area safety;college entrance safety;blackspot mitigation;police recommendation pending;highways approval pending;municipal road request;panchayat road request;state highway request;national highway request rejected;representation pending;inspection requested;public petition;accident prevention;urgent installation;road safety improvement,Assistant Executive Engineer (Highways/Local Body),Divisional Engineer (Highways),Superintendent of Police (Traffic),District Collector,street_name;village
traffic_signal_request,new traffic signal requested;traffic signal not functioning;signal timing incorrect;school junction signal;hospital junction signal;busy intersection;frequent accidents;traffic congestion;pedestrian crossing unsafe;manual traffic control required;signal blinking continuously;power supply issue;signal synchronization issue;right turn signal required;U-turn signal requested;smart signal requested;temporary signal requested;festival traffic management;construction diversion;signal maintenance delayed;traffic study requested;public representation;signal poles damaged;countdown timer requested;CCTV integration requested;inspection pending;urban traffic issue;collector intervention requested;high accident intersection;urgent traffic regulation,Assistant Commissioner of Police (Traffic) / DSP Traffic,Deputy Commissioner of Police (Traffic) / Superintendent of Police,Commissioner of Police / Inspector General (Traffic),District Collector,street_name;village
illegal_parking,vehicles parked on road;parking blocking entrance;illegal parking on footpath;heavy vehicles parked in residential area;abandoned vehicle;parking near school gate;parking near hospital entrance;parking blocking emergency access;parking causing traffic jam;commercial vehicle parking;encroachment by parked vehicles;wrong side parking;parking on no-parking zone;illegal auto stand;illegal taxi stand;parking on bridge;parking on flyover;parking near bus stop;parking near railway crossing;parking obstructing fire engine access;repeated violations;vehicle not removed despite complaints;towing requested;traffic police not responding;representation pending;CCTV evidence available;public nuisance;urgent enforcement;unsafe parking;road safety issue,Inspector of Police (Traffic),Assistant Commissioner of Police (Traffic),Deputy Commissioner of Police (Traffic) / Superintendent of Police,District Collector,street_name;village
auto_overcharging,auto refusing meter;meter tampered;excess fare demanded;fare refused after trip;auto refusing short trip;auto refusing destination;misbehaviour by driver;threatening passenger;overcharging at railway station;overcharging at airport;overcharging during rain;night fare dispute;digital payment refused;receipt not provided;luggage charge dispute;route deviation;unsafe driving;driver using mobile phone;driver intoxicated;passenger harassment;refusal to carry elderly;refusal to carry disabled passenger;complaint against permit holder;vehicle without permit;overloading passengers;driver without uniform;driver licence issue;representation pending;RTO enforcement requested;consumer grievance,Regional Transport Officer,Joint Transport Commissioner (Region),Transport Commissioner,District Collector,vehicle_number;from_place;to_place
taxi_overcharging,taxi charging above fare;app taxi fare dispute;airport taxi overcharging;prepaid taxi complaint;route manipulation;trip cancellation after boarding;driver misconduct;unsafe driving;driver harassment;digital payment dispute;receipt not issued;vehicle cleanliness complaint;driver refusing destination;driver demanding cash only;meter not functioning;unauthorized taxi operation;permit violation;tourist taxi complaint;overcharging tourists;luggage fee dispute;late-night overcharging;driver intoxicated;passenger safety concern;vehicle unfit;commercial permit issue;representation pending;RTO enforcement requested;consumer grievance;repeated complaints against operator;urgent action requested,Regional Transport Officer,Joint Transport Commissioner (Region),Transport Commissioner,District Collector,vehicle_number;from_place;to_place
school_bus_safety,school bus overloaded;driver without valid licence;driver rash driving;attendant not available;CCTV not working;GPS not installed;fire extinguisher absent;first aid box unavailable;fitness certificate expired;permit expired;students standing in bus;unsafe boarding point;unsafe drop point;bus not maintained;brake failure complaint;speed governor not working;seat belts unavailable;emergency exit blocked;bus route unsafe;driver using mobile phone;driver intoxicated;school ignoring complaints;transport contractor violation;inspection requested;parent representation;RTO not acting;education department intervention;urgent vehicle inspection;student safety concern;school transport policy violation,Regional Transport Officer,Chief Educational Officer,Superintendent of Police (Traffic),District Collector,school_name;vehicle_number
consumer_complaint,defective product;defective electronic goods;defective mobile phone;defective vehicle;poor service;service centre delay;refund denied;replacement denied;warranty claim rejected;AMC dispute;false advertisement;online shopping fraud;e-commerce seller issue;delivery of wrong product;damaged goods delivered;duplicate product supplied;service deficiency;unfair trade practice;hidden charges;booking amount not refunded;builder service deficiency;travel package dispute;gym membership dispute;coaching institute dispute;subscription cancellation denied;consumer rights violation;legal notice before consumer commission;representation pending;compensation requested;product safety issue,District Consumer Disputes Redressal Commission,State Consumer Disputes Redressal Commission,Central Consumer Protection Authority,District Collector,shop_name;product_name;purchase_date;bill_number
mrp_overcharging,product sold above MRP;medicine sold above MRP;water bottle sold above MRP;soft drink sold above MRP;cinema canteen overcharging;railway stall overcharging;airport shop overcharging;restaurant charging above MRP for packaged goods;MRP sticker altered;price tag different from bill;hidden charges added;GST charged incorrectly;retailer refusing bill;no price display;festival season overpricing;school canteen overcharging;hospital pharmacy overcharging;fuel additives forced;combo purchase forced;consumer cheated on price;duplicate invoice;cash memo denied;product price manipulated;retailer threatening consumer;online MRP mismatch;MRP tampered after manufacture;illegal surcharge;inspection requested;compensation requested;consumer rights violation,"Assistant Commissioner, Department of Legal Metrology",Controller of Legal Metrology,District Consumer Disputes Redressal Commission,District Collector,shop_name;product_name;purchase_date
short_weighing,short weight in grocery shop;underweight LPG cylinder;gold jewellery weight discrepancy;vegetable vendor using faulty weighing scale;fish market short weighing;meat shop cheating;fuel quantity shortage at petrol bunk;milk quantity less than billed;electronic weighing machine tampered;weights not stamped;expired verification seal;tampered weighing machine;commercial weighing fraud;rice quantity shortage;fertilizer quantity shortage;construction material short supply;shop refusing re-weighment;inspection requested;mobile weighing complaint;consumer cheated in quantity;hidden deduction;packing weight manipulated;delivery quantity mismatch;fair price shop short weighing;market inspection requested;vehicle weighbridge issue;industrial weighbridge issue;legal metrology complaint;penalty requested;repeat offender,Inspector of Legal Metrology,Assistant Controller of Legal Metrology,Controller of Legal Metrology,District Collector,shop_name;product_name
food_adulteration,adulterated milk;adulterated edible oil;artificial colors in food;spoiled packaged food;expired food sold;unsafe sweets;contaminated drinking water served;restaurant serving stale food;food poisoning;fake branded food;substandard spices;adulterated ghee;adulterated tea powder;adulterated coffee powder;illegal food manufacturing;unlicensed food business;food without FSSAI licence;improper food storage;worms in packaged food;foreign particles in food;chemical contamination;restaurant kitchen unhygienic;bakery hygiene issue;street food contamination;consumer illness after food;food sample testing requested;food safety inspection;FSSAI complaint;closure requested;public health risk,"Designated Officer, Food Safety Department",Commissioner of Food Safety,District Collector,Food Safety and Standards Authority of India (State Office),shop_name;product_name;purchase_date
restaurant_hygiene,restaurant unhygienic;kitchen dirty;cockroach infestation;rat infestation;food handlers without gloves;food handlers without hair caps;expired ingredients used;drinking water contaminated;improper waste disposal;blocked drainage;bad smell from kitchen;unclean dining area;toilets not maintained;food poisoning complaint;flies in kitchen;improper refrigeration;unclean utensils;stale food served;restaurant without licence;unsafe cooking practices;gas leak hazard;smoke nuisance;illegal outdoor cooking;public nuisance;food safety inspection requested;repeat hygiene violations;consumer complaint ignored;restaurant operating after closure order;public health concern;licence cancellation requested,"Designated Officer, Food Safety Department",Commissioner of Food Safety,Municipal Commissioner,District Collector,shop_name;street_name;village
pharmacy_violation,expired medicines sold;medicine without bill;Schedule H drugs sold without prescription;narcotic drugs misuse;pharmacist absent;unlicensed pharmacy;duplicate medicines;counterfeit medicines;medicine stored improperly;temperature-sensitive drugs spoiled;MRP overcharging;generic medicine substitution without consent;refusal to issue bill;medicine dispensing error;wrong medicine supplied;expired vaccine;illegal online medicine sales;controlled drugs violation;pharmacy licence expired;unauthorized medical shop;inspection requested;drug quality complaint;drug adverse reaction;public health complaint;chemist misconduct;drug inspector not responding;licence suspension requested;repeat violations;consumer safety issue;urgent inspection,Drug Inspector,Assistant Director of Drugs Control,Director of Drugs Control,District Collector,shop_name;street_name;village
temple_administration,poor temple administration;misuse of temple funds;unauthorized trustee actions;illegal collection of donations;poor maintenance of temple;temple renovation delayed;daily pooja not conducted;festival mismanagement;temple hundial irregularity;staff misconduct;encroachment inside temple;complex property dispute;unauthorized commercial activity;darshan management complaint;VIP privilege misuse;temple records not maintained;heritage structure neglected;public access denied;temple tank neglected;illegal leasing of temple property;HR&CE not responding;audit requested;inspection requested;executive officer misconduct;public grievance;court order not implemented;representation pending;security concerns;temple cleanliness issue;religious endowment complaint,"Executive Officer, Temple","Assistant Commissioner, HR&CE","Joint Commissioner, HR&CE","Commissioner, HR&CE",temple_name;village;taluk
temple_land,temple land encroached;illegal lease of temple land;unauthorized construction on temple land;fake patta for temple land;illegal sale of temple land;forged documents;illegal cultivation;lease renewal dispute;rent arrears not collected;boundary dispute;survey requested;temple land records incorrect;land grabbing;encroachment removal requested;government land wrongly classified;temple property alienation;mutation issue;illegal fencing;commercial use without approval;court order not implemented;HR&CE not acting;District administration not responding;inspection requested;public interest complaint;heritage protection issue;fraudulent registration;patta cancellation requested;illegal subdivision;land restoration requested;urgent eviction,"Assistant Commissioner, HR&CE","Joint Commissioner, HR&CE","Commissioner, HR&CE",District Collector,temple_name;survey_number;village;taluk
festival_permission,festival permission delayed;public procession permission;sound system permission;temporary stage approval;road closure request;religious procession;community festival;cultural programme;police permission delayed;fire safety clearance pending;traffic diversion request;public meeting permission;ground usage permission;pandhal permission;electricity temporary connection;drinking water arrangements;sanitation arrangements;crowd control request;security deployment;permission rejected without reason;conditions disputed;appeal against rejection;late application;festival timing extension;inspection pending;NOC pending;public safety compliance;representation pending;urgent permission;multi-department approval,Revenue Divisional Officer,Superintendent of Police,Station Fire Officer,District Collector,temple_name;festival_name;festival_date;village;taluk
tourist_facility,tourist toilet not maintained;tourist information centre closed;poor sanitation at tourist site;unsafe tourist destination;broken pathways;poor lighting;lack of drinking water;parking issues;ticket counter mismanagement;overcharging tourists;guides demanding excess money;public amenities unavailable;disabled access unavailable;heritage site neglected;garbage accumulation;security concerns;illegal vendors;poor signage;rest house maintenance issue;government tourism hotel complaint;museum facilities poor;public transport connectivity issue;tourist harassment;inspection requested;representation pending;tourism promotion issue;facility upgrade requested;emergency response unavailable;public safety issue;tourism infrastructure complaint,Regional Tourist Officer,Commissioner of Tourism,District Collector,Department of Tourism,facility_name;village;taluk
museum_maintenance,museum building damaged;artifacts not maintained;air conditioning not working;poor lighting;water leakage;public toilets unavailable;ticket counter issue;security concerns;CCTV not working;display boards damaged;digital exhibits not functioning;cleanliness issues;wheelchair access unavailable;fire safety issue;roof leakage;public harassment;parking unavailable;heritage preservation issue;illegal photography dispute;visitor amenities poor;staff misconduct;maintenance delayed;inspection requested;representation pending;public grievance;museum renovation requested;collection preservation concern;public safety issue;government funding delay;accessibility complaint,Museum Curator,Commissioner of Museums,Department of Museums,District Collector,facility_name;village;taluk
public_library,library closed during working hours;books not available;requested books not procured;library membership denied;membership renewal delayed;library card not issued;digital library not functioning;internet unavailable in library;reading hall overcrowded;library building damaged;roof leakage;fans not working;lights not working;drinking water unavailable;toilets not maintained;staff absent;newspapers not supplied;competitive exam books unavailable;children's section inadequate;disabled access unavailable;library timings inconvenient;library computer not working;Wi-Fi unavailable;library records not updated;public disturbance inside library;CCTV not working;security concerns;maintenance neglected;inspection requested;new library requested,District Library Officer,Director of Public Libraries,District Collector,School Education Department,facility_name;village;taluk
sports_facility,playground not maintained;stadium maintenance poor;sports equipment unavailable;coach not appointed;swimming pool closed;gymnasium not functioning;indoor stadium unavailable;sports hostel facilities poor;athletics track damaged;football ground damaged;cricket pitch not maintained;basketball court damaged;volleyball court damaged;lighting not working;drinking water unavailable;toilets not maintained;changing room unavailable;selection trial grievance;sports scholarship delayed;training camp cancelled;public access denied;illegal encroachment on playground;booking issues;membership denied;maintenance funds misused;inspection requested;new sports facility requested;public safety concern;disabled sports facilities unavailable;representation pending,District Sports Officer,"Regional Joint Director, Sports Development Authority of Tamil Nadu","Member Secretary, SDAT",District Collector,facility_name;village;taluk
aadhaar_update,Aadhaar address update pending;name correction pending;date of birth correction;mobile number update;email update;gender correction;biometric update delayed;Aadhaar locked;Aadhaar suspended;application rejected;document verification pending;duplicate Aadhaar issue;Aadhaar PVC card not received;Aadhaar download issue;demographic update failed;wrong photograph;incorrect relationship details;language correction;authentication failure;Aadhaar not linked with DBT;bank seeding issue;Aadhaar not linked to ration card;UIDAI portal error;e-Seva centre delay;operator misconduct;appointment unavailable;urgent Aadhaar update;representation pending;identity verification issue;resident data mismatch,"Manager, Aadhaar Seva Kendra / TNeGA e-Sevai Centre","Regional Office, UIDAI",State e-Governance Agency (TNeGA),District Collector,enrolment_number;centre_name
aadhaar_enrolment,new Aadhaar enrolment delayed;child Aadhaar enrolment;newborn Aadhaar not issued;appointment unavailable;documents rejected wrongly;biometric capture failed;iris scan failed;fingerprint capture failed;enrolment acknowledgement lost;Aadhaar not generated;enrolment cancelled;duplicate enrolment issue;resident details incorrect;address proof rejected;proof of identity rejected;proof of birth rejected;operator absent;enrolment centre closed;token not issued;long waiting time;special camp requested;home enrolment for disabled;senior citizen enrolment assistance;tribal area enrolment issue;mobile enrolment unit requested;representation pending;UIDAI technical issue;urgent enrolment required;passport application delayed due to Aadhaar;school admission affected,"Manager, Aadhaar Seva Kendra / TNeGA e-Sevai Centre","Regional Office, UIDAI",State e-Governance Agency (TNeGA),District Collector,enrolment_number;centre_name
aadhaar_biometric_issue,biometric mismatch;fingerprint authentication failed;iris authentication failed;face authentication failed;elderly biometric failure;manual authentication denied;Aadhaar authentication failed for pension;PDS biometric failure;bank biometric failure;MNREGA biometric issue;EPFO authentication failed;NPCI authentication issue;duplicate biometric records;wrong biometric linked;biometric update pending;child biometric update due;UIDAI error;device malfunction;operator error;authentication lock;identity verification failed;e-KYC failure;SIM verification failure;DBT stopped due to Aadhaar;medical condition affecting biometrics;representation pending;urgent biometric update;disabled person authentication issue;authentication exemption requested;government benefits denied,"Manager, Aadhaar Seva Kendra / TNeGA e-Sevai Centre","Regional Office, UIDAI",State e-Governance Agency (TNeGA),District Collector,enrolment_number;centre_name
passport_police_verification,police verification delayed;police verification pending;adverse police report issued wrongly;address verification issue;neighbour verification dispute;verification officer absent;verification appointment delayed;passport file pending at police station;incorrect police remarks;tenant verification issue;employment verification issue;criminal record wrongly reported;identity mismatch;document verification pending;police demanding bribe;verification not completed;re-verification requested;verification after address change;verification for minor passport;verification after marriage;urgent passport verification;representation pending;passport office waiting for police report;police portal not updated;verification status incorrect;inspection requested;passport application held up;verification certificate correction;false adverse report;police inaction,Inspector of Police,Deputy Superintendent of Police,Superintendent of Police / Commissioner of Police,Regional Passport Officer,application_number;police_station
passport_delay,passport not issued;passport printing delayed;passport dispatch delayed;application under review;passport application pending;tatkal passport delayed;reissue passport delayed;renewal delayed;passport booklet damaged;passport lost and reissue delayed;passport withheld;police clearance received but passport pending;file under administrative review;document verification pending;address mismatch;name mismatch;DOB mismatch;urgent passport for employment;urgent passport for education;urgent passport for medical treatment;passport tracking not updated;representation pending;passport returned undelivered;passport office appointment unavailable;passport portal error;passport office not responding;grievance unresolved;embassy document urgency;travel date approaching;application wrongly closed,Regional Passport Officer,"Joint Secretary (Passport Services), Ministry of External Affairs",Chief Passport Officer,District Collector,application_number;application_date
passport_document_issue,passport application rejected due to documents;birth certificate mismatch;name mismatch in passport;spelling correction;date of birth correction;address proof rejected;marriage certificate issue;divorce decree issue;legal heir documentation;adoption documents;court order required;annexure discrepancy;police clearance mismatch;educational certificate mismatch;identity proof rejected;citizenship proof issue;ECNR endorsement issue;ECR removal request;minor passport consent issue;single parent passport issue;guardian documents rejected;reissue due to damaged passport;duplicate passport request;supporting documents not accepted;representation pending;urgent document verification;passport correction request;document upload failure;application resubmission;document scrutiny delay,Regional Passport Officer,"Joint Secretary (Passport Services), Ministry of External Affairs",Chief Passport Officer,District Collector,application_number;application_date
pan_correction,PAN name correction;father's name correction;date of birth correction;photograph correction;signature correction;gender correction;PAN linked to wrong Aadhaar;duplicate PAN;PAN surrender issue;PAN card not received;PAN data mismatch;PAN reprint delayed;NSDL application pending;UTIITSL application pending;e-PAN not downloadable;PAN linked to wrong mobile number;income tax profile mismatch;PAN verification failed;bank KYC affected;demat KYC affected;GST registration affected;company PAN issue;minor PAN correction;representation pending;document verification delayed;application rejected;urgent PAN correction;identity mismatch;tax filing affected;financial transaction blocked,PAN Service Centre (NSDL/UTIITSL),Income Tax Officer (Jurisdictional),Principal Chief Commissioner of Income Tax,CBDT Grievance Cell,application_number;application_date
pan_application_delay,new PAN application pending;e-PAN not generated;physical PAN not delivered;application under verification;document verification pending;identity proof rejected;address proof rejected;date of birth proof rejected;application wrongly rejected;duplicate application issue;NSDL portal error;UTIITSL portal error;Aadhaar authentication failed;e-KYC issue;mobile OTP failure;email verification failure;PAN allotted but card not printed;urgent PAN for employment;urgent PAN for bank account;urgent PAN for company registration;tracking not updated;representation pending;dispatch delayed;application closed incorrectly;document upload failed;digital signature issue;foreign citizen PAN delay;minor PAN application delay;grievance unresolved;application processing delay,PAN Service Centre (NSDL/UTIITSL),Income Tax Officer (Jurisdictional),Principal Chief Commissioner of Income Tax,CBDT Grievance Cell,application_number;application_date
voter_id_addition,new voter registration pending;Form 6 application pending;eligible voter omitted;18 years completed but not enrolled;name missing from electoral roll;online application pending;offline application not processed;address verification delayed;BLO not visited;duplicate application issue;application rejected wrongly;citizenship proof dispute;residence proof rejected;student voter registration;tenant voter registration;married woman registration;shifted residence registration;NRI voter eligibility;service voter issue;application status not updated;EPIC not generated;electoral roll revision issue;special camp grievance;Aadhaar linkage issue;BLO misconduct;wrong assembly constituency assigned;representation pending;urgent inclusion before election;summary revision complaint;continuous updation request,Electoral Registration Officer (ERO),District Election Officer,"Chief Electoral Officer, Tamil Nadu",Election Commission of India,application_number;part_number;village
voter_id_correction,name spelling correction;date of birth correction;gender correction;photograph correction;address correction;relationship correction;EPIC details incorrect;duplicate voter record;part number correction;section number correction;assembly constituency correction;transposition within constituency;Aadhaar mismatch;identity proof mismatch;application under verification;Form 8 pending;BLO verification delayed;EPIC printing error;electoral roll correction delayed;online correction pending;offline correction pending;application rejected wrongly;supporting documents ignored;representation pending;urgent correction before election;wrong language in EPIC;mobile number update;email update;status not updated;EPIC not reissued,Electoral Registration Officer (ERO),District Election Officer,"Chief Electoral Officer, Tamil Nadu",Election Commission of India,epic_number;part_number;village
voter_id_deletion,duplicate voter entry;deceased voter not removed;shifted residence deletion;wrongful deletion from electoral roll;Form 7 pending;objection to inclusion;bogus voter complaint;multiple EPIC records;deletion request rejected;verification not conducted;BLO not responding;illegal deletion;family member deleted wrongly;deceased records not updated;objection pending;electoral fraud complaint;wrong constituency deletion;online request pending;offline request pending;identity verification issue;citizenship dispute;representation pending;electoral roll purification;court order not implemented;status not updated;duplicate household entries;summary revision grievance;urgent restoration requested;EPIC cancellation issue;false objection complaint,Electoral Registration Officer (ERO),District Election Officer,"Chief Electoral Officer, Tamil Nadu",Election Commission of India,epic_number;part_number;village
polling_station_issue,polling booth too far;polling station shifted without notice;name missing at polling station;incorrect polling station assigned;disabled access unavailable;wheelchair unavailable;ramp not provided;drinking water unavailable;toilet unavailable;long queue mismanagement;EVM malfunction;VVPAT issue;polling staff misconduct;voter intimidation;campaigning near booth;law and order issue;security concerns;booth accessibility issue;women voter facilities unavailable;senior citizen facilities unavailable;incorrect voter slip;polling station overcrowded;temporary polling station issue;public grievance on polling arrangements;inspection requested;model code violation;polling infrastructure complaint;representation pending;re-poll request;urgent election arrangement,Returning Officer,District Election Officer,"Chief Electoral Officer, Tamil Nadu",Election Commission of India,polling_station;village
rti_application,RTI application drafting;information under RTI Act;certified copies requested;file noting requested;status of government application;inspection of records;government expenditure details;tender information;recruitment records;land records requested;revenue records;building approval details;environment clearance records;beneficiary list requested;contract copy requested;government order copy;official correspondence requested;delay in public service details;department-wise information;action taken report requested;scheme implementation details;public authority records;citizen information request;online RTI filing;fee payment clarification;BPL applicant RTI;life and liberty RTI;information in electronic form;postal RTI application;RTI assistance requested,Public Information Officer (Concerned Department),,,,pio_office;application_date
rti_first_appeal,no reply within 30 days;incomplete information supplied;information denied wrongly;Section 8 wrongly invoked;higher fee demanded;information misleading;documents withheld;inspection denied;certified copies refused;PIO transferred application improperly;partial disclosure;delay beyond statutory period;life and liberty RTI delayed;BPL RTI rejected;records stated unavailable;file noting denied;electronic records denied;appeal against deemed refusal;public interest ignored;appeal against excessive fees;wrong public authority transfer;non-speaking order;representation against PIO;hearing requested;penalty against PIO requested;FAA not disposing appeal;delay by First Appellate Authority;information destroyed allegation;urgent hearing requested;compliance with RTI Act requested,First Appellate Authority (Concerned Department),,,,pio_office;application_date;application_number
rti_second_appeal,first appeal not disposed;FAA order ignored;information still denied;non-compliance with FAA order;PIO repeatedly refusing information;malafide denial;false information supplied;records concealed;delay after first appeal;public authority non-compliance;penalty on PIO requested;compensation sought;inspection denied despite appeal;certified copies withheld;public interest ignored;wrong exemption invoked;records destroyed allegation;hearing before Information Commission;complaint under RTI Act;deemed refusal continued;FAA biased decision;life and liberty information delayed;electronic records denied;systemic RTI violation;urgent intervention requested;state information commission hearing;compliance monitoring;department ignoring RTI Act;constitutional transparency issue;representation pending,Tamil Nadu State Information Commission,,,,pio_office;application_date;application_number
court_certified_copy,certified copy application pending;judgment copy delayed;order copy delayed;decree copy pending;copy application not numbered;urgent copy not issued;copying section delay;missing case records;incorrect certified copy;illegible copy supplied;copy fee dispute;copy application rejected;copy ready but not delivered;online copy application pending;e-Courts copy issue;copy status not updated;appeal limitation affected;advocate copy request;party-in-person request;multiple copy requests;certified translation requested;annexures missing;copy authentication issue;representation to court registry;copy lost in transit;duplicate certified copy;urgent certified copy;registry not responding;judicial delay complaint;record reconstruction requested,Copying Section Superintendent / Registrar (Concerned Court),Principal District Judge / Registrar,High Court Registrar General,,case_number;court_name
legal_aid_request,free legal aid requested;legal aid for women;legal aid for SC/ST;legal aid for senior citizen;legal aid for disabled person;legal aid for child;legal aid for domestic violence case;legal aid for maintenance case;legal aid for labour dispute;legal aid for consumer dispute;legal aid for land dispute;legal aid for criminal defence;legal aid for accident claim;legal aid lawyer not appointed;legal aid advocate changed;poor representation by legal aid counsel;Lok Adalat referral requested;pre-litigation mediation;victim compensation assistance;legal awareness request;prison legal aid;juvenile legal aid;family court legal aid;appeal legal aid;representation pending;financial eligibility dispute;urgent legal assistance;legal services camp requested;legal counselling requested;case follow-up,"Secretary, District Legal Services Authority","Member Secretary, Tamil Nadu State Legal Services Authority","Executive Chairman, Tamil Nadu State Legal Services Authority",,case_details_summary;court_name
lok_adalat_request,pre-litigation Lok Adalat request;pending civil case settlement;motor accident claim settlement;bank loan settlement;family dispute settlement;matrimonial dispute;cheque bounce settlement;labour dispute settlement;electricity bill dispute;water tax dispute;property tax settlement;consumer dispute settlement;partition dispute;money recovery dispute;insurance claim settlement;compoundable criminal case;land boundary dispute;neighbour dispute settlement;execution petition settlement;pending appeal settlement;mediation request;mutual compromise;settlement award copy;Lok Adalat date request;case not listed;representation pending;urgent settlement;legal services assistance;conciliation request;amicable resolution,"Secretary, District Legal Services Authority","Member Secretary, Tamil Nadu State Legal Services Authority","Executive Chairman, Tamil Nadu State Legal Services Authority",,case_number;court_name
commercial_tax_refund,commercial tax refund pending;VAT refund delayed;CST refund pending;excess tax paid;wrong tax assessment leading to refund;refund withheld without reason;refund adjusted incorrectly;refund application pending;interest on delayed refund;manual refund not processed;TIN migration issue;legacy VAT refund;appeal order refund not given;court order refund pending;duplicate tax payment;refund due after assessment revision;refund due after appellate order;refund portal issue;bank account mismatch;refund verification pending;department not responding;refund rejected without speaking order;rectification pending;refund file missing;representation pending;urgent refund for business continuity;audit completed but refund withheld;tax officer delay;refund calculation error;refund sanction not issued,State Tax Officer,Deputy Commissioner (Commercial Taxes),Joint Commissioner (Commercial Taxes),Commissioner of Commercial Taxes,gstin;refund_period
gst_registration_issue,GST registration pending;GST registration rejected;GST registration cancelled wrongly;revocation of cancellation pending;GSTIN not generated;Aadhaar authentication failed;business address verification delayed;additional place of business issue;amendment pending;core field amendment;non-core amendment;registration suspended;PAN mismatch;constitution of business change;authorized signatory issue;digital signature error;EVC failure;portal technical error;new business registration delayed;casual taxable person registration;composition registration issue;registration migration issue;application under clarification;clarification submitted but pending;registration restored by order not implemented;representation pending;appeal against rejection;GST officer not responding;physical verification delay;startup registration issue,State Tax Officer,Deputy Commissioner (Commercial Taxes),Joint Commissioner (Commercial Taxes),Commissioner of Commercial Taxes,arn_number;business_name
gst_refund_delay,GST refund pending;IGST export refund delayed;inverted duty refund pending;excess cash ledger refund;SEZ refund pending;refund application under process;RFD-01 pending;deficiency memo dispute;refund withheld;refund rejected wrongly;interest on delayed refund;shipping bill mismatch;invoice mismatch;bank account validation failed;refund after appellate order;refund after court order;export without payment refund;accumulated ITC refund;manual refund issue;GST portal error;verification delayed;officer not issuing order;representation pending;urgent working capital issue;startup refund delayed;MSME refund delay;refund reprocessed;duplicate application issue;refund credited to wrong account;sanction order pending,State Tax Officer,Deputy Commissioner (Commercial Taxes),Joint Commissioner (Commercial Taxes),Commissioner of Commercial Taxes,gstin;arn_number;refund_period
professional_tax_issue,professional tax assessment dispute;professional tax overcharged;professional tax demand incorrect;professional tax exemption denied;professional tax registration pending;professional tax enrolment certificate issue;professional tax renewal pending;professional tax payment not updated;duplicate demand notice;wrong employee count;penalty imposed wrongly;interest calculation dispute;closure of business not updated;trade discontinued but tax demanded;online portal issue;property linked incorrectly;assessment revision requested;refund of excess payment;appeal against assessment;name correction;address correction;TIN/PTIN mismatch;representation pending;municipal officer not responding;collection error;double taxation complaint;professional tax certificate pending;compliance dispute;urgent correction;business licence linked issue,Commissioner / Executive Officer (Local Body),Regional Director of Municipal Administration,Director of Municipal Administration,District Collector,assessment_number;business_name
trade_licence,new trade licence pending;shop licence application delayed;trade licence rejected;business licence renewal refused;incorrect licence category;food business licence linked issue;licence inspection delayed;health inspector report pending;fire NOC pending;building approval linked issue;trade licence transfer;change of ownership;change of business activity;address change;duplicate licence requested;licence lost;licence cancellation dispute;online application pending;fees paid but licence not issued;representation pending;illegal demand by officials;licence validity correction;temporary trade licence;street business licence;commercial establishment licence;municipal portal error;inspection not conducted;licence conditions disputed;urgent licence for business;startup licence issue,Commissioner / Executive Officer / Block Development Officer,Regional Director of Municipal Administration / Assistant Director of Town Panchayats,Director of Municipal Administration / Director of Town Panchayats,District Collector,application_number;shop_name;ward_number
trade_licence_renewal,trade licence renewal delayed;renewal application pending;renewal rejected wrongly;fees paid but renewal not issued;inspection pending;health certificate pending;fire safety certificate pending;ownership change affecting renewal;address change pending;business activity modification;late fee dispute;penalty dispute;renewal portal issue;duplicate renewal application;renewal certificate not downloadable;renewal approval withheld;representation pending;renewal after court order;licence expired during processing;renewal refused without reasons;commercial tax linkage issue;GST linkage issue;building approval pending;temporary renewal requested;renewal for seasonal business;renewal status not updated;document verification pending;renewal certificate correction;urgent renewal request;business closure due to delay,Commissioner / Executive Officer / Block Development Officer,Regional Director of Municipal Administration / Assistant Director of Town Panchayats,Director of Municipal Administration / Director of Town Panchayats,District Collector,licence_number;shop_name;ward_number
street_vendor_certificate,street vendor certificate pending;Certificate of Vending not issued;vendor survey not conducted;vendor omitted from survey;Town Vending Committee not functioning;vending zone allocation pending;eviction despite eligibility;identity card not issued;renewal delayed;change of vending location;hawker licence pending;vendor harassment;illegal eviction;confiscation of goods;representation against eviction;weekly market allocation;night market permission;women vendor issue;disabled vendor issue;bank loan linked vendor certificate;PM SVANidhi eligibility issue;vendor category correction;appeal against rejection;survey list correction;vending fee dispute;temporary vending permission;certificate lost;duplicate certificate;urban livelihood issue;municipal enforcement complaint,Commissioner / Executive Officer,Town Vending Committee,District Collector,Director of Municipal Administration,application_number;market_place
shop_sealing,shop sealed without notice;illegal shop sealing;seal not removed after compliance;building violation linked sealing;trade licence dispute;fire safety compliance completed;food licence issue;court stay ignored;lock and seal action challenged;encroachment dispute;tax arrears linked sealing;unauthorized commercial use;representation before reopening;partial sealing requested;wrong premises sealed;tenant shop sealed instead of owner;essential service shop sealed;inspection report disputed;high court order not implemented;seal broken allegation;appeal against sealing;municipal enforcement excess;business loss due to illegal sealing;urgent reopening request;compliance certificate submitted;hearing not provided;principles of natural justice violated;shop inventory damaged;illegal demolition threat;restoration of business requested,Commissioner / Executive Officer,Regional Director of Municipal Administration,District Collector,Director of Municipal Administration,shop_name;door_number;street_name
cmda_planning_permission,CMDA planning permission pending;planning permit rejected;building plan approval delayed;planning permit revision;additional floor approval;change of land use;special building approval;multi-storeyed building approval;planning permission transfer;revalidation of planning permit;planning permit expired;NOC pending;fire NOC pending;airport NOC pending;environment clearance pending;ownership document dispute;gift deed issue affecting approval;patta mismatch;survey number mismatch;FMB discrepancy;setback dispute;FSI calculation dispute;OSR issue;road widening reservation;appeal against rejection;representation pending;online application pending;scrutiny delayed;completion certificate linked;development charge dispute,"Member Secretary, CMDA","Chief Planner, CMDA","Commissioner, CMDA",Housing and Urban Development Department,application_number;door_number;street_name;ward_number;survey_number
dtcp_layout_approval,DTCP layout approval pending;layout regularisation;layout rejected;subdivision approval delayed;gift deed for roads pending;open space reservation issue;road width dispute;park reservation issue;layout sketch correction;survey mismatch;patta mismatch;planning permit linked issue;technical approval pending;developer not complying with DTCP norms;appeal against rejection;reclassification linked issue;agricultural land conversion;unauthorised layout regularisation;layout completion pending;layout release order delayed;document scrutiny pending;fees paid but approval pending;online portal issue;representation pending;inspection delayed;site verification pending;gift deed registration issue;approval validity extension;development charges dispute;public infrastructure compliance,"Assistant Director, DTCP","Deputy Director, DTCP",Director of Town and Country Planning,District Collector,application_number;survey_number;village;taluk
unauthorised_layout,unauthorised layout formed;plots sold without DTCP approval;layout lacking approval;illegal plotting of agricultural land;roads not gifted to local body;OSR land encroached;buyers cheated by promoter;layout regularisation requested;electricity denied due to unapproved layout;water connection denied;building approval refused due to layout status;fake DTCP approval;forged layout approval;layout advertisement misleading;developer absconding;survey mismatch;patta not issued;road access unavailable;drainage not provided;streetlights absent;public amenities missing;layout violating master plan;layout overlapping government land;layout on waterbody;layout on poromboke land;representation for regularisation;planning authority not responding;developer violating approval conditions;completion certificate pending;citizen complaint against illegal layout,"Assistant Director, DTCP","Deputy Director, DTCP",Director of Town and Country Planning,District Collector,survey_number;village;taluk;promoter_details
occupation_certificate,occupation certificate pending;OC not issued after construction;building occupied without OC;OC application delayed;completion inspection pending;fire NOC pending;CMDA approval linked;DTCP approval linked;structural stability certificate pending;water connection linked;sewer connection linked;builder refusing to obtain OC;builder handing over flats without OC;municipality delaying OC;online application pending;fees paid but OC not issued;inspection report pending;minor deviations dispute;major deviation dispute;representation pending;appeal against rejection;court order not implemented;apartment association grievance;unsafe occupation allegation;bank loan affected due to missing OC;property registration affected;electricity service linked issue;developer non-compliance;document scrutiny pending;urgent OC requested,Commissioner / Executive Officer,"Regional Director of Municipal Administration / Deputy Director, DTCP",Director of Municipal Administration / Director of Town and Country Planning,District Collector,application_number;door_number;street_name;ward_number;survey_number
completion_certificate,completion certificate pending;builder failed to obtain completion certificate;completion inspection delayed;construction completed but certificate not issued;minor deviations regularisation;major deviation dispute;CMDA completion certificate;DTCP completion certificate;occupancy linked issue;fire NOC pending;environment clearance pending;lift inspection pending;structural stability certificate pending;builder abandoned project;completion certificate rejected;online application pending;fees paid but certificate not issued;representation pending;inspection not conducted;court order not implemented;bank loan affected;property registration issue;association taking over building;public amenities incomplete;stormwater drain incomplete;road works incomplete;OSR handover pending;developer compliance pending;urgent certificate required;government office delay,Commissioner / Executive Officer,"Regional Director of Municipal Administration / Deputy Director, DTCP",Director of Municipal Administration / Director of Town and Country Planning,District Collector,application_number;door_number;street_name;ward_number;survey_number
unsafe_building,building likely to collapse;cracks in structural members;dangerous old building;tilting building;roof collapse risk;wall collapse risk;unsafe commercial building;unsafe apartment;complex structural defects;abandoned dangerous building;public safety risk;falling plaster;exposed reinforcement;illegal occupation of unsafe building;building damaged by fire;building damaged by flood;school building unsafe;hospital building unsafe;government building unsafe;demolition requested;structural audit requested;builder ignoring complaints;owner refusing repairs;municipality not acting;evacuation requested;court order ignored;inspection delayed;representation pending;public nuisance;urgent demolition,Commissioner / Executive Officer,"Executive Engineer, PWD (Buildings)",District Collector,Director of Municipal Administration,building_name;door_number;street_name
dangerous_excavation,deep excavation without barricades;excavation causing neighbouring building cracks;illegal basement excavation;excavation near public road;excavation causing soil erosion;excavation causing water pipeline damage;excavation causing sewer damage;unsafe construction pit;children at risk due to open pit;excavation without permission;builder ignoring safety norms;excavation causing traffic obstruction;retaining wall not provided;groundwater seepage;excavation causing adjacent wall collapse;night work causing danger;public complaint;labour safety violation;inspection requested;stop work requested;builder not responding;municipality not acting;road cave-in risk;utility cable damage;gas pipeline risk;stormwater drain damage;representation pending;court order ignored;emergency intervention;public safety hazard,Commissioner / Executive Officer,Assistant Executive Engineer (Local Body),District Collector,Director of Municipal Administration,village;taluk;street_name
groundwater_extraction,illegal groundwater extraction;commercial tanker drawing groundwater;deep borewell without permission;groundwater depletion;illegal packaged drinking water unit;industrial groundwater overuse;groundwater contamination;neighbour extracting excessive groundwater;permission not obtained;CGWA compliance issue;well dried due to nearby extraction;public drinking water affected;groundwater recharge ignored;illegal borewell in apartment;complex over-extraction;agricultural groundwater dispute;groundwater monitoring requested;inspection requested;closure of illegal borewell;representation pending;environmental violation;water table decline;illegal sale of groundwater;government office not responding;public interest complaint;urgent inspection;water conservation issue;rainwater harvesting not implemented;overuse by commercial establishments;district intervention requested,"Executive Engineer, Water Resources Department",District Collector,"Chief Engineer, Water Resources Department",State Ground and Surface Water Resources Data Centre,village;taluk;street_name;extractor_details
illegal_borewell,borewell drilled without permission;abandoned borewell left open;unsafe borewell;commercial borewell without approval;borewell near sewage line;borewell contaminating groundwater;illegal borewell in apartment;illegal borewell in factory;multiple borewells without permission;failed borewell dispute;public borewell encroached;government borewell damaged;drinking water source affected;deep borewell causing neighbouring wells to dry;children at risk from open borewell;closure requested;inspection requested;penalty requested;representation pending;water tanker supply linked issue;village panchayat not acting;municipality not acting;environmental violation;urgent sealing requested;groundwater authority complaint;illegal extraction complaint;well ownership dispute;survey requested;water scarcity complaint;collector intervention requested,"Executive Engineer, Water Resources Department",District Collector,"Chief Engineer, Water Resources Department",State Ground and Surface Water Resources Data Centre,village;taluk;street_name
rainwater_harvesting,rainwater harvesting not implemented;mandatory RWH absent;RWH structure damaged;RWH not maintained;apartment not complying;commercial building non-compliance;government building lacking RWH;inspection requested;water stagnation due to poor RWH;groundwater recharge affected;builder failed to construct RWH;school lacking RWH;hospital lacking RWH;industry non-compliance;stormwater not connected;municipality not enforcing rules;public awareness request;repair of RWH;financial assistance requested;representation pending;environmental compliance;water conservation issue;building approval linked;occupation certificate linked;groundwater recharge inspection;illegal diversion of rainwater;drain blockage affecting RWH;rooftop harvesting issue;community RWH proposal;urgent inspection,Commissioner / Executive Officer,"Executive Engineer, Water Resources Department",District Collector,Director of Municipal Administration,door_number;street_name;ward_number
canal_encroachment,irrigation canal encroached;canal blocked by construction;illegal fencing of canal;canal narrowed;agricultural access blocked;water flow obstructed;garbage dumped into canal;sewage entering canal;illegal bridge across canal;cultivation inside canal;commercial encroachment;public pathway blocked;sluice damaged;desilting not carried out;water distribution affected;illegal pumping from canal;survey requested;encroachment removal requested;representation pending;Water Resources Department not acting;flood risk due to obstruction;court order ignored;public interest complaint;inspection requested;boundary demarcation;restoration requested;canal maintenance issue;illegal diversion of water;irrigation affected;collector intervention requested,"Assistant Executive Engineer, Water Resources Department","Executive Engineer, Water Resources Department","Chief Engineer, Water Resources Department",District Collector,waterbody_name;village;taluk;encroacher_details
tank_desilting,irrigation tank not desilted;village pond silt removal;water storage reduced;supply channel blocked;tank bund damaged;encroachment affecting tank;weed growth in tank;sluice repair needed;surplus weir damaged;public contribution for desilting;CSR desilting proposal;government desilting delayed;farmer representation;drinking water source restoration;lake restoration requested;rainwater storage affected;fishery affected;water recharge affected;PWD not acting;WRD not responding;inspection requested;survey requested;flood mitigation requested;environmental restoration;representation pending;collector intervention requested;public participation requested;urgent desilting before monsoon;water scarcity mitigation;irrigation improvement,"Assistant Executive Engineer, Water Resources Department","Executive Engineer, Water Resources Department","Chief Engineer, Water Resources Department",District Collector,waterbody_name;village;taluk
solar_net_metering,solar net metering application pending;net meter installation delayed;solar export not recorded;import export reading mismatch;solar subsidy linked issue;discom approval delayed;feasibility approval pending;meter replacement delayed;bi-directional meter faulty;solar capacity approval delayed;inspection pending;synchronization approval pending;consumer number mismatch;Aadhaar mismatch;bank details for subsidy incorrect;vendor installation completed but meter not installed;billing error after solar installation;excess generation not credited;net meter removed without notice;transformer capacity issue;technical feasibility rejected;online application pending;portal error;representation pending;inspection not conducted;solar rooftop approval delayed;government building solar issue;apartment solar net metering;industry solar connection;urgent commissioning requested,"Assistant Executive Engineer, TANGEDCO","Executive Engineer, TANGEDCO","Superintending Engineer, TANGEDCO","Chief Engineer (Distribution), TANGEDCO",consumer_number;application_number
power_theft_report,illegal electricity connection;hooking from overhead line;meter bypass;meter tampering;direct theft from transformer;commercial power theft;industrial power theft;illegal agricultural connection;streetlight power theft;construction site power theft;unauthorized extension of supply;fake meter seals;suspected meter manipulation;power theft by neighbour;public safety due to illegal wiring;repeat theft complaint;anonymous complaint;inspection requested;vigilance inspection requested;TANGEDCO not responding;loss to government;representation pending;video evidence submitted;tampered CT/PT;unauthorized load increase;illegal reconnection after disconnection;energy audit discrepancy;transformer overload due to theft;urgent disconnection requested;consumer complaint ignored,"Assistant Executive Engineer, TANGEDCO","Executive Engineer, TANGEDCO","Superintending Engineer, TANGEDCO","Chief Vigilance Officer, TANGEDCO",street_name;village
electric_pole_shift,electric pole obstructing entrance;pole inside private property;pole affecting building construction;pole blocking road widening;pole relocation for CMDA approval;pole relocation for DTCP approval;leaning electric pole;damaged electric pole;pole hit by vehicle;unsafe electric pole;pole obstructing drainage;pole affecting gate access;pole inside proposed building footprint;HT pole relocation;LT pole relocation;transformer relocation;new service connection affected;pole near school entrance;pole near hospital access;tree growth affecting pole;storm damage;road project requiring pole shift;cost estimate pending;payment made but work pending;inspection delayed;representation pending;contractor not responding;public safety issue;urgent relocation;accident risk,"Assistant Executive Engineer, TANGEDCO","Executive Engineer, TANGEDCO","Superintending Engineer, TANGEDCO","Chief Engineer (Distribution), TANGEDCO",consumer_number;street_name;door_number
mobile_network_issue,poor mobile signal;no mobile coverage;frequent call drops;4G not available;5G not available;slow mobile internet;network outage;SIM activation delayed;SIM deactivation without notice;tower outage;indoor coverage poor;village without mobile network;emergency calls failing;network congestion;porting issue (MNP);tower radiation concern;illegal mobile tower;tower installation objection;billing despite no network;international roaming issue;OTP not received;tower power backup failure;representation pending;service provider not responding;consumer grievance;TRAI complaint;DoT grievance;network quality issue;rural connectivity issue;urgent connectivity required,"Nodal Officer, Concerned Telecom Service Provider","Appellate Authority, Concerned Telecom Service Provider",Department of Telecommunications (TERM Cell),TRAI,service_provider;connection_number;village
broadband_issue,broadband not working;fiber cable damaged;internet speed lower than plan;connection installation delayed;service activation pending;frequent disconnection;router not configured;ONT device faulty;cable cut;billing despite no service;refund for downtime;shift connection pending;connection wrongly disconnected;business broadband issue;leased line outage;FTTH installation delay;poor Wi-Fi due to ISP issue;customer care not responding;static IP issue;service engineer not visiting;online complaint unresolved;representation pending;TRAI grievance;DoT grievance;consumer complaint;network congestion;latency issue;packet loss;international connectivity issue;urgent restoration,"Nodal Officer, Concerned Internet Service Provider","Appellate Authority, Concerned Internet Service Provider",Department of Telecommunications (TERM Cell),TRAI,service_provider;connection_number;village
cable_tv_issue,cable TV signal lost;set-top box not working;channels removed;paid channels not activated;billing dispute;excess subscription charges;poor picture quality;frequent signal interruption;cable operator not responding;connection installation delayed;refund not given;illegal cable disconnection;DTH installation issue;local cable operator dispute;FTA channels blocked;channel package mismatch;service outage;decoder replacement delayed;cable cut;customer service issue;representation pending;TRAI complaint;broadcast issue;consumer grievance;digital addressable system issue;operator licence issue;monthly charges dispute;duplicate billing;urgent restoration;public complaint,"Nodal Officer, Concerned Cable TV Operator / MSO","Appellate Authority, Concerned MSO",TRAI,District Collector,service_provider;connection_number;village
postal_delivery,speed post not delivered;registered post delayed;ordinary post missing;parcel lost;parcel damaged;wrong delivery;postal article returned wrongly;postman not delivering;address verification issue;PIN code error;insured parcel issue;COD article issue;money order delayed;international post delayed;EMS parcel delay;postal tracking not updated;passport dispatch delayed through post;government document lost;parcel tampered;delivery attempted falsely;door delivery denied;post office not responding;representation pending;consumer complaint;mail theft allegation;urgent delivery;postal complaint unresolved;delivery to wrong address;bulk mail issue;public grievance,Senior Superintendent of Post Offices,Postmaster General (Region),"Chief Postmaster General, Tamil Nadu Circle",Department of Posts,post_office_name;article_number
postal_savings,post office savings account issue;RD account issue;TD account issue;MIS account issue;NSC maturity issue;KVP encashment delayed;PPF withdrawal delayed;SCSS interest not credited;passbook not updated;nomination issue;account transfer delayed;account closure pending;wrong interest calculation;duplicate account issue;CBS migration issue;online banking issue;ATM card not issued;IPPB linkage issue;signature mismatch;KYC pending;Aadhaar linkage issue;cheque clearance delay;withdrawal denied;representation pending;postal staff misconduct;investment certificate lost;refund pending;grievance unresolved;financial loss;urgent withdrawal requested,Senior Superintendent of Post Offices,Postmaster General (Region),"Chief Postmaster General, Tamil Nadu Circle",Department of Posts,post_office_name;account_number
railway_cleanliness,dirty railway station;unclean platform;overflowing dustbins;toilets not cleaned;coach cleanliness poor;garbage on tracks;drainage issue at station;drinking water unavailable;waiting hall unclean;platform pest infestation;mosquito menace;coach not cleaned before boarding;bedroll hygiene issue;AC coach hygiene;food waste accumulation;station foul smell;escalator not maintained;lift cleanliness;public health concern;contractor not cleaning;station manager not responding;representation pending;inspection requested;coach cleaning during journey;bio-toilet issue;track maintenance issue;public complaint;passenger amenity issue;urgent sanitation required;Swachh Rail complaint,Station Manager,Divisional Railway Manager,"General Manager, Zonal Railway",Railway Board,station_name;train_number
railway_ticket_refund,ticket refund delayed;TDR claim pending;train cancelled refund;partial journey refund;online refund pending;counter ticket refund;duplicate payment;wrong fare charged;failed transaction;IRCTC refund delayed;refund after waitlist cancellation;refund after train diversion;refund after AC failure;refund due to coach downgrade;bank account not credited;UPI refund pending;refund after court order;ticket cancellation dispute;GST invoice issue;refund rejected wrongly;representation pending;IRCTC not responding;railway claims issue;travel disruption compensation;refund calculation error;emergency cancellation;medical cancellation;natural calamity cancellation;urgent refund requested;passenger grievance,Chief Commercial Inspector / Station Manager,Divisional Commercial Manager,Divisional Railway Manager,IRCTC / Zonal Railway,pnr_number;journey_date;train_number
railway_safety,unsafe railway crossing;unmanned level crossing issue;damaged railway bridge;broken platform edge;missing platform fencing;track damage;rail fracture suspected;signal failure;unsafe foot overbridge;escalator safety issue;lift malfunction at station;poor platform lighting;trespassing due to inadequate fencing;dangerous gap between train and platform;train overshooting platform;coach door not functioning;emergency alarm not working;fire safety issue in coach;passenger security concern;unsafe station construction;trackside encroachment;unauthorized crossing;accident-prone railway crossing;CCTV not functioning;crowd management failure;public safety complaint;inspection requested;representation pending;urgent safety intervention;accident prevention request,Station Manager,Divisional Safety Officer,Divisional Railway Manager,"General Manager, Zonal Railway",station_name;train_number
airport_facility,airport cleanliness poor;drinking water unavailable;toilets not maintained;waiting area overcrowded;air conditioning not working;escalator not functioning;lift not working;baggage trolley shortage;flight information display not working;charging points unavailable;Wi-Fi not working;wheelchair assistance delayed;disabled passenger facilities inadequate;parking issues;drop-off congestion;taxi queue mismanagement;food court overpricing;public seating insufficient;lost and found delay;baggage belt delay;public announcement unclear;terminal lighting inadequate;roof leakage;signage inadequate;medical assistance unavailable;customer service complaint;representation pending;inspection requested;public grievance;airport infrastructure improvement,Airport Director,"Regional Executive Director, Airports Authority of India","Member (Operations), Airports Authority of India",Ministry of Civil Aviation,airport_name;travel_date
airport_security,security check delay;excessive waiting time;security staff misconduct;baggage screening issue;CISF personnel complaint;restricted area access issue;security clearance delay;identity verification dispute;prohibited item handling complaint;lost item during security check;damaged baggage during screening;priority passenger grievance;disabled passenger screening issue;senior citizen assistance lacking;queue management failure;security equipment malfunction;false security alarm;staff behaviour complaint;security protocol violation;emergency evacuation concern;terminal access denied;visitor pass issue;airport entry restriction;representation pending;inspection requested;public safety complaint;security awareness issue;urgent intervention;passenger rights complaint;security infrastructure deficiency,Chief Airport Security Officer (CISF),Airport Director,"Sector DIG, CISF",Airports Authority of India,airport_name;travel_date
nhai_road_issue,national highway potholes;damaged highway;service road not maintained;median damaged;crash barrier broken;road signage missing;road markings faded;highway flooding;poor drainage on highway;illegal median opening;unauthorized access road;streetlights not working on highway;accident-prone highway stretch;road shoulder damaged;bridge expansion joint damaged;culvert blocked;construction delay on NH project;tree obstructing highway;encroachment on highway;highway debris not removed;unsafe diversion;pedestrian crossing needed;noise barrier requested;road widening delay;representation pending;inspection requested;NHAI contractor issue;public safety concern;emergency road repair;highway maintenance complaint,"Project Director, NHAI","Regional Officer, NHAI","Member (Projects), NHAI",District Collector,road_name;location_details
toll_plaza_issue,illegal toll collection;excess toll charged;FASTag deduction error;double toll deduction;receipt not issued;long queue at toll plaza;FASTag lane blocked;staff misconduct;cash lane unavailable;exempt vehicle charged;ambulance delayed at toll;VIP misuse of lane;poor toilet facilities;toll plaza lighting poor;unsafe toll plaza;speed breakers absent;accident near toll plaza;service road blocked;overloading enforcement issue;CCTV not working;refund not received;representation pending;inspection requested;public grievance;contractor misconduct;emergency lane blocked;FASTag blacklisting issue;wrong vehicle classification;public inconvenience;traffic congestion,"Project Director, NHAI","Regional Officer, NHAI","Member (Administration), NHAI",District Collector,toll_plaza_name;vehicle_number;travel_date
metro_rail_service,train delayed;metro service cancelled;smart card issue;token vending machine not working;ticket refund delayed;platform crowding;air conditioning not working in train;station lift not working;escalator not working;announcement system failure;platform display issue;train frequency inadequate;women coach issue;wheelchair assistance unavailable;parking issues at station;feeder bus unavailable;staff misconduct;cleanliness poor;toilets not maintained;security concern;Wi-Fi unavailable;mobile network issue inside station;lost property complaint;representation pending;inspection requested;public grievance;fare dispute;service quality issue;emergency response delay;customer care complaint,"Station Manager, Chennai Metro Rail","General Manager (Operations), Chennai Metro Rail Limited","Managing Director, Chennai Metro Rail Limited",Department of Transport,station_name;travel_date
metro_rail_property,encroachment on metro property;damage to metro property;illegal parking on metro land;commercial encroachment;advertisement dispute;lease issue;property boundary dispute;unauthorized construction near metro;tree obstructing metro corridor;drainage affecting metro property;water leakage into station;utility shifting issue;illegal vendors;public nuisance;graffiti complaint;vandalism;CCTV damage;station building damage;parking contract issue;tenant dispute;property licence issue;representation pending;inspection requested;public safety issue;access road obstruction;stormwater issue;construction vibration complaint;maintenance issue;urgent intervention;asset protection complaint,"Estate Officer, Chennai Metro Rail Limited","General Manager (Administration), Chennai Metro Rail Limited","Managing Director, Chennai Metro Rail Limited",District Collector,station_name;survey_number;village;taluk
factory_safety,unsafe factory conditions;machine without safety guard;worker injury risk;fire safety violation;chemical leak;gas leak;unsafe electrical installation;PPE not provided;emergency exit blocked;first aid unavailable;unsafe scaffolding;unsafe crane operation;forklift safety issue;boiler safety concern;confined space hazard;occupational health issue;unsafe pressure vessel;explosion risk;hazardous waste handling;accident not reported;unsafe lifting equipment;factory inspection requested;repeat safety violations;representation pending;worker complaint;industrial accident prevention;unsafe storage of chemicals;public safety risk;labour inspector not responding;urgent inspection,Inspector of Factories,Deputy Director of Industrial Safety and Health,Director of Industrial Safety and Health,District Collector,establishment_name;village
factory_licence,factory licence pending;factory licence renewal delayed;licence rejected;amendment of licence pending;change in manufacturing process;increase in workforce approval;factory expansion approval;ownership change;occupier change;manager change;licence transfer;duplicate licence;licence validity correction;online application pending;fees paid but licence not issued;inspection delayed;document verification pending;building approval linked issue;fire NOC pending;pollution consent pending;representation pending;appeal against rejection;licence suspended;licence cancelled wrongly;court order not implemented;startup factory licence;MSME licence issue;urgent approval requested;government delay;industrial grievance,Inspector of Factories,Deputy Director of Industrial Safety and Health,Director of Industrial Safety and Health,District Collector,application_number;establishment_name
boiler_inspection,boiler inspection pending;boiler registration delayed;boiler fitness certificate pending;renewal inspection delayed;boiler operation permission delayed;inspection report not issued;boiler accident inquiry;pressure test pending;safety valve certification;economiser inspection;boiler repair approval;steam pipeline inspection;boiler transfer approval;ownership change pending;boiler shutdown due to delay;inspection fees paid but inspection not done;representation pending;factory expansion linked issue;startup delay due to boiler approval;inspection rescheduling;boiler certificate correction;online application pending;technical document verification;unsafe boiler operation complaint;emergency inspection requested;industrial production affected;government inspector unavailable;public safety concern;compliance certificate pending;licence linkage issue,Inspector of Boilers,Deputy Chief Inspector of Boilers,Chief Inspector of Boilers,Director of Industrial Safety and Health,establishment_name;village
lift_safety,lift not functioning;lift stuck between floors;people trapped in lift;lift overdue for inspection;annual maintenance not conducted;lift licence expired;unsafe lift operation;emergency alarm not working;lift door malfunction;lift overspeed issue;brake failure suspected;power backup not working;lift vibration;abnormal noise;water leakage into lift shaft;poor ventilation inside lift;disabled accessibility issue;lift capacity exceeded regularly;builder failed to obtain lift approval;apartment association ignoring complaints;hospital lift malfunction;commercial building lift unsafe;inspection requested;accident due to lift failure;representation pending;certificate not displayed;maintenance contractor negligence;urgent repair requested;public safety concern;government inspection delayed,Inspector of Lifts,Deputy Chief Inspector of Lifts,Chief Inspector of Lifts,District Collector,building_name;door_number;street_name
petrol_bunk_violation,fuel quantity shortage;fuel adulteration;incorrect meter calibration;overcharging;refusal to issue bill;poor fuel quality;unsafe storage of fuel;expired fire safety equipment;unauthorized fuel sale;illegal fuel dispensing;staff misconduct;refusal to accept digital payment;toilets not maintained;air filling facility unavailable;pollution control violation;water mixed in fuel;short delivery complaint;tampered dispensing unit;price board not displayed;consumer harassment;illegal storage tanks;emergency safety violation;explosion risk;representation pending;inspection requested;weights and measures violation;public complaint;dealer licence violation;marketing discipline guideline violation;urgent inspection,District Supply and Consumer Protection Officer,Joint Controller of Explosives (PESO),Oil Marketing Company Regional Office,District Collector,establishment_name;street_name;village
lpg_connection,new LPG connection delayed;PMUY connection pending;connection transfer delayed;address change pending;consumer number not issued;double connection dispute;security deposit refund;connection surrender issue;refill booking problem;new cylinder not supplied;dealer refusing connection;document verification delay;Aadhaar linkage issue;bank account linkage;KYC pending;gas regulator not supplied;hose pipe not supplied;installation delayed;safety demonstration not conducted;dealer misconduct;representation pending;online application pending;waiting list delay;priority connection for senior citizen;commercial LPG issue;duplicate consumer issue;subsidy eligibility linked;emergency LPG requirement;consumer grievance;inspection requested,LPG Distributor,"Territory Manager, Oil Marketing Company","Regional Office, Oil Marketing Company",District Supply and Consumer Protection Officer,consumer_number;distributor_name
lpg_subsidy,LPG subsidy not credited;PAHAL subsidy pending;bank account not linked;Aadhaar seeding issue;duplicate subsidy issue;subsidy credited to wrong account;Give It Up status wrongly applied;subsidy eligibility dispute;consumer number mismatch;bank NPCI mapping issue;refill subsidy missing;subsidy stopped without notice;inactive consumer status;dealer not updating records;KYC pending;DBTL complaint;representation pending;portal error;oil company grievance;bank account verification pending;subsidy reversal issue;beneficiary deletion;PMUY subsidy issue;consumer transfer affecting subsidy;urgent financial assistance;grievance unresolved;subsidy calculation error;technical issue;consumer service complaint;government benefit delayed,LPG Distributor,"Territory Manager, Oil Marketing Company","Regional Office, Oil Marketing Company",District Supply and Consumer Protection Officer,consumer_number;bank_name
aavin_service,milk supply not available;milk booth closed;delayed milk delivery;poor milk quality;spoiled milk supplied;curd not available;ghee unavailable;milk card issue;Aavin token issue;Aavin app not working;billing dispute;staff misconduct;consumer complaint;milk shortage;irregular supply;expired dairy products;cold chain failure;dealer overcharging;new booth requested;milk booth relocation;representation pending;inspection requested;franchise complaint;public grievance;Aavin parlour hygiene issue;customer service issue;payment issue;refund pending;bulk supply issue;festival supply shortage,Aavin Depot Manager,"General Manager, District Milk Producers' Union","Managing Director, Aavin",District Collector,shop_name;village
milk_adulteration,adulterated milk;water mixed in milk;synthetic milk suspected;contaminated milk;expired milk sold;spoiled milk;milk quality test requested;private dairy adulteration;Aavin adulteration complaint;food safety violation;illegal milk sale;unlicensed dairy;unsafe milk storage;cold chain violation;bacterial contamination;chemical contamination;mislabelled dairy product;consumer illness after consumption;sample collection requested;inspection requested;representation pending;Food Safety Officer not responding;public health concern;bulk milk adulteration;milk powder adulteration;fat content deficiency;SNF deficiency;false branding;consumer compensation;urgent seizure requested,Designated Food Safety Officer,District Designated Officer (Food Safety),Commissioner of Food Safety,District Collector,shop_name;purchase_date;village
cooperative_bank_loan,crop loan delayed;gold loan issue;loan sanction pending;loan disbursement delayed;loan closure certificate not issued;wrong interest calculation;loan recovery harassment;NOC not issued;mortgage release delayed;KCC issue;SHG loan issue;education loan through cooperative bank;housing loan dispute;guarantor dispute;loan account not updated;loan restructuring pending;OTS request pending;auction notice dispute;representation pending;bank manager misconduct;document return delayed;excess recovery;insurance linked issue;subsidy linked loan;digital banking complaint;consumer grievance;RBI guideline violation;urgent financial relief;legal notice dispute;service deficiency,"Branch Manager, Cooperative Bank",Joint Registrar of Cooperative Societies,Registrar of Cooperative Societies,District Collector,society_name;loan_account_number
cooperative_society,membership denied;membership cancellation;share certificate not issued;election dispute;misappropriation of funds;audit irregularities;society records not provided;annual general meeting not conducted;loan eligibility dispute;management committee misconduct;fraud by office bearers;dividend not paid;refund of share capital delayed;cooperative housing issue;consumer cooperative issue;milk cooperative issue;PACCS grievance;representation pending;inspection requested;special audit requested;administrator appointment;records manipulation;illegal expulsion;beneficiary selection dispute;government scheme implementation;financial irregularity;embezzlement allegation;public grievance;department not responding;urgent inquiry requested,Deputy Registrar of Cooperative Societies,Joint Registrar of Cooperative Societies,Registrar of Cooperative Societies,District Collector,society_name;membership_number
self_help_group,SHG loan delayed;revolving fund not released;bank linkage issue;SHG registration pending;member dispute;group dissolution issue;training not provided;livelihood assistance delayed;subsidy not released;NRLM assistance pending;Tamil Nadu Corporation for Development of Women support issue;records not updated;grading delayed;federation dispute;bookkeeper issue;animator misconduct;microcredit issue;interest subvention delayed;representation pending;inspection requested;capacity building request;women empowerment scheme issue;group leadership dispute;financial irregularity;misuse of SHG funds;beneficiary exclusion;new SHG formation;market linkage issue;government support delayed;urgent intervention requested,Block Development Officer,"Project Director, District Rural Development Agency",District Collector,"Managing Director, Tamil Nadu Corporation for Development of Women",group_name;village
msme_subsidy,MSME subsidy pending;capital subsidy delayed;technology upgradation subsidy;interest subsidy pending;NEEDS scheme issue;UYEGP subsidy delay;PMEGP subsidy issue;credit linked subsidy;application rejected wrongly;inspection pending;document verification delayed;bank not forwarding application;subsidy released but not credited;eligibility dispute;startup incentive delayed;industrial promotion assistance;export incentive issue;representation pending;portal technical issue;single window delay;SIDCO linkage issue;SIPCOT linkage issue;machinery subsidy;quality certification reimbursement;patent subsidy;ISO certification assistance;power tariff subsidy;women entrepreneur subsidy;SC/ST entrepreneur subsidy;government assistance delayed,"General Manager, District Industries Centre",Regional Joint Director of Industries and Commerce,Commissioner of Industries and Commerce,District Collector,enterprise_name;application_number
udyam_registration,Udyam registration pending;Udyam certificate not generated;enterprise classification incorrect;PAN validation failed;Aadhaar authentication failed;GST verification issue;NIC code correction;enterprise name correction;address correction;mobile number update;email update;investment details incorrect;turnover details mismatch;duplicate Udyam registration;migration from UAM pending;registration rejected;certificate download issue;bank loan affected due to missing Udyam;MSME benefits denied;government tender eligibility issue;document verification pending;portal technical error;representation pending;startup registration delayed;SC/ST entrepreneur registration issue;women entrepreneur registration issue;export benefits affected;financial assistance delayed;registration cancelled wrongly;urgent registration requested,"General Manager, District Industries Centre",Regional Joint Director of Industries and Commerce,Commissioner of Industries and Commerce,Ministry of MSME,enterprise_name;application_number
industrial_plot,industrial plot allotment pending;SIPCOT plot allotment delayed;SIDCO plot allotment delayed;plot possession not handed over;lease deed pending;sale deed execution delayed;encroachment on industrial plot;boundary dispute;infrastructure not provided;road access unavailable;water supply unavailable;electricity connection delayed;drainage not provided;plot cancellation dispute;premium calculation dispute;transfer of industrial plot;subdivision request;plot amalgamation request;change in project approval;construction approval delayed;representation pending;developer default;maintenance issues;common facilities unavailable;illegal occupation;allotment eligibility dispute;plot resumption challenged;court order not implemented;industry expansion affected;urgent allotment requested,"Estate Officer, SIPCOT / SIDCO","Regional Manager, SIPCOT / SIDCO","Managing Director, SIPCOT / SIDCO",Commissioner of Industries and Commerce,application_number;industrial_estate_name
sipcot_infrastructure,internal roads damaged;streetlights not working;water supply unavailable;power supply interruption;stormwater drainage blocked;sewerage system not functioning;CETP issue;solid waste management issue;common utilities unavailable;security inadequate;compound wall damaged;green belt not maintained;fire station unavailable;parking facilities inadequate;bus service unavailable;telecom connectivity poor;industrial estate flooding;factory access road damaged;common substation issue;maintenance contractor negligence;estate cleanliness poor;illegal encroachment;inspection requested;representation pending;industry association grievance;emergency repair requested;expansion infrastructure needed;public utility issue;estate management complaint;government intervention requested,"Regional Manager, SIPCOT","Managing Director, SIPCOT",Commissioner of Industries and Commerce,District Collector,industrial_estate_name;plot_details
single_window_clearance,single window approval delayed;investment proposal pending;multiple department clearance delayed;building approval pending;pollution clearance pending;fire NOC pending;factory licence pending;power connection delayed;water connection delayed;land conversion pending;industrial licence delayed;online portal issue;application under scrutiny;department not responding;deemed approval requested;project implementation delayed;large investment affected;MSME clearance pending;startup approval delayed;document verification pending;inspection pending;representation pending;escalation requested;ease of doing business issue;investor grievance;time limit exceeded;application wrongly rejected;approval status not updated;urgent clearance requested;government coordination issue,"General Manager, District Industries Centre",Commissioner of Industries and Commerce,Guidance Tamil Nadu,Industries Department,enterprise_name;application_number
tourism_property,tourist accommodation licence pending;tourism project approval delayed;government tourism property maintenance;TTDC property complaint;tourist rest house maintenance;hotel classification issue;tourist information centre closed;public amenities inadequate;parking unavailable;drinking water unavailable;toilets not maintained;tourist safety concern;ticketing issue;booking refund delayed;guide misconduct;illegal commercial activity;tourism infrastructure damaged;representation pending;inspection requested;heritage tourism issue;eco-tourism grievance;wayfinding signage absent;public complaint;facility inaccessible to disabled persons;maintenance neglected;festival tourism issue;boat house maintenance;visitor amenities lacking;urgent repairs requested;tourism promotion request,"Regional Manager, Tamil Nadu Tourism Development Corporation","Managing Director, TTDC",Commissioner of Tourism,"Tourism, Culture and Religious Endowments Department",facility_name;village;taluk
heritage_site,heritage monument damaged;unauthorised construction near heritage site;encroachment on protected monument;graffiti on monument;illegal excavation;vandalism;poor maintenance;visitor facilities inadequate;lighting not working;drainage affecting monument;tree roots damaging structure;illegal commercial activity;advertisement boards on heritage site;boundary wall damaged;protected area fencing absent;garbage accumulation;security inadequate;ticketing issues;conservation work delayed;heritage restoration requested;representation pending;inspection requested;public awareness request;museum linkage issue;heritage walk infrastructure;parking issues;accessibility issues;environmental damage;urgent conservation requested;government neglect,Superintending Archaeologist (ASI) / Regional Assistant Director (State Archaeology),Director of Archaeology,Commissioner of Museums and Archaeology,District Collector,site_name;village;taluk
archaeological_protection,illegal excavation of archaeological remains;antiquities theft;damage to ancient temple;destruction of inscription;illegal construction over archaeological site;unauthorised digging;smuggling of antiquities;encroachment on archaeological land;fossil destruction;heritage structure collapse;public reporting of archaeological discovery;illegal mining near protected site;boundary dispute;government land protection;conservation requested;inspection requested;survey requested;heritage notification requested;representation pending;restoration delayed;illegal treasure hunting;vandalism;public awareness issue;security concerns;museum transfer issue;protected area signage absent;environmental damage;research permission issue;urgent intervention requested;court order not implemented,Superintending Archaeologist (ASI) / Regional Assistant Director (State Archaeology),Director of Archaeology,Archaeological Survey of India,District Collector,site_name;village;taluk
sports_hostel,admission denied;sports hostel accommodation issue;food quality poor;hostel maintenance poor;water supply unavailable;toilets not maintained;coach unavailable;medical facilities inadequate;scholarship delayed;sports equipment unavailable;hostel overcrowded;unsafe hostel building;disciplinary grievance;student harassment;selection dispute;representation pending;inspection requested;electricity issues;internet unavailable;attendance dispute;leave permission issue;parent grievance;security concerns;girls hostel facilities inadequate;transport issues;competition support unavailable;hostel fees dispute;government assistance delayed;urgent accommodation requested;administration not responding,District Sports Officer,"Regional Joint Director, Sports Development Authority of Tamil Nadu","Member Secretary, SDAT",District Collector,institution_name;student_name
youth_welfare,youth welfare scheme pending;skill training delayed;youth club registration;financial assistance delayed;volunteer programme issue;employment guidance unavailable;career counselling unavailable;NSS/NYC coordination issue;sports and youth grant pending;youth festival assistance;entrepreneurship training request;leadership training request;rural youth programme issue;urban youth programme issue;representation pending;inspection requested;government programme awareness;scholarship linkage issue;digital skill training request;innovation grant pending;startup mentoring request;women youth programme;tribal youth programme;disabled youth assistance;public grievance;government office not responding;urgent support requested;certificate issue;programme cancellation;beneficiary exclusion,District Youth Welfare Officer,Commissioner of Youth Welfare and Sports Development,"Secretary, Youth Welfare and Sports Development Department",District Collector,facility_name;village;taluk
public_grievance_collector,petition pending before Collector;Collector grievance day petition pending;petition forwarded without action;multiple representations unanswered;department not complying with Collector directions;delay in disposal;petition acknowledgement not issued;online grievance pending;CM Cell petition transferred;inter-department coordination failure;revenue grievance unresolved;civic grievance unresolved;welfare grievance unresolved;police grievance unresolved;land dispute pending;public hearing request;personal hearing requested;reminder petition;representation pending beyond prescribed time;status not updated;department giving contradictory replies;file movement delayed;urgent intervention requested;citizen charter violation;government office not responding;escalation requested;district-level coordination required;monitoring request;public grievance review;Collector intervention requested,District Collector,District Revenue Officer,Commissioner of Revenue Administration,"Chief Secretary, Government of Tamil Nadu",petition_number;petition_date
cm_special_cell,CM Special Cell petition pending;petition transferred without action;department not complying with CM Cell directions;online CM Cell grievance pending;petition closed without resolution;repeated representations ignored;public grievance not disposed within timeline;wrong department assigned;status not updated;petition reopened request;land grievance escalated to CM Cell;pension grievance escalated;police grievance escalated;revenue grievance escalated;municipal grievance escalated;welfare scheme grievance escalated;urgent medical assistance request;financial assistance request;natural disaster assistance request;illegal encroachment complaint;government officer inaction;citizen charter violation;representation pending beyond prescribed time;reminder petition;personal hearing requested;high priority grievance;district administration not responding;departmental coordination failure;monitoring requested;Chief Minister intervention requested,"Special Officer, Chief Minister's Special Cell",District Collector,Concerned Department Secretary,"Chief Secretary, Government of Tamil Nadu",petition_number;petition_date
government_employee_transfer,mutual transfer request;general transfer request;spouse transfer request;medical grounds transfer;disabled employee transfer;compassionate transfer;hardship transfer;inter-district transfer;intra-district transfer;promotion transfer pending;transfer order not implemented;relieving order delayed;joining time dispute;posting order delayed;station seniority dispute;vacancy available but transfer denied;administrative transfer challenged;representation against transfer;transfer cancellation request;online counselling grievance;teacher transfer issue;nurse transfer issue;police transfer issue;revenue department transfer;local body employee transfer;government hospital transfer;education department transfer;representation pending;department not responding;court order on transfer not implemented,Head of Office / District Head,Regional Joint Director / Departmental Director,Administrative Secretary of the Department,Chief Secretary,employee_id;department_name;office_name
government_employee_pension,pension sanction delayed;revised pension pending;family pension delayed;commutation pending;DCRG not released;leave encashment pending;GPF final settlement pending;earned leave surrender pending;pension payment stopped;life certificate issue;digital life certificate not accepted;qualifying service dispute;last pay fixation issue;pension arrears pending;medical reimbursement pending;death-cum-retirement benefits delayed;family pension not transferred;nominee dispute;treasury objection;service register missing;court order not implemented;representation pending;pension revision after pay commission;wrong pension calculation;gratuity withheld;disciplinary proceedings affecting pension;interest on delayed pension requested;urgent pension release;department not responding;retirement benefits grievance,Head of Office / Pension Sanctioning Authority,"Accountant General (A&E), Tamil Nadu",Director of Treasuries and Accounts,Finance Department,employee_id;department_name;office_name;retirement_date
treasury_delay,treasury bill pending;salary bill pending;pension bill pending;medical reimbursement bill pending;contingency bill pending;ECS payment delayed;electronic payment failed;treasury token pending;bill objected without reason;arrears bill pending;grant release delayed;scholarship payment pending;vendor payment delayed;court decree payment pending;refund bill pending;challan not accounted;treasury portal issue;IFHRMS issue;digital signature issue;budget allotment delay;financial sanction pending;representation pending;district treasury not responding;bill passed but payment not credited;bank reconciliation issue;duplicate payment issue;stamp account issue;urgent bill processing requested;government office delay;public fund disbursement issue,District Treasury Officer,Regional Joint Director of Treasuries,Director of Treasuries and Accounts,Finance Department,claim_number;office_name
scholarship_sc,Post-Matric Scholarship delayed;Pre-Matric Scholarship delayed;hostel scholarship pending;tuition fee reimbursement delayed;maintenance allowance pending;fresh scholarship not sanctioned;renewal scholarship pending;bank account mismatch;Aadhaar seeding issue;institution not verifying application;community certificate issue;income certificate issue;scholarship portal error;application rejected wrongly;beneficiary omitted;college not forwarding application;duplicate application issue;scholarship amount short credited;representation pending;government hostel issue;research scholarship delay;professional course scholarship;technical education scholarship;medical education scholarship;engineering scholarship;law scholarship;urgent scholarship release;financial hardship;department not responding;court order not implemented,District Adi Dravidar and Tribal Welfare Officer,"Joint Director, Adi Dravidar Welfare","Director, Adi Dravidar Welfare",Adi Dravidar and Tribal Welfare Department,application_number;student_name;institution_name
scholarship_bc,Backward Class scholarship delayed;Most Backward Class scholarship delayed;Post-Matric Scholarship pending;Pre-Matric Scholarship pending;hostel scholarship delayed;fee reimbursement pending;maintenance allowance pending;renewal application pending;fresh application pending;income certificate issue;community certificate issue;bank account mismatch;Aadhaar linkage issue;institution verification pending;college not forwarding application;portal technical issue;application rejected wrongly;beneficiary omitted;scholarship credited incorrectly;professional course scholarship;engineering scholarship;medical scholarship;research scholarship;representation pending;urgent financial assistance;government hostel issue;department not responding;court order not implemented;educational assistance delayed;student grievance,District Backward Classes and Minorities Welfare Officer,"Joint Director, Backward Classes Welfare",Director of Backward Classes Welfare,"Backward Classes, Most Backward Classes and Minorities Welfare Department",application_number;student_name;institution_name
scholarship_minority,minority scholarship delayed;Merit-cum-Means Scholarship pending;Pre-Matric Scholarship delayed;Post-Matric Scholarship delayed;fee reimbursement pending;maintenance allowance pending;bank account mismatch;Aadhaar verification issue;institution verification pending;application rejected wrongly;income certificate issue;minority certificate issue;portal technical error;beneficiary omitted;renewal application delayed;fresh application pending;professional course scholarship;engineering scholarship;medical scholarship;hostel assistance pending;representation pending;department not responding;financial hardship;urgent scholarship release;college not forwarding application;duplicate application issue;scholarship amount reduced;court order not implemented;student grievance;government assistance delayed,District Backward Classes and Minorities Welfare Officer,"Joint Director, Minorities Welfare",Director of Minorities Welfare,"Backward Classes, Most Backward Classes and Minorities Welfare Department",application_number;student_name;institution_name
tribal_welfare,tribal welfare scheme pending;ST scholarship delayed;tribal hostel issue;forest rights assistance;community certificate issue;education assistance delayed;livelihood assistance pending;housing assistance delayed;tribal land protection;tribal health services;drinking water in tribal village;road connectivity issue;electricity in tribal hamlet;PVTG assistance;nutrition programme issue;hostel maintenance poor;beneficiary omitted;bank account issue;Aadhaar linkage issue;representation pending;government office not responding;mobile medical unit unavailable;tribal student grievance;livestock assistance;skill development assistance;forest produce marketing issue;urgent intervention requested;departmental delay;public grievance;court order not implemented,District Adi Dravidar and Tribal Welfare Officer,"Joint Director, Tribal Welfare",Director of Tribal Welfare,Adi Dravidar and Tribal Welfare Department,village;taluk
women_self_help_group,women SHG revolving fund delayed;bank linkage delayed;loan subsidy pending;interest subvention delayed;SHG registration pending;new SHG formation;leadership dispute;member removal dispute;bookkeeper issue;animator misconduct;financial irregularity;misappropriation of SHG funds;skill training delayed;livelihood assistance pending;marketing support unavailable;TNCDW support issue;Mahalir Thittam issue;beneficiary exclusion;digital bookkeeping issue;audit pending;grading delayed;representation pending;government office not responding;inspection requested;capacity building requested;women entrepreneurship assistance;startup support delayed;urgent intervention;scheme implementation issue;departmental grievance,Block Development Officer,"Project Director, District Rural Development Agency","Managing Director, Tamil Nadu Corporation for Development of Women",District Collector,group_name;village
child_protection,child abuse complaint;child neglect;child labour rescued but rehabilitation pending;child marriage complaint;missing child;trafficked child;orphan assistance;child in need of care and protection;foster care request;adoption delay;institutional care grievance;Child Welfare Committee delay;juvenile home complaint;school dropout intervention;POCSO victim assistance;nutrition neglect;medical care for child delayed;child begging;street child rehabilitation;online child abuse complaint;cyber exploitation of child;child counselling request;representation pending;District Child Protection Unit inaction;urgent rescue requested;child rights violation;government shelter home issue;restoration to family delayed;financial assistance for child;court order not implemented,District Child Protection Officer,"Chairperson, Child Welfare Committee","Director, Department of Children Welfare and Special Services",District Collector,child_age;village
juvenile_justice,juvenile wrongly detained;child produced before wrong authority;Juvenile Justice Board hearing delayed;observation home grievance;special home conditions poor;child rehabilitation delayed;probation officer not responding;social investigation report delayed;bail application for juvenile delayed;juvenile legal aid unavailable;child counselling not provided;education denied in observation home;medical care unavailable;abuse in child care institution;juvenile transferred illegally;restoration to parents delayed;aftercare support unavailable;vocational training not provided;identity documents not arranged;Child Welfare Committee order not implemented;JJ Act violation;representation pending;inspection requested;urgent intervention;child rights violation;probation supervision issue;institution overcrowded;nutrition deficiency;government shelter issue;court order not implemented,"Principal Magistrate, Juvenile Justice Board",District Child Protection Officer,"Director, Department of Children Welfare and Special Services",District Collector,case_number;child_age
elder_abuse,physical abuse of senior citizen;mental harassment;financial exploitation;property grabbed by children;forced eviction from house;maintenance denied by children;medical neglect;abandonment by family;pension misused by relatives;bank fraud against senior citizen;threats by family members;illegal transfer of property;caregiver abuse;elder denied food;elder denied medicines;police not acting;Maintenance Tribunal petition pending;old age home grievance;domestic violence against elderly;fraudulent power of attorney;forced signature on documents;representation pending;urgent rescue requested;District Social Welfare Office not responding;helpline complaint unresolved;legal aid requested;court order not implemented;financial abuse by caretaker;public grievance;senior citizen protection requested,Revenue Divisional Officer (Maintenance Tribunal),District Social Welfare Officer,District Collector,Commissioner of Social Welfare,respondent_name;relationship;village
beggar_rehabilitation,destitute person rehabilitation;beggar rescue request;homeless elderly assistance;street rehabilitation;medical care for destitute;night shelter request;food assistance;identity documents unavailable;mental health assessment required;child begging;forced begging complaint;organized begging racket;rehabilitation home admission;government shelter unavailable;social worker assistance;NGO coordination required;public nuisance due to abandonment;livelihood assistance;vocational rehabilitation;representation pending;District administration not responding;emergency rescue;women beggar rehabilitation;disabled beggar assistance;senior citizen rehabilitation;health department coordination;police assistance requested;court order implementation;public grievance;social welfare intervention,District Social Welfare Officer,District Collector,Commissioner of Social Welfare,Department of Social Welfare and Women Empowerment,village;taluk;person_details
government_employee_disciplinary,disciplinary proceedings delayed;charge memo not served;enquiry officer not appointed;enquiry report delayed;punishment disproportionate;suspension review pending;subsistence allowance delayed;departmental appeal pending;review petition pending;exoneration order not implemented;promotion withheld due to disciplinary case;false vigilance complaint;service records not updated;representation against charge memo;natural justice violated;documents not supplied;cross examination denied;department ignoring tribunal order;High Court order not implemented;departmental harassment;retirement benefits withheld due to enquiry;confidential report dispute;representation pending;government delay;service grievance;appeal not disposed;department head not responding;urgent hearing requested;administrative injustice;employee rights violation,Head of Department,Administrative Secretary of the Department,Chief Secretary,Tamil Nadu Public Service Commission (where applicable),employee_id;department_name;office_name
government_employee_increment,annual increment withheld;selection grade pending;special grade pending;pay fixation incorrect;increment not sanctioned;promotion increment denied;leave affecting increment wrongly;MACP/ACP equivalent benefit dispute;revised pay not implemented;service register error;representation pending;department delay;court order not implemented;pay anomaly;arrears not paid;notional increment issue;retirement increment benefit;probation declaration pending;regularisation affecting increment;GPF subscription issue due to pay fixation;treasury objection;audit objection;financial loss due to delay;urgent revision requested;department not responding;pay bill correction;salary arrears pending;promotion benefit denied;administrative delay;employee grievance,Head of Office,Head of Department,Director of Treasuries and Accounts,Finance Department,employee_id;department_name;office_name
government_employee_service_register,service register missing;entries not updated;date of appointment incorrect;date of birth correction;educational qualification not entered;promotion not recorded;leave entries missing;probation declaration missing;regularisation order not recorded;transfer entries missing;disciplinary proceedings wrongly recorded;punishment entry dispute;service verification pending;qualifying service dispute;pension proposal affected;court order not implemented;duplicate service register;digital service register mismatch;representation pending;department not responding;audit objection;treasury objection;personal details incorrect;nominee details missing;pay revision not entered;increment entry missing;retirement proposal delayed;urgent correction requested;administrative delay;employee service grievance,Head of Office,Head of Department,Administrative Secretary of the Department,Director of Treasuries and Accounts,employee_id;department_name;office_name
vigilance_corruption,government officer demanding bribe;disproportionate assets complaint;misuse of government funds;tender corruption;procurement irregularity;fake bills;ghost beneficiaries;embezzlement;abuse of official position;favouritism in recruitment;illegal gratification;corruption in public works;false measurement book;contract manipulation;misappropriation of welfare funds;illegal land allocation;tax evasion by officials;licence issued for bribe;corruption in registrations;municipal corruption;public distribution corruption;representation pending;anonymous vigilance complaint;trap request;department not acting;financial irregularity;public interest complaint;whistleblower complaint;urgent investigation requested;systemic corruption,Directorate of Vigilance and Anti-Corruption (DVAC),Head of Department,Chief Secretary,Vigilance Commissioner,official_name;office_name;bribe_details
human_rights_violation,custodial violence;illegal detention;police torture;violation of dignity;denial of basic rights;illegal eviction;forced displacement;discrimination by public authority;inhuman treatment;denial of medical care in custody;death in custody;encounter allegation;forced labour by officials;public authority abuse;right to education denied;right to food denied;right to shelter denied;rights of disabled violated;rights of transgender persons violated;rights of prisoners violated;representation pending;compensation requested;department not responding;urgent intervention;constitutional rights violation;government negligence;court order not implemented;institutional abuse;public grievance;human rights commission complaint,"Secretary, Tamil Nadu State Human Rights Commission",District Collector,Chief Secretary,National Human Rights Commission,official_name;office_name
government_scheme_exclusion,eligible beneficiary excluded;name missing from beneficiary list;scheme application pending;income assessed wrongly;community category mismatch;Aadhaar mismatch;bank account issue;DBT not credited;duplicate beneficiary issue;benefits stopped without reason;field verification not conducted;application rejected wrongly;appeal pending;beneficiary selected incorrectly;survey omission;online portal error;government office not responding;representation pending;urgent inclusion requested;old age scheme exclusion;housing scheme exclusion;scholarship exclusion;pension exclusion;ration card exclusion;health insurance exclusion;farmer scheme exclusion;women welfare exclusion;tribal welfare exclusion;SC welfare exclusion;citizen grievance,Concerned Scheme Sanctioning Authority,District Collector,Concerned Department Director,Administrative Secretary of the Department,scheme_name;application_number
disaster_compensation,flood compensation pending;cyclone compensation delayed;house damage compensation;crop loss compensation;livestock death compensation;boat damage compensation;shop damage compensation;fire accident relief delayed;wall collapse compensation;tree fall damage compensation;death compensation pending;injury compensation;disaster survey not conducted;beneficiary omitted;damage assessed incorrectly;relief amount reduced;bank account issue;representation pending;taluk office not responding;VAO survey delayed;RDO enquiry pending;Collector relief not sanctioned;SDRF assistance delayed;NDRF assistance delayed;urgent financial assistance;natural calamity grievance;public grievance;court order not implemented;government relief delayed;re-survey requested,Tahsildar,Revenue Divisional Officer,District Collector,Commissioner of Revenue Administration,village;taluk;damage_date;property_details
audit_objection,audit objection not settled;audit paras pending;local fund audit objection;department failed to comply with audit;financial irregularity noticed;audit recovery disputed;false audit objection;records not accepted by auditors;special audit requested;internal audit pending;inspection report ignored;grant utilisation certificate pending;objection affecting pension;objection affecting promotion;objection affecting payment;duplicate audit objection;representation pending;audit report correction requested;compliance report delayed;government loss reported;misappropriation pointed out by audit;re-audit requested;department not responding;urgent settlement requested;court order ignored;financial reconciliation pending;audit file missing;inspection delayed;public money involved;audit compliance grievance,Head of Department,Director of Local Fund Audit,"Principal Accountant General (Audit), Tamil Nadu",Finance Department,office_name;audit_year
ombudsman_complaint,government office ignoring repeated complaints;department failed to implement order;administrative injustice;maladministration;delay without reasons;abuse of official powers;public authority harassment;unfair administrative decision;non-speaking order;representation repeatedly ignored;citizen charter violation;benefit denied arbitrarily;corruption not investigated;appeal not disposed;service deficiency by public authority;compensation requested;government accountability issue;systemic administrative failure;official bias alleged;departmental negligence;public grievance unresolved;monitoring requested;urgent intervention;independent review requested;appeal against department;constitutional remedy sought;administrative review;public interest grievance;fair hearing requested;justice delayed,Concerned Statutory Ombudsman / Authority,District Collector,Chief Secretary,Lokayukta / Competent Oversight Authority,authority_name;complaint_number
tnpsc_recruitment,TNPSC notification grievance;online application issue;hall ticket not generated;certificate verification delay;wrong rejection of application;community reservation issue;age relaxation issue;certificate mismatch;answer key objection;result withheld;selection list dispute;rank list grievance;document verification issue;medical examination delay;joining order delayed;department allocation dispute;non-joining candidate issue;waiting list grievance;online portal error;exam centre issue;representation pending;RTI regarding recruitment;court order not implemented;reservation roster dispute;sports quota issue;PWD quota issue;ex-servicemen quota issue;selection not published;department not responding;urgent clarification requested,"Controller of Examinations, TNPSC","Secretary, TNPSC","Chairman, TNPSC",Personnel and Administrative Reforms Department,exam_name;register_number;exam_date
government_exam_issue,hall ticket issue;exam centre wrongly allotted;candidate name mismatch;photo mismatch;attendance marked absent wrongly;OMR evaluation dispute;result not published;mark sheet correction;duplicate mark sheet;certificate verification pending;technical issue during CBT;server failure;wrong question paper;malpractice allegation;grace marks issue;answer key objection;revaluation request;exam fee refund;exam postponed;exam cancelled;representation pending;department not responding;urgent clarification requested;court order implementation;reservation issue;identity verification issue;admit card download issue;special accommodation denied;public grievance;administrative delay,"Controller of Examinations, Concerned Recruitment Agency",Head of Department,Administrative Secretary,Chief Secretary,exam_name;register_number;exam_date
egovernance_service,e-Sevai application pending;online certificate not generated;TNeGA portal error;digital signature failure;e-payment failed;application status not updated;OTP not received;Aadhaar authentication failure;server downtime;service request rejected wrongly;certificate download issue;portal login failure;citizen service centre refusing application;CSC operator misconduct;duplicate application;online grievance unresolved;representation pending;department integration failure;API failure;technical glitch;digital locker issue;QR code verification failed;mobile app not functioning;public service portal unavailable;urgent digital service requested;government website inaccessible;transaction failed;refund pending;service timeline exceeded;electronic governance grievance,District e-Governance Manager (TNeGA),"Project Director, TNeGA","Chief Executive Officer, TNeGA",Information Technology and Digital Services Department,service_name;application_number
citizen_charter_violation,service not delivered within timeline;certificate delayed beyond statutory period;application kept pending without reason;official refusing to receive application;acknowledgement not issued;public office closed during working hours;citizen denied information;undue delay in file movement;officer absent repeatedly;service guarantee violated;government circular ignored;representation unanswered;appointment not honoured;official misconduct;discriminatory treatment;public inconvenience;beneficiary forced to pay bribe;application misplaced;status not updated;grievance ignored;department not following SLA;urgent intervention requested;administrative delay;public grievance;monitoring requested;service standards violated;departmental negligence;accountability requested;time-bound disposal sought;government office complaint,Head of Office,Head of Department,District Collector,Chief Secretary,department_name;office_name;service_name
digital_signature_issue,digital signature certificate not accepted;e-sign failed;official DSC expired;document not digitally signed;online approval blocked;e-office signing issue;PDF signature invalid;certificate chain error;USB token issue;NIC signing utility failure;procurement portal DSC issue;GST DSC issue;company registration DSC issue;court filing DSC issue;driver installation problem;signature verification failed;portal compatibility issue;technical support unavailable;representation pending;urgent document signing required;government office unable to process;service disruption;renewal delay;public grievance;authentication failed;department not responding;online filing affected;certificate revoked wrongly;token locked;government workflow delayed,Head of Department IT Cell,"State Informatics Officer, NIC Tamil Nadu","Chief Executive Officer, TNeGA",Information Technology and Digital Services Department,service_name;application_number
public_information_request,government information requested outside RTI;department clarification requested;scheme eligibility clarification;office procedure clarification;status enquiry;policy interpretation requested;government circular requested;public records requested;department jurisdiction clarification;authority identification request;citizen guidance requested;office contact details requested;government scheme details;land status enquiry;beneficiary status enquiry;project status enquiry;inspection report requested;public consultation request;representation pending;department not responding;follow-up clarification;citizen assistance;official guidance requested;service process clarification;administrative information;government website information incorrect;public awareness request;information not available online;department help requested;general information request,Public Information Officer / Concerned Department,Head of Office,Head of Department,District Collector,pio_office;application_date
department_coordination,multiple departments involved;file transferred between departments;jurisdiction dispute;no department accepting responsibility;inter-department approval pending;joint inspection pending;conflicting departmental orders;coordination meeting requested;common infrastructure issue;revenue and municipality dispute;police and revenue coordination;electricity and highways issue;water and local body coordination;forest and revenue overlap;industry and pollution clearance;housing and planning coordination;disaster response coordination;representation pending;Collector intervention requested;Chief Secretary intervention requested;file movement stalled;nodal officer not appointed;public grievance unresolved;project delayed due to coordination;joint verification requested;departmental conflict;monitoring requested;time-bound coordination sought;administrative deadlock;urgent resolution requested,District Collector,Concerned Department Heads,Commissioner of Revenue Administration,Chief Secretary,department_name;office_name
policy_representation,request for new government policy;amendment to existing rules;request to modify government order;suggestion for law reform;public consultation response;industry representation;association representation;resident welfare association representation;farmer association request;trade body representation;professional association grievance;request for new welfare scheme;request for change in eligibility;tax policy suggestion;urban planning policy request;environment policy suggestion;education policy representation;health policy suggestion;transport policy representation;digital governance proposal;administrative reform suggestion;representation pending;memorandum submitted;citizen policy proposal;public interest recommendation;government reform request;state-level representation;cabinet policy suggestion;long-term governance proposal;general policy representation,Concerned Administrative Secretary,Principal Secretary of the Department,Chief Secretary,Hon'ble Minister / Government of Tamil Nadu,department_name;office_name
court_order_non_compliance,government department not implementing High Court order;government department not implementing Supreme Court order;tribunal order ignored;stay order violated;contempt of court situation;mandamus not complied with;time-bound direction violated;compensation ordered but not paid;reinstatement order ignored;pension order ignored;land restoration order ignored;mutation order ignored;building approval ordered by court but delayed;benefit denied despite court order;department delaying implementation;wrong interpretation of court order;representation after judgment;execution of court order pending;certified copy acknowledged but no action;legal notice ignored;department seeking repeated clarifications;officials refusing compliance;implementation file pending;district office not responding;state department not responding;urgent compliance requested;constitutional rights affected;administrative delay after judgment;court monitored matter;public authority non-compliance,Head of Department,Administrative Secretary,Chief Secretary,Government Pleader / Law Department,case_number;court_name;order_date
contempt_representation,request to comply before contempt filing;warning representation to department;non-compliance of judicial directions;wilful disobedience by officials;delay despite legal opinion;government officer ignoring order;representation before initiating contempt;legal compliance reminder;multiple reminders ignored;urgent implementation requested;public authority delaying execution;benefits withheld contrary to judgment;file kept pending deliberately;administrative inaction;departmental negligence;citizen seeking compliance;legal rights violated;representation pending;official accountability requested;law department intervention requested;time limit expired;court deadline missed;government correspondence ignored;monitoring requested;compliance certificate requested;public grievance;constitutional obligation reminder;department head intervention;urgent disposal requested;pre-contempt notice,Head of Department,Law Department,Chief Secretary,Advocate General / Government Pleader,case_number;court_name;order_date
department_appeal,appeal against departmental order;first appeal rejected;second appeal pending;review petition pending;revision petition pending;quasi-judicial order challenged;administrative order challenged;licence cancellation appealed;benefit rejection appealed;disciplinary appeal;service appeal;tax assessment appeal;land order appeal;municipal order appeal;planning permission appeal;welfare scheme appeal;scholarship appeal;registration appeal;consumer appeal;inspection order appeal;representation pending;delay in appeal disposal;appellate authority not hearing matter;hearing opportunity denied;documents not accepted;interim relief requested;urgent disposal requested;administrative injustice;department not responding;citizen grievance,Appellate Authority of the Concerned Department,Head of Department,Administrative Secretary,Chief Secretary,department_name;office_name;application_number
government_record_correction,government database contains incorrect information;official records not updated;duplicate citizen record;wrong spelling in department database;incorrect beneficiary details;family details incorrect;address not updated;mobile number mismatch;Aadhaar linkage mismatch;bank account mismatch;legacy record migration issue;digital records inconsistent;manual records inconsistent;citizen profile duplicated;department refusing correction;representation pending;verification completed but records unchanged;online portal shows incorrect data;government register correction requested;public grievance;service affected due to wrong records;certificate generation affected;identity mismatch;department delay;administrative error;urgent correction requested;benefits withheld;court order ignored;system synchronization failure;official negligence,Head of Office,Head of Department,District Collector,Administrative Secretary,department_name;office_name;record_details
public_service_delay,service delayed beyond prescribed timeline;application pending without reason;inspection delayed;verification delayed;approval delayed;licence delayed;certificate delayed;benefits delayed;file movement delayed;official unavailable;department understaffed;status not updated;online application pending;physical file missing;public hearing delayed;service guarantee violated;citizen charter violation;repeated office visits;representation pending;department not responding;government portal delay;public inconvenience;financial loss due to delay;education affected;employment affected;medical emergency affected;urgent disposal requested;escalation requested;monitoring requested;administrative negligence,Head of Office,Head of Department,District Collector,Chief Secretary,department_name;office_name;application_number
interdepartmental_dispute,two departments claiming no jurisdiction;file transferred repeatedly;joint inspection not conducted;revenue and municipality conflict;police and revenue conflict;planning and local body conflict;highways and municipality dispute;forest and revenue overlap;industries and pollution control dispute;electricity and highways coordination;water authority and municipality conflict;transport and police coordination;department refusing responsibility;project approval delayed due to multiple authorities;government land ownership dispute;service connection delayed;joint survey pending;representation pending;Collector intervention requested;Chief Secretary intervention requested;nodal officer not appointed;public grievance unresolved;citizen caught between departments;administrative deadlock;urgent coordination requested;time-bound resolution requested;joint order required;departmental communication failure;government process stalled;public administration grievance,District Collector,Concerned Department Heads,Commissioner of Revenue Administration,Chief Secretary,department_name;office_name
mass_public_grievance,entire village affected;entire apartment association affected;resident welfare association complaint;trade association grievance;industrial association grievance;farmers association grievance;public protest representation;common infrastructure issue;drinking water issue affecting locality;road issue affecting village;drainage affecting colony;electricity affecting locality;environmental issue affecting public;school infrastructure issue;public health issue;transport issue affecting commuters;market infrastructure issue;public safety issue;petition signed by multiple citizens;memorandum submitted;Collector grievance day petition;district-wide issue;policy implementation issue;government inaction;urgent mass intervention requested;public interest representation;community welfare issue;citizen movement representation;administrative review requested;district coordination requested,District Collector,Concerned Head of Department,Commissioner of Revenue Administration,Chief Secretary,village;taluk;affected_people_count
state_level_representation,issue affecting multiple districts;request for statewide policy implementation;state-level infrastructure request;representation to state government;statewide administrative issue;departmental circular requested;uniform implementation sought;state scheme modification requested;budget allocation request;new welfare scheme request;government order amendment requested;statewide environmental issue;public health representation;education policy representation;transport policy representation;industrial policy representation;agriculture policy representation;digital governance representation;citizen rights representation;association memorandum;representation pending;department not responding;Chief Secretary intervention;Minister intervention requested;Cabinet policy suggestion;state reform proposal;governance improvement suggestion;public administration reform;citizen policy recommendation;statewide grievance,Administrative Secretary of the Concerned Department,Chief Secretary,Hon'ble Minister,Chief Minister's Office,department_name;office_name
chief_secretary_representation,highest level administrative representation;department repeatedly ignoring directions;multiple departments involved;district administration failed;policy implementation failure;statewide grievance;public interest issue;urgent governance intervention;major corruption allegation;large public project delayed;implementation monitoring requested;citizen rights issue;constitutional governance issue;departmental deadlock;administrative reform requested;court order repeatedly ignored;financial irregularity across departments;disaster response failure;large-scale welfare exclusion;major infrastructure grievance;state coordination requested;representation pending;government accountability requested;public administration complaint;urgent review meeting requested;time-bound action requested;monitoring by Chief Secretary;state-level escalation;citizen memorandum;highest administrative appeal,"Chief Secretary, Government of Tamil Nadu",Concerned Administrative Secretary,Hon'ble Minister,Chief Minister's Special Cell,department_name;office_name
general_representation,matter does not fit predefined category;multiple unrelated grievances;general request to government;petition seeking discretionary relief;request for personal hearing;public interest issue;citizen suggestion;government office guidance requested;administrative clarification;representation regarding any public issue;department unknown;jurisdiction unknown;new grievance type;miscellaneous complaint;request for intervention;request for recommendation;public grievance not classified;innovation suggestion;social welfare request;urgent humanitarian assistance;district issue;state issue;village issue;urban issue;representation pending;government office not identified;citizen memorandum;policy suggestion;administrative request;fallback category for AI classifier,District Collector,Concerned Head of Department,Commissioner of Revenue Administration,Chief Secretary,department_name;office_name
