pincode,state,district,district_tamil,taluk,taluk_count,district_ambiguous,post_office,lat,lon
600001,TN,Chennai,சென்னை,Maduravoyal,1,no,Chennai G.P.O.,13.1051,80.2844
600002,TN,Chennai,சென்னை,,0,yes,Anna Road H.O,13.0745,80.2698
600003,TN,Chennai,சென்னை,Aminjikarai,1,no,Park Town H.O,13.0830,80.2788
600004,TN,Chennai,சென்னை,Mylapore,1,no,Mylapore H.O,13.0294,80.2668
600005,TN,Chennai,சென்னை,Mylapore,1,no,Chepauk S.O,13.0672,80.2837
600006,TN,Chennai,சென்னை,Egmore,1,no,Greams Road S.O,13.0599,80.2548
600007,TN,Chennai,சென்னை,Purasawalkam,1,no,Vepery S.O,13.0898,80.2594
600008,TN,Chennai,சென்னை,Egmore,1,no,Egmore Ndso,13.0756,80.2623
600009,TN,Chennai,சென்னை,,0,no,Fort St George S.O,13.0794,80.2856
600010,TN,Chennai,சென்னை,,0,no,Kilpauk S.O,13.0797,80.2371
600011,TN,Chennai,சென்னை,Perambur,1,no,Sembiam S.O,13.1141,80.2289
600012,TN,Chennai,சென்னை,,0,no,Perambur Barracks S.O,13.0977,80.2518
600013,TN,Chennai,சென்னை,,0,no,Rayapuram S.O,13.1123,80.2923
600014,TN,Chennai,சென்னை,Mylapore,1,no,Royapettah S.O,13.0539,80.2544
600015,TN,Chennai,சென்னை,Guindy,2,no,Saidapet S.O (Chennai),13.0454,80.2376
600016,TN,Chennai,சென்னை,Guindy,2,yes,St Thomas Mount Ho,13.0052,80.1616
600017,TN,Chennai,சென்னை,Guindy,2,no,Thygarayanagar H.O,13.0342,80.2395
600018,TN,Chennai,சென்னை,,0,no,Teynampet S.O,13.0394,80.2574
600019,TN,Chennai,சென்னை,Tiruvottiyur,1,yes,Tiruvottiyur So,13.1530,80.2650
600020,TN,Chennai,சென்னை,Guindy,1,no,Shastri Nagar S.O (Chennai),13.0010,80.2573
600021,TN,Chennai,சென்னை,Kolathur,1,no,Washermanpet East S.O,13.1189,80.2852
600022,TN,Chennai,சென்னை,,0,no,Rajbhavan S.O (Chennai),13.0454,80.2376
600023,TN,Chennai,சென்னை,Ayanavaram,2,no,Aynavaram S.O,13.1018,80.2296
600024,TN,Chennai,சென்னை,Mambalam,1,no,Kodambakkam S.O,13.0518,80.2300
600025,TN,Chennai,சென்னை,,0,no,Engineering College S.O (Chennai),13.0454,80.2376
600026,TN,Chennai,சென்னை,,0,no,Vadapalani S.O,13.5056,80.2146
600028,TN,Chennai,சென்னை,,0,no,Raja Annamalaipuram S.O,13.0500,80.4491
600030,TN,Chennai,சென்னை,Aminjikarai,1,no,Shenoy Nagar S.O,13.0801,80.2247
600031,TN,Chennai,சென்னை,,0,no,Chetput S.O,13.0704,80.2425
600032,TN,Chennai,சென்னை,Guindy,1,no,Guindy Industrial Estate S.O,13.0515,80.2116
600033,TN,Chennai,சென்னை,Mambalam,1,no,West Mambalam S.O,13.0351,80.2206
600034,TN,Chennai,சென்னை,,0,no,Loyola College S.O,13.1091,80.3942
600035,TN,Chennai,சென்னை,,0,no,Nandanam S.O,13.0318,80.2407
600036,TN,Chennai,சென்னை,,0,no,Indian Institute Of Technology S.O,12.9936,80.2339
600037,TN,Chennai,சென்னை,Ambattur,2,yes,Mogappair So,13.0848,80.1832
600038,TN,Chennai,சென்னை,,0,no,Icf Colony S.O,13.1004,80.2143
600039,TN,Chennai,சென்னை,,0,no,Vyasarpadi S.O,13.1231,80.2611
600040,TN,Chennai,சென்னை,Aminjikarai,1,no,Anna Nagar S.O (Chennai),13.0846,80.2079
600041,TN,Chennai,சென்னை,Sholinganallur,2,no,Palavakkam S.O (Kanchipuram),12.9608,80.2566
600042,TN,Chennai,சென்னை,Velachery,1,no,Velacheri S.O,12.9826,80.2216
600043,TN,Chengalpattu,செங்கல்பட்டு,Pallavaram,1,no,Rajajinagar So Kanchipuram,12.9520,80.1220
600044,TN,Chengalpattu,செங்கல்பட்டு,Avadi,2,yes,Chromepet So,12.9524,80.1406
600045,TN,Chengalpattu,செங்கல்பட்டு,Tambaram,1,no,Tambaram Ho,12.9279,80.1176
600046,TN,Chengalpattu,செங்கல்பட்டு,,0,no,Tambaram Iaf So,12.0188,80.2013
600047,TN,Chengalpattu,செங்கல்பட்டு,Tambaram,1,no,Tambaram Sanatorium So,12.9421,80.1337
600048,TN,Chengalpattu,செங்கல்பட்டு,Vandalur,2,no,Vandalur So,12.8760,80.0340
600049,TN,Chennai,சென்னை,Aminjikarai,1,yes,Tirumangalam Road So,13.1098,80.2030
600050,TN,Chennai,சென்னை,Ambattur,1,yes,Padi So,13.0989,80.1838
600051,TN,Chennai,சென்னை,Mathavaram,2,no,Madhavaram Milk Colony So,13.2660,80.4101
600052,TN,Thiruvallur,திருவள்ளூர்,Ponneri,5,yes,Redhills So,13.1950,80.0800
600053,TN,Chennai,சென்னை,Ambattur,3,yes,Ambattur Ho,13.1180,80.1260
600054,TN,Thiruvallur,திருவள்ளூர்,Avadi,1,no,Avadi Camp Ho,13.1392,80.0959
600055,TN,Thiruvallur,திருவள்ளூர்,Avadi,2,no,Avadi Iaf So,13.1468,80.0727
600056,TN,Thiruvallur,திருவள்ளூர்,Poonamallee,3,yes,Poonamallee So,13.0512,80.1030
600057,TN,Thiruvallur,திருவள்ளூர்,Ponneri,2,yes,Ernavur So,13.2070,80.2930
600058,TN,Chennai,சென்னை,Ambattur,1,no,Ambattur Indl Estate So,13.1001,80.1741
600059,TN,Chengalpattu,செங்கல்பட்டு,,0,no,Tambaram East So,12.9050,80.0910
600060,TN,Chennai,சென்னை,Mathavaram,3,yes,Madhavaram So Tiruvallur,13.1493,79.9109
600061,TN,Chennai,சென்னை,Alandur,1,no,Pazhavanthangal S.O,12.9966,80.1990
600062,TN,Thiruvallur,திருவள்ளூர்,Avadi,1,no,Senthilnagar So,13.1833,80.2093
600063,TN,Chengalpattu,செங்கல்பட்டு,Tambaram,1,no,Srinivasanagar So Kanchipuram,12.9251,80.1987
600064,TN,Chengalpattu,செங்கல்பட்டு,Pallavaram,2,no,Hasthinapuram So,12.0678,80.2354
600066,TN,Thiruvallur,திருவள்ளூர்,Poonamallee,2,yes,Pozhal So,13.1629,80.2031
600067,TN,Thiruvallur,திருவள்ளூர்,Ponneri,4,yes,Sholavaram So,13.2200,80.1118
600068,TN,Chennai,சென்னை,Tiruvottiyur,3,yes,Manali So Tiruvallur,13.1271,79.9109
600069,TN,Kancheepuram,காஞ்சிபுரம்,Kundrathur,3,yes,Kunnathur So Kanchipuram,12.9810,80.0480
600070,TN,Chengalpattu,செங்கல்பட்டு,Pallavaram,1,no,Anakaputhur So,12.9850,80.1219
600071,TN,Thiruvallur,திருவள்ளூர்,Avadi,1,no,Kamarajnagar So,13.0860,80.0790
600072,TN,Thiruvallur,திருவள்ளூர்,Poonamallee,2,no,Pattabiram So,13.1020,80.0390
600073,TN,Chengalpattu,செங்கல்பட்டு,Tambaram,1,no,Selaiyur So,12.9234,80.1474
600074,TN,Chengalpattu,செங்கல்பட்டு,Pallavaram,1,no,Polichalur So,12.9849,80.1393
600075,TN,Chengalpattu,செங்கல்பட்டு,Pallavaram,1,no,Pammal East So,12.9835,80.1452
600076,TN,Chennai,சென்னை,Poonamallee,1,yes,Korattur Rs So,13.1143,80.1852
600077,TN,Thiruvallur,திருவள்ளூர்,Poonamallee,3,yes,Thiruverkadu So,13.0480,80.1080
600078,TN,Chennai,சென்னை,Mambalam,1,no,Kalaignar Karunanidhi Nagar S.O,13.0434,80.2064
600081,TN,Chennai,சென்னை,Tondiarpet,2,no,Tondiarpet Bazaar S.O,13.1381,80.2947
600082,TN,Chennai,சென்னை,,0,no,Kumaran Nagar S.O,13.1249,80.2257
600083,TN,Chennai,சென்னை,,0,no,Ashoknagar S.O (Chennai),13.0454,80.2376
600084,TN,Chennai,சென்னை,Purasawalkam,1,no,Flowers Road S.O,13.0785,80.2519
600085,TN,Chennai,சென்னை,Guindy,1,no,Kotturpuram S.O,13.0210,80.2432
600086,TN,Chennai,சென்னை,Alandur,1,no,Gopalapuram S.O (Chennai),13.0454,80.2376
600087,TN,Chennai,சென்னை,Maduravoyal,1,no,Alwarthirunagar S.O,13.0484,80.1834
600088,TN,Chennai,சென்னை,Alandur,1,no,Adambakkam S.O,12.1563,80.3201
600089,TN,Chennai,சென்னை,Alandur,3,yes,Ramapuram S.O (Kanchipuram),13.0301,80.1797
600090,TN,Chennai,சென்னை,Velachery,1,no,Rajaji Bhavan S.O,13.0018,80.1613
600091,TN,Chennai,சென்னை,Sholinganallur,2,yes,Madipakkam S.O,12.1024,80.0193
600092,TN,Chennai,சென்னை,Mambalam,1,no,Virugambakkam S.O,13.0503,80.1944
600093,TN,Chennai,சென்னை,Mambalam,1,no,Saligramam S.O,13.0426,80.2064
600094,TN,Chennai,சென்னை,Maduravoyal,1,no,Choolaimedu S.O,13.1104,80.3691
600095,TN,Chennai,சென்னை,Maduravoyal,2,yes,Maduravoyal So,13.0470,80.1260
600096,TN,Chennai,சென்னை,Sholinganallur,1,no,Perungudi S.O,12.9677,80.2449
600097,TN,Chennai,சென்னை,Sholinganallur,1,no,Karapakkam S.O,12.9223,80.2391
600098,TN,Chennai,சென்னை,Ambattur,1,no,,,
600099,TN,Chennai,சென்னை,Mathavaram,3,yes,Kolathur So,13.1245,80.2138
600100,TN,Chengalpattu,செங்கல்பட்டு,Sholinganallur,2,yes,Medavakkam So,12.9330,80.1771
600101,TN,Chennai,சென்னை,,0,no,Anna Nagar Western Extn S.O,13.0876,80.1927
600102,TN,Chennai,சென்னை,,0,no,Anna Nagar East S.O,13.0840,80.2197
600103,TN,Thiruvallur,திருவள்ளூர்,Ponneri,4,yes,Manali New Town So,13.1790,80.2390
600104,TN,Chennai,சென்னை,,0,no,High Court Building S.O (Chennai),13.0872,80.2877
600106,TN,Chennai,சென்னை,Aminjikarai,1,no,Arumbakkam S.O,13.0667,80.2145
600107,TN,Chennai,சென்னை,Aminjikarai,3,no,Koyambedu Wholesale Mkt,13.0666,80.1916
600110,TN,Thiruvallur,திருவள்ளூர்,,0,no,Ponniammanmedu So,13.2277,80.3967
600113,TN,Chennai,சென்னை,Velachery,1,no,Dr Ambedkar Law Univeristy,12.9775,80.2433
600115,TN,Chennai,சென்னை,Sholinganallur,1,no,Injambakkam S.O,12.9251,80.1987
600116,TN,Chennai,சென்னை,Maduravoyal,2,yes,Porur So,13.0280,80.1360
600117,TN,Chengalpattu,செங்கல்பட்டு,,0,no,Keelakattalai So,12.9575,80.1784
600118,TN,Chennai,சென்னை,Perambur,1,no,Kodungaiyur So,13.1378,80.2642
600119,TN,Chennai,சென்னை,Sholinganallur,1,no,Sholinganallur S.O,12.8926,80.2279
600120,TN,Thiruvallur,திருவள்ளூர்,Ponneri,1,no,North Chennai Thermal Pp So,13.2610,80.2500
600122,TN,Kancheepuram,காஞ்சிபுரம்,Kundrathur,1,yes,Mangadu So,13.0080,80.0990
600123,TN,Thiruvallur,திருவள்ளூர்,Poonamallee,1,no,Nazarethpettai So,13.0190,80.0570
600124,TN,Thiruvallur,திருவள்ளூர்,Poonamallee,2,no,Thirumushi So,13.0540,79.9890
600125,TN,Chennai,சென்னை,Alandur,3,yes,Mugalivakkam So,12.9251,80.1987
600126,TN,Chengalpattu,செங்கல்பட்டு,Tambaram,2,no,Madambakkam So,12.9251,80.1987
600127,TN,Chengalpattu,செங்கல்பட்டு,Vandalur,2,no,Melakkottaiyur So,12.8570,80.0710
600128,TN,Kancheepuram,காஞ்சிபுரம்,Kundrathur,1,yes,Kovur So Tamilnadu Circle,13.1271,79.9109
600129,TN,Chengalpattu,செங்கல்பட்டு,Tambaram,1,no,Kovilambakkam So,12.9251,80.1987
600130,TN,Chengalpattu,செங்கல்பட்டு,Vandalur,2,no,Thazambur,12.5920,80.0260
600131,TN,Chengalpattu,செங்கல்பட்டு,Tambaram,1,no,Sithalapakkam So,12.8710,80.1560
600132,TN,Kancheepuram,காஞ்சிபுரம்,Kundrathur,2,yes,Tirumudivakkam So,17.9192,77.5105
600133,TN,Thiruvallur,திருவள்ளூர்,,0,no,Somangalam S.O,12.9529,80.0420
601101,TN,Thiruvallur,திருவள்ளூர்,Gummidipoondi,3,no,Arni Cpt So,13.3310,80.0690
601102,TN,Thiruvallur,திருவள்ளூர்,Uthukkottai,3,no,Periapalayam S.O,13.3711,80.0756
601103,TN,Thiruvallur,திருவள்ளூர்,Uthukkottai,2,no,Vengal S.O,13.2196,80.0348
601201,TN,Thiruvallur,திருவள்ளூர்,Gummidipoondi,3,no,Gummidipundi So,13.4310,80.1310
601202,TN,Thiruvallur,திருவள்ளூர்,Gummidipoondi,1,no,Madarpakkam So,13.4340,79.9750
601203,TN,Thiruvallur,திருவள்ளூர்,Ponneri,1,no,Minjur So,13.3000,80.2170
601204,TN,Thiruvallur,திருவள்ளூர்,Ponneri,2,no,Ponneri So,13.3099,80.2123
601205,TN,Thiruvallur,திருவள்ளூர்,Ponneri,2,no,Pulicat So,13.4180,80.1980
601206,TN,Thiruvallur,திருவள்ளூர்,Ponneri,2,no,Kavarapettai So,13.3400,80.1020
601301,TN,Kancheepuram,காஞ்சிபுரம்,Kundrathur,3,yes,Padappai So,12.1351,80.0351
602001,TN,Thiruvallur,திருவள்ளூர்,Thiruvallur,1,no,Tiruvallur H.O,13.1319,79.9095
602002,TN,Thiruvallur,திருவள்ளூர்,Thiruvallur,2,yes,Manavalanagar S.O,13.0858,79.9079
602003,TN,Thiruvallur,திருவள்ளூர்,Thiruvallur,1,no,Kakalur Ind Estate S.O,13.1267,79.9188
602021,TN,Thiruvallur,திருவள்ளூர்,Thiruvallur,1,no,Ikkadu S.O,13.1885,79.9396
602023,TN,Thiruvallur,திருவள்ளூர்,Thiruvallur,2,no,Poondi S.O,13.1426,79.9090
602024,TN,Thiruvallur,திருவள்ளூர்,Thiruvallur,3,no,Tiruninravur Rs S.O,13.1819,79.9737
602025,TN,Thiruvallur,திருவள்ளூர்,Thiruvallur,2,yes,Tirur Cpt S.O,13.1161,79.9784
602026,TN,Thiruvallur,திருவள்ளூர்,Uthukkottai,1,no,Uttukottai S.O,12.9749,79.9845
602105,TN,Kancheepuram,காஞ்சிபுரம்,Sriperumbudur,5,yes,Pattunoolchatram S.O,12.9675,79.9418
602106,TN,Kancheepuram,காஞ்சிபுரம்,Sriperumbudur,2,yes,Sunguvarchatram S.O,13.1100,79.9752
602108,TN,Kancheepuram,காஞ்சிபுரம்,Sriperumbudur,3,yes,Pannur S.O (Kanchipuram),12.9675,79.9418
602117,TN,Kancheepuram,காஞ்சிபுரம்,Sriperumbudur,1,yes,Irungattukottai S.O,12.9707,79.9707
602118,TN,Kanchipuram,காஞ்சிபுரம்,,0,no,Oragadam So,12.6483,80.0387
603001,TN,Chengalpattu,செங்கல்பட்டு,Chengalpattu,1,no,Chengalpattu Ho,12.6840,79.9833
603002,TN,Chengalpattu,செங்கல்பட்டு,Chengalpattu,1,no,Gundurchengalpattu So,12.7056,79.9738
603003,TN,Chengalpattu,செங்கல்பட்டு,Chengalpattu,3,no,Vallam So,12.7074,79.9393
603004,TN,Chengalpattu,செங்கல்பட்டு,,0,no,Mahindra World City So Kanchipuram,12.7074,79.9393
603101,TN,Chengalpattu,செங்கல்பட்டு,Chengalpattu,1,no,Athurchengalpattu So,12.6840,79.9833
603102,TN,Chengalpattu,செங்கல்பட்டு,Tirukalukundram,1,no,Pudupattinam Colony So,12.5088,80.1264
603103,TN,Chengalpattu,செங்கல்பட்டு,Tiruporur,2,no,Padur So,12.7940,80.1720
603104,TN,Chengalpattu,செங்கல்பட்டு,Tirukalukundram,2,no,Mamallapuram So,12.6392,80.1927
603105,TN,Chengalpattu,செங்கல்பட்டு,Tiruporur,2,no,Manambathi So,12.7263,79.9619
603106,TN,Kancheepuram,காஞ்சிபுரம்,Uthiramerur,2,yes,Orakattupettai So,12.7263,79.9360
603107,TN,Kancheepuram,காஞ்சிபுரம்,Uthiramerur,2,yes,Salavakkam So,12.6840,79.9833
603108,TN,Chengalpattu,செங்கல்பட்டு,Tiruporur,3,no,Sembakkam So,12.6840,79.9833
603109,TN,Chengalpattu,செங்கல்பட்டு,Tirukalukundram,2,no,Tirukalikundram So,12.5972,80.0556
603110,TN,Chengalpattu,செங்கல்பட்டு,Tiruporur,2,no,Tiruporur So,12.7141,80.1502
603111,TN,Chengalpattu,செங்கல்பட்டு,Chengalpattu,3,no,Venpakkam So,12.7577,80.1862
603112,TN,Chengalpattu,செங்கல்பட்டு,Tiruporur,1,no,Kovalam So Kanchipuram,12.7480,80.2120
603127,TN,Chengalpattu,செங்கல்பட்டு,,0,no,Anupuram So,12.9251,80.1987
603201,TN,Chengalpattu,செங்கல்பட்டு,Maduranthakam,2,no,Elapakkam So,12.6445,79.8424
603202,TN,Chengalpattu,செங்கல்பட்டு,Vandalur,4,yes,Guduvancheri So,12.6840,79.9833
603203,TN,Kancheepuram,காஞ்சிபுரம்,Kundrathur,3,yes,Kattankolathur So,12.6840,79.9833
603204,TN,Chengalpattu,செங்கல்பட்டு,Chengalpattu,3,yes,Singaperumalkoil So,12.6840,79.9833
603209,TN,Chengalpattu,செங்கல்பட்டு,Chengalpattu,1,no,Maraimalai Nagar So,13.0156,80.0416
603210,TN,Chengalpattu,செங்கல்பட்டு,Vandalur,1,no,Urapakkam So,12.8854,80.0869
603211,TN,Chengalpattu,செங்கல்பட்டு,,0,no,Annai Anjugam Nagar So,12.9251,80.1987
603301,TN,Chengalpattu,செங்கல்பட்டு,Maduranthakam,2,no,Acharapakkam So,12.5102,79.8892
603302,TN,Chengalpattu,செங்கல்பட்டு,Cheyyur,2,no,Cheyur So Kanchipuram,12.3381,80.0317
603303,TN,Chengalpattu,செங்கல்பட்டு,Maduranthakam,2,no,Karunguli So,12.5374,79.9167
603304,TN,Chengalpattu,செங்கல்பட்டு,Cheyyur,2,no,Kudapakkam So,12.3487,80.0031
603305,TN,Chengalpattu,செங்கல்பட்டு,Cheyyur,2,no,Kuvathur So,12.5102,79.8849
603306,TN,Chengalpattu,செங்கல்பட்டு,Maduranthakam,2,no,Madurantakam So,12.5102,79.8849
603307,TN,Chengalpattu,செங்கல்பட்டு,Maduranthakam,1,no,Orathy So,12.3989,79.7127
603308,TN,Chengalpattu,செங்கல்பட்டு,Maduranthakam,2,yes,Padalam So,12.6036,79.9490
603309,TN,Chengalpattu,செங்கல்பட்டு,Cheyyur,2,no,Polambakkam So,12.4102,79.8875
603310,TN,Chengalpattu,செங்கல்பட்டு,Maduranthakam,2,no,Thozhupedu So,12.3528,79.8213
603311,TN,Chengalpattu,செங்கல்பட்டு,Maduranthakam,2,no,Zamin Endathur So,12.4430,79.9393
603312,TN,Chengalpattu,செங்கல்பட்டு,Cheyyur,2,no,Pavunjur So,12.4723,79.9887
603313,TN,Chengalpattu,செங்கல்பட்டு,Maduranthakam,2,no,Chithamur So,12.3487,80.0031
603314,TN,Chengalpattu,செங்கல்பட்டு,Maduranthakam,4,yes,Malaivaiyavur So,12.6036,79.9490
603319,TN,Chengalpattu,செங்கல்பட்டு,Maduranthakam,2,no,Melmaruvathur So,12.6840,79.9833
603401,TN,Chengalpattu,செங்கல்பட்டு,Cheyyur,1,no,Chunampet So,12.3487,80.0031
603402,TN,Kancheepuram,காஞ்சிபுரம்,Uthiramerur,3,yes,Kaliyampoondi S.O,12.6407,79.7131
603403,TN,Kancheepuram,காஞ்சிபுரம்,Uthiramerur,1,yes,Manampathi S.O,12.6254,79.6818
603405,TN,Chengalpattu,செங்கல்பட்டு,Tirukalukundram,2,no,Ponvilainthakalathur So,12.6539,79.7486
603406,TN,Kancheepuram,காஞ்சிபுரம்,Uthiramerur,3,yes,Uttiramerur S.O,12.6136,79.7575
604001,TN,Viluppuram,விழுப்புரம்,Tindivanam,1,yes,Tindivanam Ho,12.2272,79.6496
604101,TN,Viluppuram,விழுப்புரம்,Tindivanam,1,yes,Akshipakkam So,12.2542,79.7540
604102,TN,Viluppuram,விழுப்புரம்,Vanur,3,yes,Kiliyanur So Villupuram,12.1900,79.6900
604151,TN,Viluppuram,விழுப்புரம்,Gingee,3,yes,Alampoondi So,12.1400,79.3500
604152,TN,Viluppuram,விழுப்புரம்,Gingee,2,yes,Nallanpillaipetral So,12.1500,79.2600
604153,TN,Viluppuram,விழுப்புரம்,Gingee,2,yes,Sathyamangalam So,11.8600,79.6900
604154,TN,Viluppuram,விழுப்புரம்,Vanur,2,yes,Velur Sa So,12.1600,79.7700
604201,TN,Viluppuram,விழுப்புரம்,Melmalaiyanur,1,yes,Avalurpet So,12.4100,79.2600
604202,TN,Viluppuram,விழுப்புரம்,Gingee,2,yes,Gingee Mdg,12.2800,79.3900
604203,TN,Viluppuram,விழுப்புரம்,Gingee,1,yes,Melolakkur So,12.3329,79.5210
604204,TN,Viluppuram,விழுப்புரம்,Melmalaiyanur,1,yes,Melmalayanur So,12.3100,79.3500
604205,TN,Viluppuram,விழுப்புரம்,Gingee,1,yes,Minambur So,12.2000,79.4500
604206,TN,Viluppuram,விழுப்புரம்,Gingee,2,yes,Vallam So,12.2500,79.5000
604207,TN,Viluppuram,விழுப்புரம்,Tindivanam,2,yes,Vellimedupettai So,12.3500,79.6100
604208,TN,Viluppuram,விழுப்புரம்,Melmalaiyanur,2,yes,Valathi So,12.4400,79.3800
604210,TN,Viluppuram,விழுப்புரம்,Gingee,3,yes,Illodu So,12.3100,79.4100
604301,TN,Viluppuram,விழுப்புரம்,Marakanam,3,yes,Brahmadesam So Villupuram,12.2100,79.8400
604302,TN,Viluppuram,விழுப்புரம்,Tindivanam,2,yes,Kutteripattu So,12.2000,79.6500
604303,TN,Viluppuram,விழுப்புரம்,Marakanam,4,yes,Markanum So,12.1800,79.8800
604304,TN,Viluppuram,விழுப்புரம்,Tindivanam,2,yes,Mailam So,12.0600,79.6500
604305,TN,Viluppuram,விழுப்புரம்,Tindivanam,1,yes,Olakkur So,12.0300,11.0690
604306,TN,Viluppuram,விழுப்புரம்,Gingee,3,yes,Rettanai So,12.1700,79.5500
604307,TN,Viluppuram,விழுப்புரம்,Tindivanam,2,yes,Saram Tindivanam So,12.2700,79.6900
604401,TN,Tiruvannamalai,திருவண்ணாமலை,Cheyyar,1,no,Anukkavoor So,12.2703,78.7618
604402,TN,Tiruvannamalai,திருவண்ணாமலை,Vembakkam,2,no,Hasanamapettai So,12.4495,79.5540
604403,TN,Tiruvannamalai,திருவண்ணாமலை,Vandavasi,1,no,Kilkodungalur So,12.9506,80.0033
604404,TN,Tiruvannamalai,திருவண்ணாமலை,Cheyyar,2,no,Kilkovalavedu So,12.4495,79.5540
604405,TN,Tiruvannamalai,திருவண்ணாமலை,Vandavasi,1,no,Marudadu So,13.1710,80.0115
604406,TN,Tiruvannamalai,திருவண்ணாமலை,Vandavasi,1,no,Tellar So,12.5823,80.1207
604407,TN,Tiruvannamalai,திருவண்ணாமலை,Cheyyar,3,yes,Tiruvettipuram So,12.6605,79.5431
604408,TN,Tiruvannamalai,திருவண்ணாமலை,Vandavasi,2,no,Vandavasi So,12.0294,79.6047
604409,TN,Tiruvannamalai,திருவண்ணாமலை,Cheyyar,1,no,Valkadai So,12.4495,79.5540
604410,TN,Tiruvannamalai,திருவண்ணாமலை,Vembakkam,1,no,Vembakkam So,12.4495,79.5540
604411,TN,Tiruvannamalai,திருவண்ணாமலை,,0,no,Ponnur S.O,12.4686,79.5433
604501,TN,Tiruvannamalai,திருவண்ணாமலை,Vandavasi,2,no,Desur So,12.8757,79.8374
604502,TN,Tiruvannamalai,திருவண்ணாமலை,Vandavasi,2,no,Malayur So,12.7839,79.8240
604503,TN,Tiruvannamalai,திருவண்ணாமலை,Vandavasi,3,no,Pernamallur So,12.5456,79.4234
604504,TN,Tiruvannamalai,திருவண்ணாமலை,Chetpet,2,no,Tirumani So,12.7839,79.8240
604505,TN,Tiruvannamalai,திருவண்ணாமலை,Vandavasi,2,no,Vallam Arni So,12.7469,80.1847
604601,TN,Tiruvannamalai,திருவண்ணாமலை,Kilpennathur,1,no,Kilpennathur So,13.3725,80.3334
605001,PY,Pondicherry,புதுச்சேரி,,0,no,Pondicherry Ho,11.9345,79.8351
605002,PY,Pondicherry,புதுச்சேரி,,0,no,Sri Aurobindo Ashram So,11.9459,79.8346
605003,PY,Pondicherry,புதுச்சேரி,,0,no,Muthialpet So,11.9568,79.8352
605004,PY,Pondicherry,புதுச்சேரி,,0,no,Mudaliarpet So,11.9212,79.8151
605005,PY,Pondicherry,புதுச்சேரி,,0,no,Nellithope So,11.9293,79.8117
605006,PY,Pondicherry,புதுச்சேரி,,0,no,Dhanvantri Nagar So,11.9497,79.7996
605007,TN,Cuddalore,கடலூர்,Cuddalore,1,yes,Ariyankuppam So,11.8546,79.8115
605008,PY,Pondicherry,புதுச்சேரி,,0,no,Lawspet So,11.9542,79.8210
605009,PY,Pondicherry,புதுச்சேரி,,0,no,Thattanchavady So,11.9400,79.7900
605010,PY,Pondicherry,புதுச்சேரி,,0,no,Reddiarpalayam So,11.9400,79.7800
605011,PY,Pondicherry,புதுச்சேரி,,0,no,Venkata Nagar So,11.9403,79.8252
605013,PY,Pondicherry,புதுச்சேரி,,0,no,Sarampy So,11.9389,79.8145
605014,TN,Viluppuram,விழுப்புரம்,Vanur,2,yes,Pondicherry University So,12.0500,79.8700
605101,TN,Villupuram,விழுப்புரம்,,0,no,Auroville So,11.9921,79.8381
605102,TN,Viluppuram,விழுப்புரம்,Viluppuram,3,yes,Kandamangalam So,11.9100,79.7000
605103,TN,Viluppuram,விழுப்புரம்,Viluppuram,1,yes,Koliyanur So,11.9600,79.5500
605104,TN,Villupuram,விழுப்புரம்,Vanur,1,yes,Kottakuppam So,11.9915,79.8495
605105,TN,Viluppuram,விழுப்புரம்,Viluppuram,2,yes,Mokshakulam So,11.8686,79.5793
605106,TN,Viluppuram,விழுப்புரம்,Viluppuram,2,yes,Nettapakkam So,11.8600,79.6700
605107,TN,Viluppuram,விழுப்புரம்,Vikravandi,2,yes,Pallineliyanur So,11.9300,79.6400
605108,TN,Viluppuram,விழுப்புரம்,Viluppuram,2,yes,Valavanur So,11.9200,79.5800
605109,TN,Viluppuram,விழுப்புரம்,Vanur,1,yes,Vanur So,12.0500,79.7700
605110,PY,Pondicherry,புதுச்சேரி,Cuddalore,1,yes,Villiyanur So,11.9200,79.7700
605111,TN,Viluppuram,விழுப்புரம்,Vanur,2,yes,Tiruchitambalam So,12.0100,79.7900
605201,TN,Viluppuram,விழுப்புரம்,Gingee,3,yes,Ananthapuram So,12.0800,79.3500
605202,TN,Viluppuram,விழுப்புரம்,Vikravandi,1,yes,Anniyur So,12.0693,79.3954
605203,TN,Viluppuram,விழுப்புரம்,Vikravandi,1,yes,Kanjanur So,12.0300,79.4800
605301,TN,Viluppuram,விழுப்புரம்,Viluppuram,1,yes,Kanai So,11.9200,79.4500
605302,TN,Viluppuram,விழுப்புரம்,Viluppuram,1,yes,Mambazhapattu So,12.8000,79.3500
605401,TN,Viluppuram,விழுப்புரம்,Viluppuram,1,yes,Kandamanadi So,11.8917,79.4742
605402,TN,Viluppuram,விழுப்புரம்,Vikravandi,2,yes,Kedar So,11.9900,79.3800
605403,TN,Viluppuram,விழுப்புரம்,Viluppuram,1,yes,Valudareddy S.O,12.0672,79.3958
605501,TN,Viluppuram,விழுப்புரம்,Vikravandi,2,yes,Tirukkanur So,12.0100,79.6400
605502,TN,Viluppuram,விழுப்புரம்,Vikravandi,2,yes,Valudavur So,11.9800,79.7300
605601,TN,Viluppuram,விழுப்புரம்,Vikravandi,3,yes,Mundiyambakkam So,11.9800,79.5000
605602,TN,Viluppuram,விழுப்புரம்,Viluppuram,1,yes,Viluppuram Ho,11.9468,79.5016
605651,TN,Viluppuram,விழுப்புரம்,Gingee,3,yes,Periyathatchur So,11.9880,79.6490
605652,TN,Viluppuram,விழுப்புரம்,Vikravandi,4,yes,Vikravandi So,12.0500,79.5400
605701,TN,Viluppuram,விழுப்புரம்,Kandachipuram,3,yes,Kandachipuram S.O,12.0100,79.3000
605702,TN,Kallakurichi,கள்ளக்குறிச்சி,Vanapuram,1,no,Moongilthuraipattu S.O,11.9774,79.2011
605751,TN,Kallakurichi,கள்ளக்குறிச்சி,Tirukkoyilur,3,yes,Ariyur S.O (Villupuram),11.8700,79.1200
605752,TN,Viluppuram,விழுப்புரம்,Kandachipuram,1,yes,Arakandanallur S.O,11.9600,79.2600
605754,TN,Kallakurichi,கள்ளக்குறிச்சி,Vanapuram,2,no,Manalurpet S.O,11.9900,79.1300
605755,TN,Viluppuram,விழுப்புரம்,Kandachipuram,4,yes,Mogaiyur S.O,11.9600,79.3400
605756,TN,Kallakurichi,கள்ளக்குறிச்சி,Kandachipuram,2,yes,Thapovanam S.O,11.9800,79.2000
605757,TN,Kallakurichi,கள்ளக்குறிச்சி,Tirukkoyilur,1,no,Tirukkoyilur H.O,11.9637,79.2034
605758,TN,Viluppuram,விழுப்புரம்,Kandachipuram,1,yes,Virapandi S.O,12.0500,79.2400
605759,TN,Kallakurichi,கள்ளக்குறிச்சி,Tirukkoyilur,2,yes,Manampoondi S.O,11.9774,79.2055
605766,TN,Kallakurichi,கள்ளக்குறிச்சி,Tirukkoyilur,1,no,Santhapettai S.O,11.9100,79.2300
605801,TN,Kallakurichi,கள்ளக்குறிச்சி,Vanapuram,3,yes,Ariyalur (Villupuram) S.O,11.9100,79.0200
605802,TN,Kallakurichi,கள்ளக்குறிச்சி,Vanapuram,1,no,Kadambur S.O (Villupuram),12.0100,79.0300
605803,TN,Viluppuram,விழுப்புரம்,Thiruvennainallur,3,yes,Sithalingamadam S.O,11.8600,79.2500
606001,TN,Cuddalore,கடலூர்,Virudhachalam,1,no,Vriddhachalam H.O,11.5251,79.3226
606003,TN,Cuddalore,கடலூர்,Virudhachalam,1,no,Budamur S.O,11.5000,79.3700
606102,TN,Kallakurichi,கள்ளக்குறிச்சி,Ulundurpettai,2,yes,Kalamarudur S.O,11.8100,79.3400
606103,TN,Cuddalore,கடலூர்,Virudhachalam,3,no,Kammapuram S.O,11.4767,79.4324
606104,TN,Cuddalore,கடலூர்,Virudhachalam,3,yes,Mangalam (Sa) S.O,11.6000,79.3300
606105,TN,Cuddalore,கடலூர்,Tittakudi,2,no,Pennadam S.O,11.4200,79.2800
606106,TN,Cuddalore,கடலூர்,Tittakudi,3,no,Tittagudi S.O,11.4100,79.0500
606107,TN,Kallakurichi,கள்ளக்குறிச்சி,Ulundurpettai,3,yes,Ulundurpet S.O,10.5500,78.9000
606108,TN,Cuddalore,கடலூர்,Tittakudi,2,no,Mangalur S.O,11.5100,78.9900
606109,TN,Cuddalore,கடலூர்,Veppur,4,yes,Sirupakkam S.O,11.5100,78.9400
606110,TN,Cuddalore,கடலூர்,Virudhachalam,2,no,Karuvepilankurichi S.O,11.7568,79.7626
606111,TN,Cuddalore,கடலூர்,Tittakudi,1,no,Pennadam R.S. S.O,11.3900,79.1900
606115,TN,Kallakurichi,கள்ளக்குறிச்சி,Ulundurpettai,2,yes,Padur S.O,11.7100,79.3300
606201,TN,Kallakurichi,கள்ளக்குறிச்சி,Chinnasalem,2,no,Chinnasalem S.O,11.6400,78.9200
606202,TN,Kallakurichi,கள்ளக்குறிச்சி,Kallakkurichi,1,no,Kallakurichi H.O,11.7382,78.9601
606203,TN,Kallakurichi,கள்ளக்குறிச்சி,Kallakkurichi,3,yes,Nagalur S.O,11.9454,79.4952
606204,TN,Kallakurichi,கள்ளக்குறிச்சி,Kallakkurichi,4,yes,Pukkiravari S.O,11.6000,78.9700
606205,TN,Kallakurichi,கள்ளக்குறிச்சி,Vanapuram,5,no,Rishivandiyam S.O,11.8151,79.0967
606206,TN,Kallakurichi,கள்ளக்குறிச்சி,Kallakkurichi,4,yes,Tiyagadrug S.O,11.7400,79.0200
606207,TN,Kallakurichi,கள்ளக்குறிச்சி,Chinnasalem,3,no,Vadakkanandal S.O,11.7800,78.8700
606208,TN,Kallakurichi,கள்ளக்குறிச்சி,Sankarapuram,1,no,Murarbad S.O,11.8600,78.9500
606209,TN,Kallakurichi,கள்ளக்குறிச்சி,Kalvarayan Hills,2,no,Vellimalai S.O,11.7300,78.7000
606213,TN,Kallakurichi,கள்ளக்குறிச்சி,Kallakkurichi,2,no,Kallakurichi South S.O,11.7900,78.9900
606301,TN,Kallakurichi,கள்ளக்குறிச்சி,Chinnasalem,5,yes,Nainarpalayam S.O,11.5400,78.9100
606302,TN,Cuddalore,கடலூர்,Veppur,3,no,Nallur S.O (Cuddalore),11.5400,79.1500
606303,TN,Cuddalore,கடலூர்,Tittakudi,1,no,Toludur S.O,11.4400,79.0100
606304,TN,Cuddalore,கடலூர்,Veppur,3,no,Veppur (Sa) S.O,11.4700,79.1800
606305,TN,Kallakurichi,கள்ளக்குறிச்சி,Kallakkurichi,4,yes,Asanur S.O,11.6300,79.2200
606401,TN,Kallakurichi,கள்ளக்குறிச்சி,Sankarapuram,2,no,Sankarapuram (Villupuram) S.O,11.9000,78.8800
606402,TN,Kallakurichi,கள்ளக்குறிச்சி,Sankarapuram,2,no,Pandalam S.O (Villupuram),11.9500,78.9100
606601,TN,Tiruvannamalai,திருவண்ணாமலை,Tiruvannamalai,2,no,Tiruvannamalai Ho,12.2266,79.0746
606603,TN,Tiruvannamalai,திருவண்ணாமலை,Tiruvannamalai,1,no,Sriramanashramam So,12.2224,79.0563
606604,TN,Tiruvannamalai,திருவண்ணாமலை,Tiruvannamalai,1,no,Esanyamadam So,12.2841,79.0735
606611,TN,Tiruvannamalai,திருவண்ணாமலை,Tiruvannamalai,2,no,Somasipadi So,12.2266,79.0746
606701,TN,Tiruvannamalai,திருவண்ணாமலை,Chengam,1,no,Chengam So,12.3089,78.7914
606702,TN,Tiruvannamalai,திருவண்ணாமலை,Chengam,2,no,Kanji So,12.0092,78.4334
606703,TN,Tiruvannamalai,திருவண்ணாமலை,Chengam,2,no,Melpallipattu So,11.3516,77.1667
606704,TN,Tiruvannamalai,திருவண்ணாமலை,Chengam,1,no,Pachal So Tiruvannamalai,12.2681,78.9413
606705,TN,Tiruvannamalai,திருவண்ணாமலை,Chengam,1,no,Pudupalayam So Tiruvannamalai,12.0092,78.4334
606706,TN,Tiruvannamalai,திருவண்ணாமலை,Thandrampet,2,no,Sathanurdam So,12.0092,78.4334
606707,TN,Tiruvannamalai,திருவண்ணாமலை,Thandrampet,2,no,Tandarampattu So,12.0092,78.4334
606708,TN,Tiruvannamalai,திருவண்ணாமலை,Thandrampet,2,no,Tanipadi So,12.1082,78.8342
606709,TN,Tiruvannamalai,திருவண்ணாமலை,Chengam,1,no,Thukkapettai So,12.0092,78.4334
606710,TN,Tiruvannamalai,திருவண்ணாமலை,Chengam,2,no,Paramanandal So,11.7517,79.3040
606751,TN,Tiruvannamalai,திருவண்ணாமலை,Kalasapakkam,3,no,Kalasapakkam So,12.4346,79.0981
606752,TN,Tiruvannamalai,திருவண்ணாமலை,Tiruvannamalai,3,yes,Mangalam So Tiruvannamalai,11.6053,79.1736
606753,TN,Tiruvannamalai,திருவண்ணாமலை,Thandrampet,2,no,Vanapuram So,12.5295,80.1660
606754,TN,Tiruvannamalai,திருவண்ணாமலை,Kilpennathur,2,yes,Vettavalam So,12.1075,79.2449
606755,TN,Tiruvannamalai,திருவண்ணாமலை,Kilpennathur,1,no,Avur So,11.1541,78.9759
606801,TN,Tiruvannamalai,திருவண்ணாமலை,Chetpet,1,no,Chettupattu Polur So,12.4935,79.4438
606802,TN,Tiruvannamalai,திருவண்ணாமலை,Tiruvannamalai,5,no,Nayudumangalam So,12.4935,79.4438
606803,TN,Tiruvannamalai,திருவண்ணாமலை,Polur,4,no,Polur Town So,13.2677,80.0503
606804,TN,Tiruvannamalai,திருவண்ணாமலை,Kilpennathur,2,no,Tandarai So,12.1199,79.1507
606805,TN,Tiruvannamalai,திருவண்ணாமலை,Tiruvannamalai,1,no,Turinjapuram So,12.4935,79.4438
606806,TN,Tiruvannamalai,திருவண்ணாமலை,Tiruvannamalai,2,no,Pavithiram So,12.0917,79.1303
606807,TN,Tiruvannamalai,திருவண்ணாமலை,Chetpet,2,no,Nedungunam So,12.4935,79.4438
606808,TN,Tiruvannamalai,திருவண்ணாமலை,Tiruvannamalai,1,no,Kattampoondi So,12.4935,79.4438
606811,TN,Tiruvannamalai,திருவண்ணாமலை,Tiruvannamalai,1,no,Thachampattu So,12.2352,79.0766
606901,TN,Tiruvannamalai,திருவண்ணாமலை,Kalasapakkam,2,no,Adamangalam So,12.2352,79.0766
606902,TN,Tiruvannamalai,திருவண்ணாமலை,Chetpet,5,no,Devikapuram So,12.3000,79.1500
606903,TN,Tiruvannamalai,திருவண்ணாமலை,Polur,3,no,Kalambur So,12.9874,79.6562
606904,TN,Tiruvannamalai,திருவண்ணாமலை,Polur,3,no,Mandakolathur So,12.1874,79.4080
606905,TN,Tiruvannamalai,திருவண்ணாமலை,Polur,2,no,Santhavasal So,10.3757,78.8097
606906,TN,Tiruvannamalai,திருவண்ணாமலை,Kalasapakkam,1,no,Vilvarani So,12.4636,79.0206
606907,TN,Tiruvannamalai,திருவண்ணாமலை,Polur,2,no,Vadamadimangalam So,11.7463,79.7944
606908,TN,Tiruvannamalai,திருவண்ணாமலை,Kalasapakkam,2,no,Kadaladi So Tiruvannamalai,12.4042,78.9650
607001,TN,Cuddalore,கடலூர்,Cuddalore,1,no,Cuddalore H.O,11.7600,79.7700
607002,TN,Cuddalore,கடலூர்,Cuddalore,1,no,Tirupadiripuliyur S.O,11.7500,79.7600
607003,TN,Cuddalore,கடலூர்,Cuddalore,1,no,Cuddalore Port S.O,11.7000,79.6800
607004,TN,Cuddalore,கடலூர்,Cuddalore,1,no,Vandipalayam S.O,11.7300,79.7500
607005,TN,Cuddalore,கடலூர்,Cuddalore,1,no,Sipcot Cuddalore S.O,11.6600,79.7500
607006,TN,Cuddalore,கடலூர்,Cuddalore,1,no,Kondur S.O,11.7700,79.7400
607101,TN,Cuddalore,கடலூர்,Panruti,3,yes,Anathur S.O,11.7800,79.4700
607102,TN,Cuddalore,கடலூர்,Panruti,2,no,Chinnapanaickenpalayam S.O,11.7000,79.6300
607103,TN,Cuddalore,கடலூர்,Panruti,1,no,Kadambuliyur S.O,11.7200,79.5600
607104,TN,Cuddalore,கடலூர்,Panruti,2,yes,Melpattambakkam S.O,11.8100,79.6400
607105,TN,Cuddalore,கடலூர்,Panruti,2,no,Nellikuppam Bazaar S.O,11.7400,79.6600
607106,TN,Cuddalore,கடலூர்,Panruti,2,no,Panruti West S.O,11.7800,79.5500
607107,TN,Viluppuram,விழுப்புரம்,Thiruvennainallur,2,yes,Perangiyur S.O,11.9300,79.7600
607108,TN,Cuddalore,கடலூர்,Panruti,1,no,Puthupet (Cdl) S.O,11.8000,79.5200
607109,TN,Cuddalore,கடலூர்,Cuddalore,2,yes,Varakalpattu S.O,11.7700,79.6900
607112,TN,Cuddalore,கடலூர்,Panruti,1,no,Kilkavarappattu S.O,11.8000,79.5800
607201,TN,Kallakurichi,கள்ளக்குறிச்சி,Ulundurpettai,3,no,Eraiyur S.O (Villupuram),11.9454,79.4952
607202,TN,Kallakurichi,கள்ளக்குறிச்சி,Ulundurpettai,1,no,Elavanasur S.O,11.7400,79.1900
607203,TN,Viluppuram,விழுப்புரம்,Thiruvennainallur,1,yes,Tiruvennainallur S.O,11.8800,79.3800
607204,TN,Kallakurichi,கள்ளக்குறிச்சி,Ulundurpettai,2,yes,Tirunavalur S.O,11.7900,79.3700
607205,TN,Cuddalore,கடலூர்,Panruti,1,no,Tiruthuraiyur S.O,11.8500,79.5200
607209,TN,Viluppuram,விழுப்புரம்,Thiruvennainallur,2,yes,Periyasevalai S.O,11.8400,79.3700
607301,TN,Cuddalore,கடலூர்,Kurinjipadi,2,no,Kullanchavadi S.O,11.6000,79.6900
607302,TN,Cuddalore,கடலூர்,Kurinjipadi,2,no,Kurinjipadi S.O,11.5800,79.6200
607303,TN,Cuddalore,கடலூர்,Kurinjipadi,1,no,Vadalur S.O,11.5200,79.5700
607308,TN,Cuddalore,கடலூர்,Kurinjipadi,1,no,Gandhi Nagar S.O (Cuddalore),11.6200,79.5500
607401,TN,Cuddalore,கடலூர்,Cuddalore,2,no,Tiruvendhipuram S.O,11.7500,79.6800
607402,TN,Cuddalore,கடலூர்,Cuddalore,1,yes,Bahoor So,11.8273,79.7582
607403,TN,Cuddalore,கடலூர்,Cuddalore,1,yes,Kirumambakkam,11.8396,79.7862
607801,TN,Cuddalore,கடலூர்,Kurinjipadi,1,no,Block 10neyveli S.O,11.6100,79.5000
607802,TN,Cuddalore,கடலூர்,Virudhachalam,3,no,Neyveli Second Mines S.O,11.5400,79.8500
607803,TN,Cuddalore,கடலூர்,Kurinjipadi,1,no,Block 26 Neyveli S.O,11.6000,79.5000
607804,TN,Cuddalore,கடலூர்,Virudhachalam,1,no,Oomangalam S.O,11.5300,79.4200
607805,TN,Cuddalore,கடலூர்,Panruti,3,yes,Perperiyankuppam S.O,11.5200,79.5900
607807,TN,Cuddalore,கடலூர்,Virudhachalam,1,no,Neyveli Ii Thermal Station S.O,11.5600,79.4500
608001,TN,Cuddalore,கடலூர்,Chidambaram,1,no,Chidambaram H.O,11.4000,79.6800
608002,TN,Cuddalore,கடலூர்,Chidambaram,1,yes,Annamalai University S.O,11.4200,79.7800
608102,TN,Cuddalore,கடலூர்,Chidambaram,2,no,Killai S.O,11.5500,79.6600
608201,TN,Cuddalore,கடலூர்,Chidambaram,2,no,Orathur S.O,11.4200,79.8100
608301,TN,Cuddalore,கடலூர்,Kattumannarkoil,1,no,Kattumannarkoil S.O,11.3100,79.5100
608302,TN,Cuddalore,கடலூர்,Kattumannarkoil,2,no,Komaratchi S.O,11.2600,79.6300
608303,TN,Cuddalore,கடலூர்,Kattumannarkoil,1,no,Lalpet S.O,11.4100,79.5400
608304,TN,Cuddalore,கடலூர்,Kattumannarkoil,1,no,Reddiyur S.O,11.1700,79.4700
608305,TN,Cuddalore,கடலூர்,Kattumannarkoil,2,no,T.Nedunjeri S.O,11.3536,79.5700
608306,TN,Cuddalore,கடலூர்,Kattumannarkoil,1,no,Ayangudi S.O,11.2200,79.5400
608401,TN,Cuddalore,கடலூர்,Chidambaram,2,no,Vallampadugai S.O,11.3400,79.6700
608501,TN,Cuddalore,கடலூர்,Bhuvanagiri,1,no,B.Mutlur S.O,11.4700,79.6800
608502,TN,Cuddalore,கடலூர்,Bhuvanagiri,2,no,Parangipettai S.O,11.4100,80.0000
608601,TN,Cuddalore,கடலூர்,Bhuvanagiri,2,no,Bhuvanagiri S.O,11.4500,79.6000
608602,TN,Cuddalore,கடலூர்,Chidambaram,2,no,Keerapalayam S.O,11.4200,79.6700
608701,TN,Cuddalore,கடலூர்,Srimushnam,2,no,Palayamkottai(Cdl) S.O,11.3700,79.5100
608702,TN,Cuddalore,கடலூர்,Srimushnam,3,no,Sethiathope S.O,11.4400,79.4800
608703,TN,Cuddalore,கடலூர்,Srimushnam,3,yes,Srimushnam S.O,11.3800,79.4500
608704,TN,Cuddalore,கடலூர்,Bhuvanagiri,1,no,Pinnalur S.O,11.4900,79.6900
608801,TN,Cuddalore,கடலூர்,Cuddalore,3,no,Alapakkam S.O,11.6100,79.7600
608901,TN,Ariyalur,அரியலூர்,Andimadam,2,yes,Kavarapalayam So,11.2600,77.4200
609001,TN,Mayiladuthurai,மயிலாடுதுறை,Mayiladuthurai,1,no,Mayiladuthurai H.O,11.0270,79.6532
609003,TN,Mayiladuthurai,மயிலாடுதுறை,Mayiladuthurai,1,no,Mayiladuthurai R.S S.O,11.0900,79.6400
609101,TN,Mayiladuthurai,மயிலாடுதுறை,Sirkali,1,no,Achalpuram S.O,11.3600,79.7700
609102,TN,Mayiladuthurai,மயிலாடுதுறை,Sirkali,1,no,Anaikaranchatram S.O,11.6000,79.3900
609103,TN,Mayiladuthurai,மயிலாடுதுறை,Mayiladuthurai,1,no,Anandatandavapuram S.O,11.1415,79.6626
609104,TN,Mayiladuthurai,மயிலாடுதுறை,Sirkali,1,no,Kadavasal S.O,11.2900,79.7700
609105,TN,Mayiladuthurai,மயிலாடுதுறை,Sirkali,1,no,Kaveripattinam S.O (Nagapattinam),11.1500,79.8500
609106,TN,Mayiladuthurai,மயிலாடுதுறை,Sirkali,1,no,Mangamadam S.O,11.2000,79.8300
609107,TN,Mayiladuthurai,மயிலாடுதுறை,Tharangambadi,2,no,Melaiyur Tvg S.O,11.1400,79.8100
609108,TN,Mayiladuthurai,மயிலாடுதுறை,Sirkali,1,no,Puthur (Srk) S.O,11.2800,79.7200
609109,TN,Mayiladuthurai,மயிலாடுதுறை,Sirkali,1,no,Sattanathapuram S.O,11.1900,79.7700
609110,TN,Mayiladuthurai,மயிலாடுதுறை,,0,no,Sirkali H.O,11.2379,79.7347
609111,TN,Mayiladuthurai,மயிலாடுதுறை,Sirkali,1,no,Sirkali Thenpathi S.O,11.2700,79.7500
609112,TN,Mayiladuthurai,மயிலாடுதுறை,Sirkali,2,no,Tirupungur S.O,11.2000,79.6600
609113,TN,Mayiladuthurai,மயிலாடுதுறை,Sirkali,1,no,Tirumullaivasal S.O,11.2900,79.8300
609114,TN,Mayiladuthurai,மயிலாடுதுறை,Sirkali,1,no,Tiruvengadu S.O,11.1500,79.7900
609115,TN,Mayiladuthurai,மயிலாடுதுறை,Sirkali,1,no,Varisapathu Vadagal S.O,11.2400,79.7700
609116,TN,Mayiladuthurai,மயிலாடுதுறை,Sirkali,1,no,Valluvakudi S.O,11.2400,79.7000
609117,TN,Mayiladuthurai,மயிலாடுதுறை,Sirkali,1,no,Vaithiswarankoil S.O,11.1700,79.7100
609118,TN,Mayiladuthurai,மயிலாடுதுறை,Sirkali,2,no,Solasakkaranallur S.O,11.1500,79.7100
609201,TN,Mayiladuthurai,மயிலாடுதுறை,Mayiladuthurai,2,no,Ilanthope S.O,11.2100,79.6600
609202,TN,Mayiladuthurai,மயிலாடுதுறை,Mayiladuthurai,1,no,Manalmedu S.O,11.1900,79.6100
609203,TN,Mayiladuthurai,மயிலாடுதுறை,Mayiladuthurai,1,no,Nidur S.O,11.1400,79.6400
609204,TN,Mayiladuthurai,மயிலாடுதுறை,Mayiladuthurai,2,yes,Tirumeniarkoil S.O,11.1700,79.5600
609205,TN,Mayiladuthurai,மயிலாடுதுறை,Mayiladuthurai,1,no,Tiruvalaputhur S.O,10.7603,79.8465
609301,TN,Mayiladuthurai,மயிலாடுதுறை,Tharangambadi,1,no,Akkur S.O (Nagapattinam),11.0900,79.8300
609302,TN,Mayiladuthurai,மயிலாடுதுறை,Tharangambadi,1,no,Arangakudi S.O,11.0500,79.7100
609303,TN,Mayiladuthurai,மயிலாடுதுறை,Tharangambadi,1,no,Ayappadi S.O,11.0100,79.8200
609304,TN,Mayiladuthurai,மயிலாடுதுறை,Tharangambadi,1,no,Kilaiyur S.O,11.1200,79.7200
609305,TN,Mayiladuthurai,மயிலாடுதுறை,Mayiladuthurai,1,no,Mannampandal S.O,11.1027,79.6899
609306,TN,Mayiladuthurai,மயிலாடுதுறை,Tharangambadi,1,no,Nalladai S.O,11.0300,79.7400
609307,TN,Mayiladuthurai,மயிலாடுதுறை,Tharangambadi,1,no,Porayar S.O,11.0200,79.8300
609308,TN,Mayiladuthurai,மயிலாடுதுறை,Tharangambadi,1,no,Sankaranpandal S.O,11.0500,79.7700
609309,TN,Mayiladuthurai,மயிலாடுதுறை,Tharangambadi,1,no,Sembanarkoil S.O,11.0600,79.7400
609310,TN,Mayiladuthurai,மயிலாடுதுறை,Tharangambadi,1,no,Tillaiyadi S.O,11.0400,79.7900
609311,TN,Mayiladuthurai,மயிலாடுதுறை,Tharangambadi,1,no,Tirucadaiyur S.O,11.0800,79.8200
609312,TN,Mayiladuthurai,மயிலாடுதுறை,Tharangambadi,1,no,Tirukkalachery S.O,11.0000,79.7900
609313,TN,Mayiladuthurai,மயிலாடுதுறை,Tharangambadi,1,no,Tarangambadi S.O,11.0700,79.8500
609314,TN,Mayiladuthurai,மயிலாடுதுறை,Mayiladuthurai,2,no,Vadakarai S.O (Nagapattinam),10.7603,79.8465
609401,TN,Mayiladuthurai,மயிலாடுதுறை,Kuthalam,2,no,Elandangudi S.O,11.0500,79.6400
609402,TN,Mayiladuthurai,மயிலாடுதுறை,Tharangambadi,2,no,Kiliyanur S.O (Nagapattinam),11.0300,79.7000
609403,TN,Thiruvarur,திருவாரூர்,Nannilam,2,yes,Kollumangudi S.O,11.0100,79.6900
609404,TN,Mayiladuthurai,மயிலாடுதுறை,Kuthalam,1,no,Manganallur Bazaar S.O,11.0300,79.6300
609405,TN,Thiruvarur,திருவாரூர்,Nannilam,2,no,Peralam S.O,10.9600,79.6500
609501,TN,Thiruvarur,திருவாரூர்,Kudavasal,2,yes,Eravancheri S.O,10.5800,79.5100
609502,TN,Thiruvarur,திருவாரூர்,Nannilam,1,no,Mudikondan S.O,10.9000,79.6300
609503,TN,Thiruvarur,திருவாரூர்,Nannilam,3,yes,Punthottam S.O,10.9300,79.6700
609504,TN,Thiruvarur,திருவாரூர்,Nannilam,1,yes,Sannanallur S.O,10.8800,79.6500
609601,PY,Karaikal,காரைக்கால்,Nagapattinam,2,yes,Ambagarathur S.O,10.9600,79.7300
609602,PY,Karaikal,காரைக்கால்,,0,no,Karaikal S.O,10.9239,79.8310
609603,PY,Karaikal,காரைக்கால்,Nannilam,1,yes,Nedungadu S.O,11.0000,79.7700
609604,PY,Karaikal,காரைக்கால்,,0,yes,Neravy S.O,10.8900,79.8200
609605,PY,Karaikal,காரைக்கால்,,0,no,Thalatheru S.O,10.9400,79.8400
609606,PY,Karaikal,காரைக்கால்,,0,no,Tirumalairayanpattinam S.O,10.8700,79.8300
609607,PY,Karaikal,காரைக்கால்,Nagapattinam,1,yes,Tirunallar S.O,10.9100,79.7700
609608,TN,Thiruvarur,திருவாரூர்,Nannilam,1,no,Kollapuram S.O,10.9600,79.7100
609609,PY,Karaikal,காரைக்கால்,,0,no,Kottuchery S.O,10.9600,79.8300
609701,TN,Nagapattinam,நாகப்பட்டினம்,Nagapattinam,1,no,Enangudi S.O,10.8600,79.6800
609702,TN,Nagapattinam,நாகப்பட்டினம்,Nagapattinam,1,no,Tirumarugal S.O,10.9000,79.7300
609703,TN,Nagapattinam,நாகப்பட்டினம்,Nagapattinam,1,no,Tittachery S.O,10.8800,79.8100
609704,TN,Nagapattinam,நாகப்பட்டினம்,Nagapattinam,1,no,Tirukannapuram S.O,10.8400,79.7000
609801,TN,Mayiladuthurai,மயிலாடுதுறை,Kuthalam,2,yes,Kuttalam S.O,11.0722,79.5627
609802,TN,Thanjavur,தஞ்சாவூர்,Thiruvidaimarudur,1,no,Narasinganpettai S.O,11.0500,79.5100
609803,TN,Mayiladuthurai,மயிலாடுதுறை,Kuthalam,1,no,Tiruvavaduthurai S.O,11.0400,79.5200
609804,TN,Thanjavur,தஞ்சாவூர்,Thiruvidaimarudur,1,no,Thuhili S.O,11.0400,79.4900
609805,TN,Mayiladuthurai,மயிலாடுதுறை,Kuthalam,2,yes,Komal S.O,11.0200,79.6000
609806,TN,Mayiladuthurai,மயிலாடுதுறை,Mayiladuthurai,3,yes,Malliyam S.O,11.0900,79.5900
609807,TN,Thanjavur,தஞ்சாவூர்,Thiruvidaimarudur,1,no,Pandanallur S.O,11.1500,79.5000
609808,TN,Mayiladuthurai,மயிலாடுதுறை,Kuthalam,1,no,Terizhandur S.O,11.0300,79.4700
609810,TN,Mayiladuthurai,மயிலாடுதுறை,Kuthalam,2,yes,Tiruvalangadu S.O,11.0467,79.5272
609811,TN,Mayiladuthurai,மயிலாடுதுறை,Mayiladuthurai,2,yes,Kali S.O,11.1600,79.5800
610001,TN,Thiruvarur,திருவாரூர்,Thiruvarur,1,no,Tiruvarur H.O,10.7800,79.6300
610003,TN,Thiruvarur,திருவாரூர்,Thiruvarur,2,no,Kidarankondan S.O,10.7800,79.6500
610004,TN,Thiruvarur,திருவாரூர்,Thiruvarur,1,no,Tiruvarur Collectorate S.O,10.7800,79.6100
610005,TN,Thiruvarur,திருவாரூர்,Nannilam,2,yes,Tiruvarur Central University,10.8100,79.6200
610101,TN,Thiruvarur,திருவாரூர்,Thiruvarur,3,yes,Kangalanchery S.O,10.7900,79.6800
610102,TN,Thiruvarur,திருவாரூர்,Koothanallur,1,no,Kamalapuram S.O (Tiruvarur),10.7500,79.5400
610103,TN,Thiruvarur,திருவாரூர்,Thiruvarur,3,no,Mangudi S.O,10.7100,79.6100
610104,TN,Thiruvarur,திருவாரூர்,Thiruvarur,2,no,Manakkal Ayyampet S.O,10.7800,79.6200
610105,TN,Thiruvarur,திருவாரூர்,Nannilam,1,no,Nannilam Cutchery S.O,10.8900,79.5700
610106,TN,Thiruvarur,திருவாரூர்,Thiruvarur,2,yes,Thappalampuliyur S.O,10.7500,79.6600
610107,TN,Thiruvarur,திருவாரூர்,Kudavasal,3,yes,Tiruvidacherry S.O,10.8700,79.5800
610109,TN,Thiruvarur,திருவாரூர்,Thiruvarur,1,no,Pulivalam S.O (Tiruvarur),10.7600,79.6300
610201,TN,Nagapattinam,நாகப்பட்டினம்,Thirukkuvalai,2,yes,Kachanam S.O,10.7664,79.6371
610202,TN,Thiruvarur,திருவாரூர்,Thiruvarur,2,no,Mavoor S.O (Tiruvarur),10.6600,79.6600
610203,TN,Thiruvarur,திருவாரூர்,Thiruthuraipoondi,3,yes,Ponnirai S.O,10.6100,79.7000
610204,TN,Nagapattinam,நாகப்பட்டினம்,Thirukkuvalai,1,no,Tirukuvalai S.O,10.6300,79.7200
610205,TN,Thiruvarur,திருவாரூர்,Koothanallur,3,no,Tirunellikaval S.O,10.6700,79.6200
610206,TN,Thiruvarur,திருவாரூர்,Koothanallur,1,no,Vadapathimangalam S.O,10.6800,79.6000
610207,TN,Nagapattinam,நாகப்பட்டினம்,Thirukkuvalai,2,no,Valivalam S.O,10.6600,79.7400
611001,TN,Nagapattinam,நாகப்பட்டினம்,Nagapattinam,1,no,Nagapattinam H.O,10.7800,79.8400
611002,TN,Nagapattinam,நாகப்பட்டினம்,Nagapattinam,2,no,Nagore South S.O,10.8300,79.7700
611003,TN,Nagapattinam,நாகப்பட்டினம்,Nagapattinam,1,no,Nagapattinam Collectorate S.O,10.7603,79.8465
611101,TN,Thiruvarur,திருவாரூர்,Thiruvarur,2,yes,Adiakkamangalam S.O,10.7500,79.6900
611102,TN,Nagapattinam,நாகப்பட்டினம்,Nagapattinam,2,no,Andanapettai S.O,10.7500,79.8300
611103,TN,Nagapattinam,நாகப்பட்டினம்,Kilvelur,1,no,Kilaiyur (Tiruvarur) S.O,10.6300,79.7600
611104,TN,Nagapattinam,நாகப்பட்டினம்,Kilvelur,1,no,Kilvelur S.O,10.7700,79.7400
611105,TN,Nagapattinam,நாகப்பட்டினம்,Kilvelur,3,yes,Kuthur S.O,10.7900,79.7100
611106,TN,Nagapattinam,நாகப்பட்டினம்,Nagapattinam,1,no,Manjakollai S.O,10.7400,79.8400
611108,TN,Nagapattinam,நாகப்பட்டினம்,Nagapattinam,1,no,Sikkal S.O (Nagapattinam),10.7600,79.8000
611109,TN,Nagapattinam,நாகப்பட்டினம்,Kilvelur,2,no,Thevur S.O (Nagapattinam),10.6700,79.7400
611110,TN,Nagapattinam,நாகப்பட்டினம்,Kilvelur,1,no,Tirupundi S.O,10.6200,79.8400
611111,TN,Nagapattinam,நாகப்பட்டினம்,Kilvelur,2,no,Vailankanni S.O,10.6700,79.8500
611112,TN,Nagapattinam,நாகப்பட்டினம்,Kilvelur,2,no,Vettaikaraniruppu S.O,10.5200,79.8400
612001,TN,Thanjavur,தஞ்சாவூர்,Kumbakonam,1,no,Kumbakonam H.O,10.9600,79.3700
612002,TN,Thanjavur,தஞ்சாவூர்,Kumbakonam,1,no,Melakaveri H.O,10.9682,79.3726
612101,TN,Thanjavur,தஞ்சாவூர்,Thiruvidaimarudur,2,no,Aduthurai S.O,11.0100,79.4800
612102,TN,Thanjavur,தஞ்சாவூர்,Thiruvidaimarudur,1,no,Tirumangalakudi S.O,11.0500,79.4500
612103,TN,Thanjavur,தஞ்சாவூர்,Kumbakonam,2,no,Tirupuvanam S.O,10.9886,79.4371
612104,TN,Thanjavur,தஞ்சாவூர்,Thiruvidaimarudur,1,no,Tiruvidamarudur S.O,10.9996,79.4549
612105,TN,Thanjavur,தஞ்சாவூர்,Thiruvidaimarudur,2,no,Veppathur S.O,11.0000,79.4300
612106,TN,Thanjavur,தஞ்சாவூர்,Thiruvidaimarudur,1,no,Kadiramangalam S.O,11.1000,79.5200
612201,TN,Thanjavur,தஞ்சாவூர்,Kumbakonam,3,yes,Konerirajapuram S.O,10.9600,79.5600
612202,TN,Thanjavur,தஞ்சாவூர்,Kumbakonam,1,no,Murukkangudi S.O,10.9600,79.4500
612203,TN,Mayiladuthurai,மயிலாடுதுறை,Kuthalam,4,yes,Palaiyur S.O,11.0000,79.5400
612204,TN,Thanjavur,தஞ்சாவூர்,Kumbakonam,2,no,Tirunageswaram S.O,10.9700,79.4300
612301,TN,Thanjavur,தஞ்சாவூர்,Papanasam,1,no,Pullabudangudi S.O,10.9500,79.3100
612302,TN,Thanjavur,தஞ்சாவூர்,Kumbakonam,3,yes,Swamimalai S.O,10.9300,79.3300
612303,TN,Thanjavur,தஞ்சாவூர்,Kumbakonam,1,no,Tirupirambiyam S.O,10.9900,79.3600
612401,TN,Thanjavur,தஞ்சாவூர்,Kumbakonam,1,no,Sakkottai S.O,10.9455,79.3969
612402,TN,Thanjavur,தஞ்சாவூர்,Kumbakonam,1,no,Tippirajapuram S.O,10.9300,79.3800
612501,TN,Thanjavur,தஞ்சாவூர்,Kumbakonam,1,no,Koranattukkaruppur S.O,11.0700,79.3700
612502,TN,Thanjavur,தஞ்சாவூர்,Thiruvidaimarudur,2,no,Lower Anicut S.O,11.1200,79.4500
612503,TN,Thanjavur,தஞ்சாவூர்,Kumbakonam,2,no,Sholapuram S.O,11.0300,79.4100
612504,TN,Thanjavur,தஞ்சாவூர்,Thiruvidaimarudur,1,no,Tirupanandal S.O,11.0700,79.4600
612601,TN,Thiruvarur,திருவாரூர்,Kudavasal,3,no,Kodavasal S.O,10.8400,79.5500
612602,TN,Thanjavur,தஞ்சாவூர்,Kumbakonam,2,yes,Natchar Koil S.O,10.8400,79.4400
612603,TN,Thiruvarur,திருவாரூர்,Thiruvarur,2,no,Sembangudi S.O,10.8200,79.5600
612604,TN,Thiruvarur,திருவாரூர்,Kudavasal,4,yes,Sengalipuram S.O,10.8800,79.5100
612605,TN,Thanjavur,தஞ்சாவூர்,Kumbakonam,1,yes,Tiruchirai S.O,10.8900,79.4400
612610,TN,Thiruvarur,திருவாரூர்,Kudavasal,4,yes,Manjakudi S.O,10.8400,79.4900
612701,TN,Thiruvarur,திருவாரூர்,Valangaiman,2,yes,Avoor S.O,10.8800,79.3100
612702,TN,Thanjavur,தஞ்சாவூர்,Kumbakonam,1,no,Darasuram S.O,10.9500,79.3500
612703,TN,Thanjavur,தஞ்சாவூர்,Kumbakonam,2,yes,Patteeswaram S.O,10.9100,79.3500
612801,TN,Thiruvarur,திருவாரூர்,Valangaiman,2,yes,Alangudi Nid S.O,10.8291,79.4082
612802,TN,Thiruvarur,திருவாரூர்,Valangaiman,1,yes,Haridwaramangalam S.O,10.8300,79.3100
612803,TN,Thiruvarur,திருவாரூர்,Needamangalam,1,no,Puvanur S.O,10.7500,79.3900
612804,TN,Thiruvarur,திருவாரூர்,Valangaiman,2,yes,Valangaman S.O,10.8900,79.3800
612901,TN,Ariyalur,அரியலூர்,Udayarpalayam,1,no,Gangaikondacholapuram So,11.2100,79.4400
612902,TN,Ariyalur,அரியலூர்,Udayarpalayam,1,no,Kodalikaruppur So,11.1400,79.3800
612903,TN,Ariyalur,அரியலூர்,Udayarpalayam,1,no,Minsuritti So,11.2200,79.4500
612904,TN,Ariyalur,அரியலூர்,Udayarpalayam,1,no,Thathampettai Palur So,11.1200,79.3200
612905,TN,Ariyalur,அரியலூர்,Udayarpalayam,1,no,Ulkottai So,11.1900,79.4100
612906,TN,Ariyalur,அரியலூர்,Udayarpalayam,1,yes,Melanikuzhi So,11.2400,79.4600
613001,TN,Thanjavur,தஞ்சாவூர்,Thanjavur,1,no,Thanjavur H.O,10.7800,79.1500
613002,TN,Thanjavur,தஞ்சாவூர்,Thanjavur,1,no,Karuntattankudi S.O,10.8100,79.0900
613003,TN,Thanjavur,தஞ்சாவூர்,Thanjavur,2,no,Vennar Bank S.O,10.8400,79.2000
613004,TN,Thanjavur,தஞ்சாவூர்,Thanjavur,1,no,Thanjavur Medical College S.O,10.7700,79.1100
613005,TN,Thanjavur,தஞ்சாவூர்,Thanjavur,1,no,Raja Serfoji Govt College S.O,10.7200,79.1200
613006,TN,Thanjavur,தஞ்சாவூர்,Thanjavur,1,no,Thanjavur Pandt Colony S.O,10.7300,79.1400
613007,TN,Thanjavur,தஞ்சாவூர்,,0,no,Tj Co Operative Housing Colony S.O,10.7646,79.1218
613008,TN,Thanjavur,தஞ்சாவூர்,,0,no,Thanjavur North Gate S.O,10.7789,79.1401
613009,TN,Thanjavur,தஞ்சாவூர்,,0,no,Thanjavur West S.O,10.7800,79.1200
613010,TN,Thanjavur,தஞ்சாவூர்,Thanjavur,1,no,Tamil University S.O,10.7789,79.1401
613101,TN,Thanjavur,தஞ்சாவூர்,Thiruvaiyaru,2,no,Nadukaveri S.O,10.8200,79.0300
613102,TN,Thanjavur,தஞ்சாவூர்,Budalur,2,no,Thogur S.O,10.8200,78.9100
613103,TN,Thanjavur,தஞ்சாவூர்,Thiruvaiyaru,1,no,Thiruppanthuruthi S.O,10.8600,79.0700
613104,TN,Thanjavur,தஞ்சாவூர்,Budalur,2,no,Tirukattupalli East S.O,10.8800,78.9900
613105,TN,Thanjavur,தஞ்சாவூர்,Budalur,1,no,Poondi Tpl S.O,10.8400,78.8900
613201,TN,Thanjavur,தஞ்சாவூர்,Thiruvaiyaru,1,no,Kalyanapuram S.O,10.7789,79.1401
613202,TN,Thanjavur,தஞ்சாவூர்,Thiruvaiyaru,2,no,Kandiyur S.O,10.9728,79.1103
613203,TN,Thanjavur,தஞ்சாவூர்,Thiruvaiyaru,1,no,Thillaisthanam S.O,10.8783,79.0898
613204,TN,Thanjavur,தஞ்சாவூர்,Thiruvaiyaru,3,no,Thiruvaiyaru S.O,10.8900,79.1200
613205,TN,Thanjavur,தஞ்சாவூர்,Thiruvaiyaru,2,no,Vediapuram S.O,10.7789,79.1401
613301,TN,Pudukkottai,புதுக்கோட்டை,Gandarvakkottai,1,no,Ghandarvakottai S.O,10.6500,78.9900
613303,TN,Thanjavur,தஞ்சாவூர்,Thanjavur,1,no,Kurungulam Melpathi S.O,10.6500,79.1000
613401,TN,Thanjavur,தஞ்சாவூர்,Thanjavur,1,no,Tirumalaisamudram East S.O,10.7789,79.1401
613402,TN,Thanjavur,தஞ்சாவூர்,Budalur,1,no,Sengipatti S.O,10.7300,78.9600
613403,TN,Thanjavur,தஞ்சாவூர்,Thanjavur,1,no,Vallam Tj S.O,10.7000,79.0400
613501,TN,Thanjavur,தஞ்சாவூர்,Papanasam,2,no,Mariammancoil S.O,10.7600,79.2000
613502,TN,Thanjavur,தஞ்சாவூர்,Papanasam,1,no,Pundi Tj S.O,10.8000,79.2300
613503,TN,Thanjavur,தஞ்சாவூர்,Papanasam,1,no,Sri Pushpam College S.O,10.7059,79.2452
613504,TN,Thanjavur,தஞ்சாவூர்,Papanasam,1,no,Saliamangalam S.O,10.7500,79.2700
613601,TN,Thanjavur,தஞ்சாவூர்,Thanjavur,1,no,Alakkudi S.O,10.7700,79.0700
613602,TN,Thanjavur,தஞ்சாவூர்,Budalur,1,no,Budalur S.O,10.7500,78.9900
613701,TN,Thiruvarur,திருவாரூர்,Koothanallur,3,no,Ammayappan S.O,10.7800,79.5300
613702,TN,Thiruvarur,திருவாரூர்,Koothanallur,2,no,Attikkadai S.O,79.5000,10.7500
613703,TN,Thiruvarur,திருவாரூர்,Needamangalam,2,no,Koradacheri S.O,11.3300,79.7300
613704,TN,Thiruvarur,திருவாரூர்,Thiruvarur,2,no,Kulikarai S.O,10.7600,79.5800
613705,TN,Thiruvarur,திருவாரூர்,Kudavasal,1,no,Sellur S.O (Tiruvarur),10.7900,79.4700
614001,TN,Thiruvarur,திருவாரூர்,Mannargudi,1,no,Mannargudi H.O,10.6700,79.4600
614013,TN,Thiruvarur,திருவாரூர்,Needamangalam,2,no,Idangankottai Melaiyur S.O,10.6600,79.3400
614014,TN,Thiruvarur,திருவாரூர்,Mannargudi,1,no,Pamani Mng S.O,10.6600,79.4200
614015,TN,Thiruvarur,திருவாரூர்,Mannargudi,2,yes,Paravakottai S.O,10.5400,79.4200
614016,TN,Thiruvarur,திருவாரூர்,Mannargudi,1,no,Serangolam S.O,10.6000,79.4800
614017,TN,Thiruvarur,திருவாரூர்,Mannargudi,2,yes,Tirumakottai S.O,10.7664,79.6371
614018,TN,Thiruvarur,திருவாரூர்,Mannargudi,1,no,Ullikottai S.O,10.6100,79.4300
614019,TN,Thanjavur,தஞ்சாவூர்,Orathanadu,4,yes,Vaduvur S.O,10.7100,79.2600
614020,TN,Thiruvarur,திருவாரூர்,Mannargudi,1,no,Painganadu S.O,10.5700,79.4800
614101,TN,Thiruvarur,திருவாரூர்,Koothanallur,1,no,Koothanallur S.O,10.6900,79.5500
614102,TN,Thiruvarur,திருவாரூர்,Koothanallur,1,no,Lakshmangudi S.O,10.7000,79.4900
614103,TN,Thiruvarur,திருவாரூர்,Koothanallur,1,no,Podakudi S.O,10.7664,79.6371
614201,TN,Thanjavur,தஞ்சாவூர்,Papanasam,1,no,Ayyampet S.O,10.8917,79.1877
614202,TN,Thanjavur,தஞ்சாவூர்,Papanasam,1,no,Ganapathi Agraharam S.O,10.9200,79.1700
614203,TN,Thanjavur,தஞ்சாவூர்,Papanasam,1,no,Kabistalam S.O,10.9400,79.2300
614204,TN,Thanjavur,தஞ்சாவூர்,Papanasam,1,no,Pandaravadai S.O,10.9000,79.2400
614205,TN,Thanjavur,தஞ்சாவூர்,Papanasam,3,yes,Papanasam H.O,10.9200,79.2800
614206,TN,Thanjavur,தஞ்சாவூர்,Papanasam,3,no,Pasupathikoil S.O,10.8600,79.1900
614207,TN,Thanjavur,தஞ்சாவூர்,Papanasam,1,no,Rajaghiri S.O,10.9173,79.2447
614208,TN,Thiruvarur,திருவாரூர்,Valangaiman,3,yes,Sundaraperumalkoil S.O,10.8300,78.8500
614210,TN,Thanjavur,தஞ்சாவூர்,Papanasam,1,no,Valoothoor S.O,10.9100,79.2200
614211,TN,Thanjavur,தஞ்சாவூர்,Papanasam,1,no,Chakrapalli S.O,10.9000,79.2100
614301,TN,Thanjavur,தஞ்சாவூர்,Papanasam,2,yes,Melattur S.O (Thanjavur),10.7789,79.1401
614302,TN,Thanjavur,தஞ்சாவூர்,Papanasam,2,yes,Tirukkarugavur S.O,10.8600,79.2700
614303,TN,Thanjavur,தஞ்சாவூர்,Papanasam,1,no,Vadakkumangudi S.O,10.8800,79.2200
614401,TN,Thanjavur,தஞ்சாவூர்,Papanasam,1,no,Ammapet S.O,10.8000,79.3200
614402,TN,Thanjavur,தஞ்சாவூர்,Papanasam,1,no,Kokkeri S.O,10.7600,79.3100
614403,TN,Thiruvarur,திருவாரூர்,Needamangalam,1,no,Kovilvenni S.O,10.7400,79.3600
614404,TN,Thiruvarur,திருவாரூர்,Needamangalam,2,no,Nidamangalam S.O,10.8000,79.4000
614601,TN,Thanjavur,தஞ்சாவூர்,Pattukkottai,1,no,Pattukottai H.O,10.4266,79.3187
614602,TN,Thanjavur,தஞ்சாவூர்,Pattukkottai,1,no,Nadimuthunagar S.O,10.4100,79.3400
614612,TN,Thanjavur,தஞ்சாவூர்,Peravurani,1,no,Perumagalur S.O,10.2100,79.2100
614613,TN,Thanjavur,தஞ்சாவூர்,Pattukkottai,2,no,Tamarankottai S.O,10.3700,79.4200
614614,TN,Thanjavur,தஞ்சாவூர்,Thiruvonam,1,no,Tiruvonam S.O,10.4200,79.2200
614615,TN,Thanjavur,தஞ்சாவூர்,Pattukkottai,2,no,Aladikkumulai S.O,10.4700,79.2800
614616,TN,Pudukkottai,புதுக்கோட்டை,Aranthangi,4,yes,Arantangi Fort S.O,10.0600,79.2000
614617,TN,Pudukkottai,புதுக்கோட்டை,Manamelkudi,1,no,Ammapattinam S.O,10.5000,79.0700
614618,TN,Pudukkottai,புதுக்கோட்டை,Avudayarkoil,3,no,Tirupperunthurai S.O,10.0600,79.0800
614619,TN,Pudukkottai,புதுக்கோட்டை,Manamelkudi,1,no,Kottaipattinam S.O,9.9900,79.1900
614620,TN,Pudukkottai,புதுக்கோட்டை,Manamelkudi,3,no,Manamelkudi S.O,10.6000,78.6000
614621,TN,Pudukkottai,புதுக்கோட்டை,Avudayarkoil,2,no,Mimisal S.O,9.8800,79.1400
614622,TN,Pudukkottai,புதுக்கோட்டை,Aranthangi,2,no,Silattur S.O,10.2300,78.9700
614623,TN,Thanjavur,தஞ்சாவூர்,Peravurani,1,no,Avanam S.O,10.3000,79.1600
614624,TN,Pudukkottai,புதுக்கோட்டை,Alangudi,3,no,Keeramangalam S.O,10.3000,79.1100
614625,TN,Thanjavur,தஞ்சாவூர்,Orathanadu,1,no,Orattanad S.O,10.6100,79.2400
614626,TN,Thanjavur,தஞ்சாவூர்,Orathanadu,3,no,Pappanad S.O,10.5300,79.3200
614628,TN,Thanjavur,தஞ்சாவூர்,Pattukkottai,3,no,Tiruchitrambalam S.O,10.4400,79.1500
614629,TN,Pudukkottai,புதுக்கோட்டை,Avudayarkoil,2,no,Ponbethi S.O,9.9300,79.0100
614630,TN,Pudukkottai,புதுக்கோட்டை,Manamelkudi,3,no,Attani S.O,10.1000,79.1800
614701,TN,Thanjavur,தஞ்சாவூர்,Pattukkottai,2,no,Adirampattinam S.O,10.3200,79.3500
614702,TN,Thiruvarur,திருவாரூர்,Muthupettai,2,no,Idaiyur S.O,10.4900,79.5600
614703,TN,Thiruvarur,திருவாரூர்,Thiruthuraipoondi,2,no,Kunnalur S.O,10.4900,79.6000
614704,TN,Thiruvarur,திருவாரூர்,Muthupettai,4,yes,Mutupet S.O,10.3900,79.4700
614705,TN,Thiruvarur,திருவாரூர்,Muthupettai,3,no,Peruvazhandan S.O,10.5200,79.4900
614706,TN,Thiruvarur,திருவாரூர்,Muthupettai,1,no,Udayamarthandapuram S.O,10.4600,79.5400
614707,TN,Nagapattinam,நாகப்பட்டினம்,Vedaranyam,1,no,Ayakkarambalam Ii Sethi S.O,10.3800,79.8000
614708,TN,Thiruvarur,திருவாரூர்,Mannargudi,2,no,Kottur S.O (Tiruvarur),10.6500,79.5600
614710,TN,Thiruvarur,திருவாரூர்,Muthupettai,3,no,Naduvakalappal S.O,10.5300,79.5200
614711,TN,Nagapattinam,நாகப்பட்டினம்,Thirukkuvalai,3,yes,Pamani Ttp S.O,10.5500,79.7000
614712,TN,Nagapattinam,நாகப்பட்டினம்,Vedaranyam,2,no,Talanayar Agraharam S.O,10.5700,79.7700
614713,TN,Thiruvarur,திருவாரூர்,Thiruthuraipoondi,1,no,Tiruturaipundi H.O,10.5316,79.6388
614714,TN,Nagapattinam,நாகப்பட்டினம்,Vedaranyam,1,no,Takattur S.O,10.4200,79.6400
614715,TN,Thiruvarur,திருவாரூர்,Thiruthuraipoondi,1,no,Vilakudi S.O,10.5500,79.6300
614716,TN,Thiruvarur,திருவாரூர்,Thiruthuraipoondi,3,yes,Kattimodu S.O,10.4800,79.6700
614717,TN,Thiruvarur,திருவாரூர்,Mannargudi,3,yes,Adichapuram S.O,10.5800,79.5300
614723,TN,Thanjavur,தஞ்சாவூர்,Pattukkottai,2,no,Mallipattinam S.O,10.3100,79.3100
614738,TN,Thiruvarur,திருவாரூர்,Muthupettai,1,no,Jambavanodai S.O,10.3863,79.5010
614801,TN,Pudukkottai,புதுக்கோட்டை,Aranthangi,2,no,Arasarkulam S.O,10.2300,79.0900
614802,TN,Thanjavur,தஞ்சாவூர்,Peravurani,2,no,Kuruvikarambai S.O,10.2800,79.2600
614803,TN,Thanjavur,தஞ்சாவூர்,Pattukkottai,2,no,Ottangadu S.O,10.3500,79.2900
614804,TN,Thanjavur,தஞ்சாவூர்,Peravurani,2,no,Peravurni S.O,10.2897,79.2039
614805,TN,Pudukkottai,புதுக்கோட்டை,Aranthangi,3,yes,Subramaniapuram S.O (Pudukkottai),10.1900,79.1800
614806,TN,Nagapattinam,நாகப்பட்டினம்,Vedaranyam,1,no,Kariyapattinam S.O,10.4612,79.7267
614807,TN,Nagapattinam,நாகப்பட்டினம்,Vedaranyam,1,no,Kodiakkarai S.O,10.2900,79.8300
614808,TN,Nagapattinam,நாகப்பட்டினம்,Vedaranyam,1,no,Kuruvapulam S.O,10.4000,79.8200
614809,TN,Nagapattinam,நாகப்பட்டினம்,Vedaranyam,1,no,Topputhurai S.O,10.3900,79.8600
614810,TN,Nagapattinam,நாகப்பட்டினம்,Vedaranyam,1,no,Vedaraniam S.O,10.3600,79.8500
614901,TN,Thanjavur,தஞ்சாவூர்,Pattukkottai,2,no,Alathur S.O,10.4900,79.3700
614902,TN,Thanjavur,தஞ்சாவூர்,Orathanadu,2,yes,Kottaitheru S.O,10.6300,79.1900
614903,TN,Thanjavur,தஞ்சாவூர்,Pattukkottai,2,yes,Madukkur S.O,10.5000,79.4000
614904,TN,Thanjavur,தஞ்சாவூர்,Orathanadu,3,no,Melauluvur S.O,10.7400,79.1900
614905,TN,Thanjavur,தஞ்சாவூர்,Orathanadu,3,yes,Vadaseri S.O,10.5385,79.3689
614906,TN,Thanjavur,தஞ்சாவூர்,Pattukkottai,1,no,Nattuchalai S.O,10.4300,79.3600
620001,TN,Tiruchirappalli,திருச்சிராப்பள்ளி,,0,no,Tiruchirappalli Ho,10.8013,78.6891
620002,TN,Tiruchirappalli,திருச்சிராப்பள்ளி,Tiruchirappalli East,2,no,Teppakulam So,10.8263,78.6929
620003,TN,Tiruchirappalli,திருச்சிராப்பள்ளி,Tiruchirappalli West,1,no,Woriur Bazaar So,10.8301,78.6755
620004,TN,Tiruchirappalli,திருச்சிராப்பள்ளி,Srirangam,1,no,Golden Rock Market So,10.7830,78.7229
620005,TN,Tiruchirappalli,திருச்சிராப்பள்ளி,Srirangam,1,no,Kondayampettai S.O,10.8500,78.7100
620006,TN,Tiruchirappalli,திருச்சிராப்பள்ளி,Srirangam,1,no,Srirangam H.O,10.8564,78.6900
620007,TN,Tiruchirappalli,திருச்சிராப்பள்ளி,Thiruverumbur,2,no,Tiruchirappalli Airport So,10.7176,78.7244
620008,TN,Tiruchirappalli,திருச்சிராப்பள்ளி,Tiruchirappalli East,2,no,Clock Tower So Tiruchirappalli,10.8211,78.6953
620009,TN,Tiruchirappalli,திருச்சிராப்பள்ளி,Srirangam,2,no,Dheeran Nagar So,10.8113,78.6957
620010,TN,Tiruchirappalli,திருச்சிராப்பள்ளி,Thiruverumbur,3,no,Industrial Colony So,10.8342,78.7212
620011,TN,Tiruchirappalli,திருச்சிராப்பள்ளி,Thiruverumbur,3,no,Melakalkandarkottai So,10.7644,78.7413
620012,TN,Tiruchirappalli,திருச்சிராப்பள்ளி,Srirangam,2,no,Craw Ford Colony So,10.6700,78.6000
620013,TN,Tiruchirappalli,திருச்சிராப்பள்ளி,Thiruverumbur,2,no,Jainagar So Tiruchirappalli,10.7932,78.7694
620014,TN,Tiruchirappalli,திருச்சிராப்பள்ளி,,0,no,Boiler Project Tr So,10.7765,78.7932
620015,TN,Tiruchirappalli,திருச்சிராப்பள்ளி,Thiruverumbur,1,no,National Institute Of Technology So,10.7712,78.8521
620016,TN,Tiruchirappalli,திருச்சிராப்பள்ளி,Thiruverumbur,1,no,Ordnance Estate Tr So,10.7506,78.7756
620017,TN,Tiruchirappalli,திருச்சிராப்பள்ளி,Tiruchirappalli West,1,no,Puthur So,10.8141,78.6725
620018,TN,Tiruchirappalli,திருச்சிராப்பள்ளி,,0,no,Thillai Nagar So,10.8227,78.6824
620019,TN,Tiruchirappalli,திருச்சிராப்பள்ளி,Thiruverumbur,1,no,Pappakurichi Kattur So,10.8046,78.7397
620020,TN,Tiruchirappalli,திருச்சிராப்பள்ளி,Tiruchirappalli East,1,no,Jamal Mohamed College So,10.7874,78.6963
620021,TN,Tiruchirappalli,திருச்சிராப்பள்ளி,Srirangam,3,no,Kknagar So Tiruchirappalli,10.7506,78.6776
620022,TN,Tiruchirappalli,திருச்சிராப்பள்ளி,,0,no,Thuvakudimalai So,10.7685,78.7685
620023,TN,Tiruchirappalli,திருச்சிராப்பள்ளி,,0,no,Khajanagar So,10.7775,78.6864
620024,TN,Tiruchirappalli,திருச்சிராப்பள்ளி,,0,no,Bharathidasan University So,10.6759,78.7431
620025,TN,Tiruchirappalli,திருச்சிராப்பள்ளி,Thiruverumbur,1,no,Hapf Township So,10.7104,78.7963
620026,TN,Tiruchirappalli,திருச்சிராப்பள்ளி,,0,no,Annanagar So,10.7283,78.7638
620027,TN,Tiruchirappalli,திருச்சிராப்பள்ளி,Srirangam,1,no,Tamilnadu National Law University S.O,10.7470,78.6001
620101,TN,Tiruchirappalli,திருச்சிராப்பள்ளி,Srirangam,1,no,Mutharasanallur So,10.8727,78.6253
620102,TN,Tiruchirappalli,திருச்சிராப்பள்ளி,Srirangam,2,no,Somarasampettai So,10.8290,78.6237
621001,TN,Tiruchirappalli,திருச்சிராப்பள்ளி,Thuraiyur,1,no,Erakudi S.O,11.1600,78.5500
621002,TN,Tiruchirappalli,திருச்சிராப்பள்ளி,Thuraiyur,1,no,Kirambur S.O,11.2000,78.6000
621003,TN,Tiruchirappalli,திருச்சிராப்பள்ளி,Thuraiyur,1,no,Kottapalayam S.O,11.2500,78.4700
621004,TN,Tiruchirappalli,திருச்சிராப்பள்ளி,Thuraiyur,2,no,Kottathur S.O,11.1200,78.6500
621005,TN,Tiruchirappalli,திருச்சிராப்பள்ளி,Manachanallur,1,no,Manachanalloor S.O,11.0100,78.7300
621006,TN,Tiruchirappalli,திருச்சிராப்பள்ளி,Musiri,2,no,Pulivalam S.O (Tiruchirappalli),11.0200,78.5900
621007,TN,Tiruchirappalli,திருச்சிராப்பள்ளி,Thuraiyur,2,no,Puthanampatti S.O,11.0500,78.7200
621008,TN,Tiruchirappalli,திருச்சிராப்பள்ளி,Thuraiyur,1,no,Sikkathambur S.O,11.1800,78.5700
621009,TN,Tiruchirappalli,திருச்சிராப்பள்ளி,Manachanallur,2,no,Tiruvellerai S.O,10.9600,78.6400
621010,TN,Tiruchirappalli,திருச்சிராப்பள்ளி,Thuraiyur,1,no,Turaiyur H.O,11.1500,78.6000
621011,TN,Tiruchirappalli,திருச்சிராப்பள்ளி,Thuraiyur,1,yes,Uppliapuram S.O,11.2900,78.5800
621012,TN,Tiruchirappalli,திருச்சிராப்பள்ளி,Thuraiyur,1,no,Vyrichettipalayam S.O,11.2900,78.5000
621014,TN,Tiruchirappalli,திருச்சிராப்பள்ளி,Thuraiyur,2,no,Pagalavadi S.O,11.0700,78.6000
621101,TN,Perambalur,பெரம்பலூர்,Perambalur,1,no,Ammapalayam S.O,11.2300,78.7700
621102,TN,Perambalur,பெரம்பலூர்,Veppanthattai,1,no,Annamangalam S.O,11.3300,78.7800
621103,TN,Perambalur,பெரம்பலூர்,Veppanthattai,2,yes,Arumbavur S.O,78.7500,77.3800
621104,TN,Perambalur,பெரம்பலூர்,Manachanallur,3,yes,Chettikulam S.O,11.1400,78.7800
621105,TN,Tiruchirappalli,திருச்சிராப்பள்ளி,Manachanallur,2,no,Irungalur S.O,10.9400,78.7614
621106,TN,Perambalur,பெரம்பலூர்,Lalgudi,1,yes,Kolakkanatham S.O,11.1100,78.9800
621107,TN,Perambalur,பெரம்பலூர்,Perambalur,1,no,Kurumbalur S.O,11.2600,78.8000
621108,TN,Perambalur,பெரம்பலூர்,Kunnam,1,no,Labbaikudikadu S.O,11.4000,79.1000
621109,TN,Perambalur,பெரம்பலூர்,Alathur,3,yes,Padalur S.O,11.1500,78.8700
621110,TN,Perambalur,பெரம்பலூர்,Gangavalli,4,yes,Poolambadi S.O,11.4000,78.7400
621111,TN,Tiruchirappalli,திருச்சிராப்பள்ளி,Lalgudi,1,no,Purathakudi S.O,10.9300,78.7800
621112,TN,Tiruchirappalli,திருச்சிராப்பள்ளி,Lalgudi,2,no,Samayapuram S.O,10.9000,78.7300
621113,TN,Perambalur,பெரம்பலூர்,Perambalur,2,no,Siruvachur S.O,11.1600,78.9000
621114,TN,Perambalur,பெரம்பலூர்,Thuraiyur,2,yes,T.Kalathur S.O,11.0900,78.7200
621115,TN,Perambalur,பெரம்பலூர்,Veppanthattai,3,no,Valikondapuram S.O,11.2800,79.0100
621116,TN,Perambalur,பெரம்பலூர்,Veppanthattai,2,no,Veppanthattai S.O,11.3800,78.7900
621117,TN,Perambalur,பெரம்பலூர்,Veppanthattai,1,no,V.Kalathur S.O,11.4600,78.8400
621118,TN,Perambalur,பெரம்பலூர்,Alathur,2,yes,Nakkasalem S.O,11.1600,78.6900
621119,TN,Perambalur,பெரம்பலூர்,Veppanthattai,1,no,Kaikalathur S.O,11.4800,78.8600
621133,TN,Perambalur,பெரம்பலூர்,Veppanthattai,1,no,Eraiyur S.O (Perambalur),11.2366,78.8619
621202,TN,Tiruchirappalli,திருச்சிராப்பள்ளி,Musiri,1,no,Ayyampalayam S.O,10.9300,78.4700
621203,TN,Tiruchirappalli,திருச்சிராப்பள்ளி,Thottiyam,1,no,Balasamudram S.O (Tiruchirappalli),10.9800,78.3100
621204,TN,Tiruchirappalli,திருச்சிராப்பள்ளி,Musiri,1,no,Gunasilam S.O,10.9000,78.5700
621205,TN,Tiruchirappalli,திருச்சிராப்பள்ளி,Musiri,1,no,Jambunathapuram S.O,11.0500,78.4800
621206,TN,Tiruchirappalli,திருச்சிராப்பள்ளி,Thuraiyur,1,no,Kannanur S.O,11.0900,78.5100
621207,TN,Tiruchirappalli,திருச்சிராப்பள்ளி,Thottiyam,1,no,Kattuputhur S.O,11.0700,78.2400
621208,TN,Tiruchirappalli,திருச்சிராப்பள்ளி,Musiri,2,no,Kolakkudi S.O,11.0500,78.4100
621209,TN,Tiruchirappalli,திருச்சிராப்பள்ளி,Thottiyam,1,no,Manamedu S.O,10.9700,78.4100
621210,TN,Tiruchirappalli,திருச்சிராப்பள்ளி,Musiri,2,no,Mettupalayam S.O,11.1800,78.4400
621211,TN,Tiruchirappalli,திருச்சிராப்பள்ளி,Musiri,1,no,Musiri S.O,11.0300,78.4300
621212,TN,Perambalur,பெரம்பலூர்,Perambalur,1,no,Perambalur H.O,11.2400,78.8700
621213,TN,Tiruchirappalli,திருச்சிராப்பள்ளி,Manachanallur,1,no,Sirugambur S.O,10.8900,78.6200
621214,TN,Tiruchirappalli,திருச்சிராப்பள்ளி,Musiri,1,no,Thathiengarpet S.O,11.1000,78.4700
621215,TN,Tiruchirappalli,திருச்சிராப்பள்ளி,Thottiyam,1,yes,Thottiam S.O,10.9700,78.3300
621216,TN,Tiruchirappalli,திருச்சிராப்பள்ளி,Manachanallur,2,no,Bikshandarkoil S.O,10.8800,78.7200
621217,TN,Tiruchirappalli,திருச்சிராப்பள்ளி,Musiri,1,no,Thandalaiputhur S.O,11.0300,78.5600
621218,TN,Tiruchirappalli,திருச்சிராப்பள்ளி,Lalgudi,1,no,Valady So,10.8800,78.7400
621219,TN,Perambalur,பெரம்பலூர்,Perambalur,2,no,Yesanai S.O,11.2900,78.8700
621220,TN,Perambalur,பெரம்பலூர்,Perambalur,1,yes,Thoramangalam S.O,11.2200,78.9200
621301,TN,Karur,கரூர்,Kadavur,1,no,Chinthamanipatti S.O,10.7500,78.2700
621302,TN,Tiruchirappalli,திருச்சிராப்பள்ளி,Manapparai,1,no,Elangakurichi S.O,10.5300,78.3100
621305,TN,Tiruchirappalli,திருச்சிராப்பள்ளி,Marungapuri,3,yes,Kovilpatti S.O,10.5000,78.4300
621306,TN,Tiruchirappalli,திருச்சிராப்பள்ளி,Manapparai,2,no,Manaparai S.O,10.6200,78.4300
621307,TN,Tiruchirappalli,திருச்சிராப்பள்ளி,Manapparai,1,no,Manjampatti S.O,10.6300,78.3500
621308,TN,Tiruchirappalli,திருச்சிராப்பள்ளி,Marungapuri,2,yes,Palakurichi S.O,10.4500,78.5400
621310,TN,Tiruchirappalli,திருச்சிராப்பள்ளி,Marungapuri,1,no,Puthanatham S.O,10.4600,78.3300
621311,TN,Karur,கரூர்,Kadavur,2,yes,Tharagampatti S.O,10.7085,78.2404
621312,TN,Tiruchirappalli,திருச்சிராப்பள்ளி,Manapparai,2,yes,Thiagesaralai S.O,10.5900,78.4500
621313,TN,Karur,கரூர்,Kulithalai,2,no,Thogaimalai S.O,10.7500,78.5100
621314,TN,Tiruchirappalli,திருச்சிராப்பள்ளி,Manapparai,2,no,Thuvarankurichi S.O,10.3500,78.3900
621315,TN,Tiruchirappalli,திருச்சிராப்பள்ளி,Manapparai,1,yes,Vaiyampatti S.O,10.5100,78.2100
621316,TN,Pudukkottai,புதுக்கோட்டை,Viralimalai,2,no,Viralimalai S.O,10.6100,78.5900
621601,TN,Tiruchirappalli,திருச்சிராப்பள்ளி,Lalgudi,1,no,Lalgudi Ho,10.8753,78.8152
621651,TN,Tiruchirappalli,திருச்சிராப்பள்ளி,Lalgudi,2,yes,Kallakudi Tr So,11.0000,78.8800
621652,TN,Tiruchirappalli,திருச்சிராப்பள்ளி,Lalgudi,2,no,Kallakudi North So,10.9726,78.9497
621653,TN,Tiruchirappalli,திருச்சிராப்பள்ளி,Lalgudi,3,yes,Kallagam So,11.0100,78.9800
621701,TN,Ariyalur,அரியலூர்,Udayarpalayam,2,no,Ambapur So,11.0200,79.2800
621702,TN,Tiruchirappalli,திருச்சிராப்பள்ளி,Lalgudi,1,no,Ambil So,10.9100,78.9300
621703,TN,Tiruchirappalli,திருச்சிராப்பள்ளி,Lalgudi,1,no,Angarai So,10.8500,78.8100
621704,TN,Ariyalur,அரியலூர்,Ariyalur,3,yes,Ariyalur Bazaar So,11.1200,79.0900
621705,TN,Ariyalur,அரியலூர்,Ariyalur,1,no,Kallankurichi So,11.1700,79.1500
621706,TN,Tiruchirappalli,திருச்சிராப்பள்ளி,Lalgudi,1,no,Kattur Puvalur So,10.8900,78.8700
621707,TN,Ariyalur,அரியலூர்,Ariyalur,2,no,Kilapaluvur So,11.0200,79.1100
621708,TN,Perambalur,பெரம்பலூர்,Kunnam,2,no,Kunnam S.O (Perambalur),11.2600,79.0000
621709,TN,Ariyalur,அரியலூர்,Sendurai,1,no,Mathur So Ariyalur,11.3300,79.1900
621710,TN,Ariyalur,அரியலூர்,Sendurai,3,no,Ponparappi So,11.2800,79.2800
621711,TN,Tiruchirappalli,திருச்சிராப்பள்ளி,Lalgudi,1,no,Pullambadi So,10.9800,78.8700
621712,TN,Tiruchirappalli,திருச்சிராப்பள்ளி,Lalgudi,1,no,Puvalur So,10.9000,78.8100
621713,TN,Perambalur,பெரம்பலூர்,Alathur,3,yes,Rajajinagar So Ariyalur,11.1500,79.0600
621714,TN,Ariyalur,அரியலூர்,Sendurai,1,yes,Sendurai So Ariyalur,11.2400,79.1900
621715,TN,Ariyalur,அரியலூர்,Ariyalur,1,no,Tirumanur So,10.9500,79.1400
621716,TN,Perambalur,பெரம்பலூர்,Kunnam,2,yes,Tungapuram S.O,11.2600,79.1100
621717,TN,Perambalur,பெரம்பலூர்,Kunnam,1,no,Veppur S.O,11.3100,79.0300
621718,TN,Ariyalur,அரியலூர்,Ariyalur,2,no,Rayambaram So,11.1900,79.1700
621719,TN,Ariyalur,அரியலூர்,Sendurai,2,no,Asaveerankudikadu So,11.1877,79.2581
621722,TN,Tiruchirappalli,திருச்சிராப்பள்ளி,Ariyalur,2,yes,Viragalur So,10.9100,78.9700
621729,TN,Ariyalur,அரியலூர்,Ariyalur,1,no,Ariyalur Cement Factory So,11.1393,79.0961
621730,TN,Ariyalur,அரியலூர்,Sendurai,1,no,Cement Nagar Dalavoy So,11.3600,79.2100
621731,TN,Ariyalur,அரியலூர்,Ariyalur,1,no,Reddipalayam So,11.1145,79.1659
621801,TN,Ariyalur,அரியலூர்,Andimadam,1,no,Andimadam So,10.8900,78.9000
621802,TN,Ariyalur,அரியலூர்,Udayarpalayam,1,no,Jayamkondacholapuram So,11.2100,79.3900
621803,TN,Ariyalur,அரியலூர்,Andimadam,2,no,Kallathur Thandalai So,11.3100,79.3400
621804,TN,Ariyalur,அரியலூர்,Udayarpalayam,2,no,Udayarpalayam So Ariyalur,11.1900,79.2400
621805,TN,Ariyalur,அரியலூர்,Andimadam,1,no,Varadarajampettai So,11.3200,79.4100
621806,TN,Ariyalur,அரியலூர்,Andimadam,2,no,Variyankaval So,11.2200,79.2500
621851,TN,Ariyalur,அரியலூர்,Ariyalur,1,no,Thirumazhapadi So,10.9500,79.0200
622001,TN,Pudukkottai,புதுக்கோட்டை,Pudukkottai,1,no,Pudukkottai H.O,10.3690,78.8149
622002,TN,Pudukkottai,புதுக்கோட்டை,Ponnamaravathi,3,no,Tirugokarnam S.O,10.3600,78.6100
622003,TN,Pudukkottai,புதுக்கோட்டை,Pudukkottai,1,no,Rajagopalapuram S.O,10.3300,78.8200
622004,TN,Pudukkottai,புதுக்கோட்டை,Pudukkottai,1,no,Pudukkottai Ind. Estate S.O,10.4200,78.9000
622005,TN,Pudukkottai,புதுக்கோட்டை,,0,no,Pudukkottai Collectorate S.O,10.3800,78.8200
622101,TN,Pudukkottai,புதுக்கோட்டை,Iluppur,3,no,Annavasal S.O,10.4400,78.7200
622102,TN,Pudukkottai,புதுக்கோட்டை,Iluppur,1,yes,Illuppur S.O,10.5000,78.6000
622103,TN,Pudukkottai,புதுக்கோட்டை,Iluppur,1,no,Muckanamalaipatti S.O,10.2200,78.8000
622104,TN,Pudukkottai,புதுக்கோட்டை,Iluppur,3,no,Vayalogam S.O,10.3700,78.7300
622201,TN,Pudukkottai,புதுக்கோட்டை,Alangudi,4,no,Arimalam S.O,10.3800,78.6400
622202,TN,Pudukkottai,புதுக்கோட்டை,Thirumayam,4,no,Kilanilai S.O,10.2000,78.9500
622203,TN,Pudukkottai,புதுக்கோட்டை,Pudukkottai,3,no,Perungalur S.O,10.5200,79.0300
622204,TN,Pudukkottai,புதுக்கோட்டை,Avudayarkoil,2,no,Yembal S.O,10.0800,78.9600
622209,TN,Pudukkottai,புதுக்கோட்டை,Thirumayam,1,no,Kilanilaikottai S.O,10.1400,78.8600
622301,TN,Pudukkottai,புதுக்கோட்டை,Kulathur,7,no,Alangudi S.O,9.9300,79.0200
622302,TN,Pudukkottai,புதுக்கோட்டை,Karambakudi,3,no,Karambakudi S.O,10.5200,79.1100
622303,TN,Pudukkottai,புதுக்கோட்டை,Alangudi,2,no,Tiruvarankulam S.O,10.3600,78.8600
622304,TN,Pudukkottai,புதுக்கோட்டை,Alangudi,3,yes,Vadakadu S.O,10.3300,79.0800
622401,TN,Pudukkottai,புதுக்கோட்டை,Ponnamaravathi,2,no,Koppanapatti S.O,10.3000,78.6000
622402,TN,Pudukkottai,புதுக்கோட்டை,Ponnamaravathi,2,no,Kulipirai S.O,10.3300,78.6400
622403,TN,Pudukkottai,புதுக்கோட்டை,Ponnamaravathi,1,yes,Melasivapuri S.O,10.2400,78.4900
622404,TN,Pudukkottai,புதுக்கோட்டை,Thirumayam,1,no,Nachandupatti S.O,10.3300,78.7200
622407,TN,Pudukkottai,புதுக்கோட்டை,Ponnamaravathi,1,no,Ponnamaravathy S.O,10.2600,78.5600
622409,TN,Pudukkottai,புதுக்கோட்டை,Thirumayam,1,no,Rangiem S.O,10.2500,78.6800
622411,TN,Pudukkottai,புதுக்கோட்டை,Ponnamaravathi,2,no,Valayapatti S.O (Pudukkottai),10.2800,78.5300
622412,TN,Pudukkottai,புதுக்கோட்டை,Thirumayam,3,yes,Virachilai S.O,9.7200,78.9100
622422,TN,Pudukkottai,புதுக்கோட்டை,Thirumayam,1,no,Sivapuram S.O,10.3200,78.7900
622501,TN,Pudukkottai,புதுக்கோட்டை,Pudukkottai,3,no,Cauvery Nagar S.O,10.4700,78.8400
622502,TN,Pudukkottai,புதுக்கோட்டை,Kulathur,3,no,Keeranur S.O,10.6000,78.7600
622503,TN,Pudukkottai,புதுக்கோட்டை,Thirumayam,1,no,Konapet S.O,10.1800,78.7500
622504,TN,Pudukkottai,புதுக்கோட்டை,Kulathur,4,yes,Kulathur S.O (Pudukkottai),10.5500,78.7900
622505,TN,Pudukkottai,புதுக்கோட்டை,Thirumayam,1,no,Ramachandrapuram S.O (Pudukkottai),10.2400,78.7800
622506,TN,Pudukkottai,புதுக்கோட்டை,Thirumayam,1,no,Rayavaram S.O (Pudukkottai),10.2400,78.8400
622507,TN,Pudukkottai,புதுக்கோட்டை,Thirumayam,1,no,Tirumayam S.O,10.2900,78.7900
622515,TN,Pudukkottai,புதுக்கோட்டை,Kulathur,3,yes,Mathur Ind. Estate S.O,10.6400,78.7300
623115,TN,Ramanathapuram,இராமநாதபுரம்,Kamuthi,2,no,Perunali So,9.2900,78.3600
623120,TN,Ramanathapuram,இராமநாதபுரம்,Kadaladi,1,no,Sayalgudi So,9.2100,78.4400
623135,TN,Ramanathapuram,இராமநாதபுரம்,Kadaladi,1,no,Kannirajapuram So,9.1600,78.3700
623308,TN,Ramanathapuram,இராமநாதபுரம்,Tiruvadanai,1,no,Mangalakudi So,9.8650,78.9587
623315,TN,Ramanathapuram,இராமநாதபுரம்,Tiruvadanai,1,no,Vellayapuram So,9.8500,79.0000
623401,TN,Ramanathapuram,இராமநாதபுரம்,Rajasingamangalam,2,yes,Anandur So,9.7600,78.7600
623402,TN,Ramanathapuram,இராமநாதபுரம்,Devakottai,2,yes,Chinnakeeramangalam So,9.7300,78.8300
623403,TN,Ramanathapuram,இராமநாதபுரம்,Tiruvadanai,1,no,Nambuthalai So,9.9700,79.0100
623404,TN,Ramanathapuram,இராமநாதபுரம்,Tiruvadanai,1,no,Pandugudi So,9.8200,78.9900
623406,TN,Ramanathapuram,இராமநாதபுரம்,Tiruvadanai,1,no,Sundarapandiapattinam So,9.8500,79.0500
623407,TN,Ramanathapuram,இராமநாதபுரம்,Tiruvadanai,2,no,Tiruvadanai So,9.7700,78.9600
623409,TN,Ramanathapuram,இராமநாதபுரம்,Tiruvadanai,1,no,Tondi So,9.8200,79.0800
623501,TN,Ramanathapuram,இராமநாதபுரம்,,0,no,Ramanathapuram Ho,9.3601,78.8616
623502,TN,Ramanathapuram,இராமநாதபுரம்,Ramanathapuram,2,no,Achunthanvayal So,9.3695,78.7987
623503,TN,Ramanathapuram,இராமநாதபுரம்,Ramanathapuram,1,no,Ramanathapuram Collectorate So,9.3600,78.8700
623504,TN,Ramanathapuram,இராமநாதபுரம்,Ramanathapuram,1,no,Velipattanam So,9.3900,78.8500
623512,TN,Ramanathapuram,இராமநாதபுரம்,Ramanathapuram,1,no,Alagankulam So,9.3600,78.9700
623513,TN,Ramanathapuram,இராமநாதபுரம்,Ramanathapuram,1,no,Chitharkottai So,9.2700,78.4800
623514,TN,Ramanathapuram,இராமநாதபுரம்,Ramanathapuram,1,no,Devipattinam So,9.4700,78.8900
623515,TN,Ramanathapuram,இராமநாதபுரம்,Kilakarai,1,no,Ervadi So,9.2400,78.7400
623516,TN,Ramanathapuram,இராமநாதபுரம்,Ramanathapuram,1,no,Irumeni So,9.3000,79.0200
623517,TN,Ramanathapuram,இராமநாதபுரம்,Kilakarai,1,no,Kilakarai So,9.2600,78.8100
623518,TN,Ramanathapuram,இராமநாதபுரம்,Ramanathapuram,1,no,Mandapam So,9.2817,79.1506
623519,TN,Ramanathapuram,இராமநாதபுரம்,,0,no,Mandapam Camp So,9.2700,79.1000
623520,TN,Ramanathapuram,இராமநாதபுரம்,,0,no,Marine Fisheries So,9.2756,79.1307
623521,TN,Ramanathapuram,இராமநாதபுரம்,Rameswaram,1,no,Pamban So,9.2900,79.2200
623522,TN,Ramanathapuram,இராமநாதபுரம்,Ramanathapuram,1,no,Panaikulam So,9.3688,78.9507
623523,TN,Ramanathapuram,இராமநாதபுரம்,Kilakarai,2,no,Periyapattinam So,9.3100,78.9500
623524,TN,Ramanathapuram,இராமநாதபுரம்,Ramanathapuram,1,no,Pudumadam So,9.3000,78.9600
623525,TN,Ramanathapuram,இராமநாதபுரம்,Rajasingamangalam,2,no,Rajasingamangalam So,9.5600,78.8100
623526,TN,Ramanathapuram,இராமநாதபுரம்,Rameswaram,1,no,Rameswaram So,12.1668,77.1066
623527,TN,Ramanathapuram,இராமநாதபுரம்,Paramakudi,2,no,Chathirakudi So,9.4600,78.7600
623528,TN,Ramanathapuram,இராமநாதபுரம்,Kadaladi,1,no,Sikkal So Ramanathapuram,9.2100,78.6100
623529,TN,Ramanathapuram,இராமநாதபுரம்,,0,no,Thangachimadam So,9.3000,79.2800
623530,TN,Ramanathapuram,இராமநாதபுரம்,Ramanathapuram,2,no,Toruvalur So,9.5000,78.7700
623531,TN,Ramanathapuram,இராமநாதபுரம்,Rajasingamangalam,2,no,Tirupalaikudi So,9.5700,78.8800
623532,TN,Ramanathapuram,இராமநாதபுரம்,Ramanathapuram,2,no,Thiruppullani So,9.3100,78.8700
623533,TN,Ramanathapuram,இராமநாதபுரம்,Kilakarai,2,no,Uthirakosamangai So,9.3300,78.6700
623534,TN,Ramanathapuram,இராமநாதபுரம்,Ramanathapuram,1,no,Uchipuli So,9.3200,78.9900
623536,TN,Ramanathapuram,இராமநாதபுரம்,Ramanathapuram,1,no,Perungulam So Ramanathapuram,9.3353,78.9503
623537,TN,Ramanathapuram,இராமநாதபுரம்,Paramakudi,3,no,Pottagavayal So,9.5400,78.8600
623538,TN,Ramanathapuram,இராமநாதபுரம்,Rajasingamangalam,3,yes,Sanaveli So,9.6900,78.8900
623566,TN,Ramanathapuram,இராமநாதபுரம்,,0,no,Ervadi Dargha So,9.2104,78.7111
623601,TN,Ramanathapuram,இராமநாதபுரம்,Kamuthi,3,no,Abiramam So,9.3900,78.4300
623603,TN,Ramanathapuram,இராமநாதபுரம்,Kamuthi,1,no,Kamudi So,9.2500,78.4400
623604,TN,Ramanathapuram,இராமநாதபுரம்,Kamuthi,1,no,Kottaimedu So,9.3800,78.4100
623605,TN,Ramanathapuram,இராமநாதபுரம்,Kamuthi,1,no,Mandalamanickam So,9.4620,78.3370
623608,TN,Ramanathapuram,இராமநாதபுரம்,Paramakudi,1,no,Parthibanur So,9.5700,78.4900
623701,TN,Ramanathapuram,இராமநாதபுரம்,Paramakudi,2,yes,Emaneswaram So,9.5700,78.6300
623703,TN,Ramanathapuram,இராமநாதபுரம்,Kadaladi,2,no,Kadaladi So Ramanathapuram,9.2100,78.5400
623704,TN,Ramanathapuram,இராமநாதபுரம்,Mudukulathur,1,no,Mudukulathur So,9.3200,78.5400
623705,TN,Ramanathapuram,இராமநாதபுரம்,Paramakudi,1,no,Nainarkoil So,9.4900,78.7500
623706,TN,Ramanathapuram,இராமநாதபுரம்,Paramakudi,2,no,Pambur So,9.4200,78.5500
623707,TN,Ramanathapuram,இராமநாதபுரம்,,0,no,Paramakudi Ho,9.5500,78.5900
623708,TN,Ramanathapuram,இராமநாதபுரம்,Kamuthi,2,no,Peraiyur So Ramanathapuram,9.3500,78.4200
623711,TN,Ramanathapuram,இராமநாதபுரம்,Mudukulathur,2,no,Teriruveli So,9.3500,78.5700
623712,TN,Ramanathapuram,இராமநாதபுரம்,Mudukulathur,2,no,Tiruvarangam So,9.4000,78.6000
623806,TN,Ramanathapuram,இராமநாதபுரம்,,0,no,Sathaksalai So,9.2302,78.7803
624001,TN,Dindigul,திண்டுக்கல்,,0,no,Dindigul Ho,10.3783,77.9547
624002,TN,Dindigul,திண்டுக்கல்,Dindigulwest,3,no,Begampur So Dindigul,10.4000,77.9400
624003,TN,Dindigul,திண்டுக்கல்,Dindiguleast,1,no,Dindigul Bus Stand So,10.3100,78.0300
624004,TN,Dindigul,திண்டுக்கல்,Dindigulwest,1,no,Dindigul Collectorate So,10.4000,77.9500
624005,TN,Dindigul,திண்டுக்கல்,Dindiguleast,2,no,Balakrishnapurampudur So,10.4000,78.0500
624101,TN,Dindigul,திண்டுக்கல்,Kodaikanal,1,no,Kodaikanal So,10.2700,77.4900
624103,TN,Dindigul,திண்டுக்கல்,Kodaikanal,2,yes,Kodaikanal Observatory So,10.2100,77.3400
624201,TN,Dindigul,திண்டுக்கல்,Nilakkottai,1,no,Ammayanaickanur So,10.1100,77.9200
624202,TN,Dindigul,திண்டுக்கல்,Nilakkottai,3,no,Batlagundu Bazar So,10.1700,77.8000
624204,TN,Dindigul,திண்டுக்கல்,Athoor,1,no,Iyyampalayam So,10.2600,77.7000
624206,TN,Dindigul,திண்டுக்கல்,Nilakkottai,1,no,Kodairoad Rs So,10.2300,77.8900
624208,TN,Dindigul,திண்டுக்கல்,Nilakkottai,1,no,Nilakottai Ho,10.1649,77.8534
624210,TN,Dindigul,திண்டுக்கல்,Kodaikanal,1,no,Pannaikadu So,10.6085,77.5702
624211,TN,Dindigul,திண்டுக்கல்,Nilakkottai,1,no,Pattiveeranpatti So,10.1900,77.7700
624212,TN,Dindigul,திண்டுக்கல்,Dindigulwest,3,no,Perumbarai So,10.3600,77.6900
624215,TN,Dindigul,திண்டுக்கல்,Nilakkottai,1,no,Silukkuvarpatti So,10.2000,77.8500
624216,TN,Dindigul,திண்டுக்கல்,Kodaikanal,1,no,Tandigudi So,10.3000,77.6900
624219,TN,Dindigul,திண்டுக்கல்,Nilakkottai,1,no,Vilampatti So,10.1100,77.8800
624220,TN,Dindigul,திண்டுக்கல்,Nilakkottai,1,no,Viruveedu So,10.0900,77.7300
624301,TN,Dindigul,திண்டுக்கல்,Oddanchatram,2,no,Chinnalapatti So,10.2866,77.9195
624302,TN,Dindigul,திண்டுக்கல்,Athoor,1,no,Gandhigram So Dindigul,10.6085,77.5702
624303,TN,Dindigul,திண்டுக்கல்,Athoor,1,no,Npanjampatti So,10.3100,77.9200
624304,TN,Dindigul,திண்டுக்கல்,Dindiguleast,1,no,Sanarpatti So,10.2900,78.1000
624306,TN,Dindigul,திண்டுக்கல்,Dindiguleast,3,no,Siluvathur So,10.3700,78.0800
624307,TN,Dindigul,திண்டுக்கல்,Dindiguleast,2,no,Vellodu So,10.3200,77.9600
624308,TN,Dindigul,திண்டுக்கல்,Dindiguleast,1,no,Vembarpatti So,10.2400,78.1200
624401,TN,Dindigul,திண்டுக்கல்,Natham,2,no,Natham Koilpatti So,10.2900,78.2700
624402,TN,Dindigul,திண்டுக்கல்,Natham,1,no,Samudrapatti So,10.2600,78.3000
624403,TN,Dindigul,திண்டுக்கல்,Natham,1,no,Sendurai So Dindigul,10.3600,78.2000
624601,TN,Dindigul,திண்டுக்கல்,Palani,1,no,Palani Ho,10.4500,77.5100
624610,TN,Dindigul,திண்டுக்கல்,Palani,1,no,Balasamudram So Dindigul,10.6085,77.5702
624612,TN,Dindigul,திண்டுக்கல்,Oddanchatram,1,no,Ambilikai So,10.5800,77.7200
624613,TN,Dindigul,திண்டுக்கல்,Palani,2,no,Ayakudi So,10.4800,77.5900
624614,TN,Dindigul,திண்டுக்கல்,Oddanchatram,1,no,Chatrapatti So Dindigul,10.8000,75.8600
624615,TN,Dindigul,திண்டுக்கல்,Palani,1,no,Kalayamputhur So,10.4700,77.4700
624616,TN,Dindigul,திண்டுக்கல்,Oddanchatram,2,no,Kallimandayam So,10.5900,77.6500
624617,TN,Dindigul,திண்டுக்கல்,Palani,2,no,Keeranurma So,10.5700,77.5300
624618,TN,Dindigul,திண்டுக்கல்,Palani,1,no,Narikalpatti So,10.5400,77.4500
624619,TN,Dindigul,திண்டுக்கல்,Oddanchatram,3,no,Oddanchatram North So,10.4900,77.7500
624620,TN,Dindigul,திண்டுக்கல்,Gujiliamparai,1,no,Palayam So,10.8100,78.1600
624621,TN,Dindigul,திண்டுக்கல்,Palani,1,no,Pappampatti So,10.4700,77.4400
624622,TN,Dindigul,திண்டுக்கல்,Dindigulwest,2,no,Reddiarchatram So,10.4800,77.8900
624701,TN,Dindigul,திண்டுக்கல்,Athoor,1,no,Attur So,10.6085,77.5702
624702,TN,Dindigul,திண்டுக்கல்,Vedasandur,1,no,Eriyodu So,10.5400,78.0400
624703,TN,Dindigul,திண்டுக்கல்,Gujiliamparai,2,no,Guziliamparai So,10.7200,78.1000
624704,TN,Dindigul,திண்டுக்கல்,Oddanchatram,1,no,Idayakottai So,10.5600,77.8300
624705,TN,Dindigul,திண்டுக்கல்,Dindigulwest,3,no,Kannivadi So,10.3700,77.8700
624706,TN,Dindigul,திண்டுக்கல்,Gujiliamparai,2,no,Kovilur So,10.5500,78.0600
624707,TN,Dindigul,திண்டுக்கல்,Athoor,1,no,Sembatti So,10.1600,77.5200
624708,TN,Dindigul,திண்டுக்கல்,Athoor,2,no,Sithayankottai So,10.4000,77.1100
624709,TN,Dindigul,திண்டுக்கல்,Dindigulwest,2,no,Tadicombu So,11.3800,78.0300
624710,TN,Dindigul,திண்டுக்கல்,Vedasandur,4,no,Vedasandur So,10.6000,77.9800
624711,TN,Dindigul,திண்டுக்கல்,Vedasandur,1,no,Kasipalayam So Dindigul,10.6000,77.9100
624712,TN,Dindigul,திண்டுக்கல்,Oddanchatram,1,no,Markkampatti So,10.6300,77.8000
624801,TN,Dindigul,திண்டுக்கல்,Vedasandur,1,no,Ayyalur So,10.4600,78.1300
624802,TN,Dindigul,திண்டுக்கல்,Vedasandur,2,no,Vadamadurai So,10.4400,78.1200
625001,TN,Madurai,மதுரை,Madurai West,1,no,Madurai Ho,9.9080,78.1245
625002,TN,Madurai,மதுரை,Madurai North,1,no,Tallakulam Ho,9.9433,78.1358
625003,TN,Madurai,மதுரை,Thirupparankundram,1,no,Palanganatham So,9.9181,78.0805
625004,TN,Madurai,மதுரை,,0,no,Pasumalai So,9.8938,78.0800
625005,TN,Madurai,மதுரை,Thirupparankundram,2,no,Thiruparankundram So,9.8588,78.0623
625006,TN,Madurai,மதுரை,Thirupparankundram,2,no,Pandian Nagar So,9.8848,78.0421
625007,TN,Madurai,மதுரை,Madurai North,1,no,Pudur Bazaar So,9.9434,78.1465
625008,TN,Madurai,மதுரை,Thirumangalam,2,no,Kappalur Indlestate So,9.8748,78.0240
625009,TN,Madurai,மதுரை,Madurai South,1,no,Ma Munichalai Road So,13.4020,78.0551
625011,TN,Madurai,மதுரை,,0,no,Subramaniapuram So Madurai,9.9079,78.1130
625012,TN,Madurai,மதுரை,Madurai South,1,no,Avaniapuram So,9.8828,78.1115
625014,TN,Madurai,மதுரை,Madurai North,1,no,Krishnapuram Colony So,9.9940,78.1471
625015,TN,Madurai,மதுரை,,0,no,Thiagarajar Engg College So,9.8834,78.0799
625016,TN,Madurai,மதுரை,Madurai West,1,no,Arasaradi Ho,9.9346,78.0810
625017,TN,Madurai,மதுரை,Madurai North,1,no,Anaiyur So,7.6933,10.9433
625018,TN,Madurai,மதுரை,Madurai North,3,no,Visalakshi Nagar So,9.9476,78.9086
625019,TN,Madurai,மதுரை,Madurai West,2,no,Nagamalai So,9.9385,78.0666
625020,TN,Madurai,மதுரை,Madurai East,4,yes,Anna Nagar So Madurai,9.9329,78.1778
625021,TN,Madurai,மதுரை,Thirupparankundram,2,no,Palkalai Nagar So,9.9272,78.0092
625022,TN,Madurai,மதுரை,Thirupparankundram,3,no,Postal Training Centre So,9.8532,78.0980
625023,TN,Madurai,மதுரை,Madurai East,1,no,Madras High Court Madurai Bench So,9.9533,78.1863
625101,TN,Madurai,மதுரை,Melur,1,no,Karungalakudi So,10.1586,78.3609
625102,TN,Madurai,மதுரை,Melur,1,yes,Kilavalavu So,10.0686,78.4382
625103,TN,Madurai,மதுரை,Melur,1,no,Kottampatti So,10.2845,78.3645
625104,TN,Madurai,மதுரை,Madurai East,2,no,Madurai Agricultural College So,9.9570,78.1607
625105,TN,Madurai,மதுரை,Melur,1,no,Melavlavu So,10.1700,78.2900
625106,TN,Madurai,மதுரை,Melur,1,no,Karuthapuliyanpatti So,10.0401,78.3121
625107,TN,Madurai,மதுரை,Madurai East,1,no,Othakadai So,9.9514,78.1688
625108,TN,Madurai,மதுரை,Melur,1,no,Thumbaipatti So,10.0900,78.3900
625109,TN,Madurai,மதுரை,Melur,1,no,Vellalur So,9.9882,78.3964
625110,TN,Madurai,மதுரை,Melur,2,no,Tiruvadur So,9.9016,78.3002
625122,TN,Madurai,மதுரை,Melur,2,no,Therkutheru So,10.0041,78.2683
625201,TN,Madurai,மதுரை,Madurai East,2,no,Silaiman So,9.6595,77.9225
625203,TN,Theni,தேனி,Periyakulam,1,no,Genguvarpatti S.O,10.1699,77.6924
625205,TN,Madurai,மதுரை,Vadipatti,1,no,Karupatti So,10.0456,77.9360
625207,TN,Madurai,மதுரை,Vadipatti,1,no,Mullipallam So,10.0244,77.9204
625214,TN,Madurai,மதுரை,Usilampatti,2,no,Sholavandan So,10.0201,77.9571
625218,TN,Madurai,மதுரை,Vadipatti,2,no,Vadipatti So,10.1109,78.0446
625221,TN,Madurai,மதுரை,Vadipatti,3,no,Thanichiyam So,9.9476,78.0909
625234,TN,Madurai,மதுரை,Vadipatti,2,no,Tiruvedagam So,9.9808,77.9839
625301,TN,Madurai,மதுரை,Madurai East,3,no,Alagarkoil So,10.0381,78.2006
625402,TN,Madurai,மதுரை,Madurai North,2,no,Samayanallur So,9.9646,78.0666
625501,TN,Madurai,மதுரை,Vadipatti,1,no,Alanganallur So,10.0722,78.0809
625503,TN,Madurai,மதுரை,Vadipatti,1,no,Palamedu So,10.1367,78.1536
625512,TN,Theni,தேனி,Andipatti,1,no,Aundipatti S.O,10.0263,77.6103
625513,TN,Theni,தேனி,Bodinayakanur,1,no,Bodinayakanur H.O,10.0069,77.3523
625514,TN,Madurai,மதுரை,Usilampatti,3,no,Checkanurani So,9.9522,77.9139
625515,TN,Theni,தேனி,Uthamapalayam,3,no,Chinnamanur S.O,9.6310,77.3549
625516,TN,Theni,தேனி,Uthamapalayam,1,no,Gandhinagar S.O,9.7347,77.2844
625517,TN,Theni,தேனி,Andipatti,2,no,Gandamanayakanur S.O,9.9697,77.5458
625518,TN,Theni,தேனி,Uthamapalayam,1,no,Gudalur S.O,11.4957,76.4939
625520,TN,Theni,தேனி,Theni,2,no,Kamatchipuram S.O,9.8600,77.4540
625521,TN,Theni,தேனி,Uthamapalayam,1,no,Kamayakoundanpatti S.O,9.7112,77.2888
625522,TN,Theni,தேனி,Uthamapalayam,1,no,Kombai S.O,9.8517,77.2939
625523,TN,Theni,தேனி,Periyakulam,2,no,Lakshmipuram S.O,10.1224,77.5395
625524,TN,Theni,தேனி,Uthamapalayam,1,no,Pannaipuram S.O,9.8054,77.3287
625525,TN,Theni,தேனி,Uthamapalayam,1,no,Periyar Project S.O,13.0584,80.2157
625526,TN,Theni,தேனி,Uthamapalayam,1,no,Royappanpatti S.O,9.7735,77.3364
625527,TN,Madurai,மதுரை,Peraiyur,2,no,Sedapatti S.O,11.8393,77.9455
625528,TN,Theni,தேனி,Bodinayakanur,2,no,Sillamarathupatti S.O,9.8900,77.2800
625529,TN,Madurai,மதுரை,Usilampatti,2,no,Sindhupatti S.O,9.6791,77.4849
625530,TN,Theni,தேனி,Uthamapalayam,1,no,Thevaram S.O,9.9100,77.3300
625531,TN,Theni,தேனி,Theni,3,no,Bangalamedu S.O,9.9901,77.4300
625532,TN,Madurai,மதுரை,Usilampatti,2,yes,Usilampatti Pettai S.O,9.9638,77.7878
625533,TN,Theni,தேனி,Uthamapalayam,2,no,Uthamapalayam S.O,9.8054,77.3289
625534,TN,Theni,தேனி,Theni,2,no,Veerapandi S.O,9.9045,77.4056
625535,TN,Madurai,மதுரை,Peraiyur,2,no,Yelumalai S.O,10.0086,77.3527
625536,TN,Theni,தேனி,Andipatti,2,no,T.Subbulapuram S.O,9.9700,77.6400
625537,TN,Madurai,மதுரை,Usilampatti,2,no,Uthappanayakanur S.O,9.9800,77.8700
625540,TN,Theni,தேனி,Theni,3,no,Odaipatti S.O,9.8100,77.4300
625552,TN,Theni,தேனி,Uthamapalayam,2,no,Markayankottai S.O,9.8774,77.3755
625556,TN,Theni,தேனி,Uthamapalayam,1,no,C.Pudupatti S.O,9.4829,77.5804
625562,TN,Theni,தேனி,Andipatti,2,no,Varadharajnagar S.O,10.0608,77.6101
625579,TN,Theni,தேனி,Andipatti,2,no,Kadamalaikundu S.O,9.8113,77.5043
625582,TN,Theni,தேனி,Bodinayakanur,1,yes,Subburajnagar S.O,9.8088,77.3161
625601,TN,Theni,தேனி,Periyakulam,1,no,Periyakulam H.O,10.0625,77.3102
625602,TN,Theni,தேனி,Periyakulam,1,no,Devadanapatti S.O,10.0959,77.6878
625603,TN,Theni,தேனி,,0,no,Vadugapatti S.O,10.0518,77.5677
625604,TN,Theni,தேனி,Periyakulam,1,no,Periyakulam East S.O,10.1298,77.6022
625605,TN,Theni,தேனி,Periyakulam,2,no,Tamarakulam S.O,10.1050,77.5723
625701,TN,Madurai,மதுரை,Kalligudi,1,no,Kalligudi So,9.6821,78.0457
625702,TN,Madurai,மதுரை,Peraiyur,2,no,Tkallupatti So,9.6751,77.8099
625703,TN,Madurai,மதுரை,Peraiyur,1,no,Peraiyur So Madurai,9.7059,77.8333
625704,TN,Madurai,மதுரை,Thirumangalam,3,no,Tpudupatti So,9.8127,77.9226
625705,TN,Madurai,மதுரை,Peraiyur,2,yes,Saptur S.O,9.7060,77.9146
625706,TN,Madurai,மதுரை,Thirumangalam,2,no,Pudunagar So,9.8367,77.9144
625707,TN,Madurai,மதுரை,Kalligudi,1,no,Villur So,9.6232,77.9033
625708,TN,Madurai,மதுரை,Peraiyur,2,no,Tkunnathur So,9.7509,77.8890
626001,TN,Virudhunagar,விருதுநகர்,Virudhunagar,1,no,Virudhunagar Ho,9.5828,77.9540
626002,TN,Virudhunagar,விருதுநகர்,Virudhunagar,1,no,Virudhunagar Collectorate So,9.6400,77.9600
626003,TN,Virudhunagar,விருதுநகர்,Virudhunagar,2,no,Virudhunagar Industrial Estate So,9.5100,77.9300
626004,TN,Virudhunagar,விருதுநகர்,Virudhunagar,2,no,Palavanatham So,9.5600,77.9800
626005,TN,Virudhunagar,விருதுநகர்,Virudhunagar,2,no,Amathur So,9.5621,77.8596
626101,TN,Virudhunagar,விருதுநகர்,Aruppukkottai,1,no,Aruppukottai Ho,9.5136,78.0978
626102,TN,Virudhunagar,விருதுநகர்,Rajapalayam,1,no,Chatrapatti So Virudhunagar,9.3700,77.5800
626103,TN,Virudhunagar,விருதுநகர்,Sivakasi,2,no,Erichanatham So,9.6000,77.7700
626104,TN,Virudhunagar,விருதுநகர்,Kariapatti,1,no,Kalkurichi So,9.6300,78.1000
626105,TN,Virudhunagar,விருதுநகர்,Aruppukkottai,1,no,Kallurani So,9.5100,78.1300
626106,TN,Virudhunagar,விருதுநகர்,Kariapatti,1,no,Kariapatti So,9.7100,78.1500
626107,TN,Virudhunagar,விருதுநகர்,Aruppukkottai,2,no,Kovilangulam So,9.5600,78.1465
626108,TN,Virudhunagar,விருதுநகர்,,0,no,Kumarasamy Raja Nagar So,9.4400,77.5700
626109,TN,Virudhunagar,விருதுநகர்,Kariapatti,2,no,Mallanginar So,9.5977,78.0542
626110,TN,Virudhunagar,விருதுநகர்,Srivilliputhur,2,no,Mohamed Sahibpuram So,9.4800,77.5700
626111,TN,Virudhunagar,விருதுநகர்,Rajapalayam,1,no,Muhavur So,9.3500,77.5000
626112,TN,Virudhunagar,விருதுநகர்,Aruppukkottai,1,no,Palayampatti So,9.4900,78.0700
626113,TN,Virudhunagar,விருதுநகர்,Aruppukkottai,1,no,Pandalgudi So,9.4700,78.0400
626114,TN,Virudhunagar,விருதுநகர்,Aruppukkottai,1,no,Paralachi So,9.3100,78.3000
626115,TN,Virudhunagar,விருதுநகர்,Kariapatti,1,no,Sethu Institute Of Technology So,9.7400,78.0900
626116,TN,Virudhunagar,விருதுநகர்,Watrap,1,no,W Pudupatti So,9.6161,77.6366
626117,TN,Virudhunagar,விருதுநகர்,Rajapalayam,1,no,Rajapalayam Ho,9.4476,77.5559
626118,TN,Virudhunagar,விருதுநகர்,Aruppukkottai,1,no,Mreddiapatti So,9.4000,78.2300
626119,TN,Virudhunagar,விருதுநகர்,Virudhunagar,1,no,Sankaralingapuram So,9.5086,77.8983
626121,TN,Virudhunagar,விருதுநகர்,Rajapalayam,1,no,Seithur So,9.3500,77.4600
626122,TN,Virudhunagar,விருதுநகர்,Rajapalayam,2,yes,Settiyarpatti So,9.3883,77.4951
626123,TN,Virudhunagar,விருதுநகர்,Sivakasi,1,no,Sivakasi Ho,9.4533,77.7941
626124,TN,Virudhunagar,விருதுநகர்,Sivakasi,1,no,Sivakasi West So,9.4600,77.7800
626125,TN,Virudhunagar,விருதுநகர்,Srivilliputhur,2,no,Srivilliputhur North So,9.4800,77.6300
626126,TN,Virudhunagar,விருதுநகர்,Watrap,1,no,Sundarapandiam So,9.5700,77.6800
626127,TN,Virudhunagar,விருதுநகர்,Vembakottai,1,no,Tamilnadu Cements Alangulam So,9.2900,77.6600
626128,TN,Virudhunagar,விருதுநகர்,Sivakasi,1,no,Thayilpatti So,9.3500,77.8300
626129,TN,Virudhunagar,விருதுநகர்,Tiruchuli,2,no,Tiruchuli So,9.5100,78.1800
626130,TN,Virudhunagar,விருதுநகர்,Sivakasi,1,no,Tiruthangal So,9.4800,77.8100
626131,TN,Virudhunagar,விருதுநகர்,Vembakottai,1,no,Vembakottai So,9.3600,77.7100
626132,TN,Virudhunagar,விருதுநகர்,Watrap,1,no,Watrap So,9.6500,77.6300
626133,TN,Virudhunagar,விருதுநகர்,Watrap,1,no,Kummapatti So,9.6300,77.5300
626134,TN,Virudhunagar,விருதுநகர்,Aruppukkottai,2,no,Chettikurichi So,9.4200,78.0400
626135,TN,Virudhunagar,விருதுநகர்,,0,no,Srivilliputhur Court Complex So,9.5028,77.6494
626136,TN,Virudhunagar,விருதுநகர்,Vembakottai,2,no,Kilarajakularaman So,9.3600,77.6100
626137,TN,Virudhunagar,விருதுநகர்,Srivilliputhur,1,no,Pillayarkulam So,9.4200,77.6700
626138,TN,Virudhunagar,விருதுநகர்,Srivilliputhur,3,no,Kunnur So,9.6000,77.7400
626139,TN,Virudhunagar,விருதுநகர்,Rajapalayam,1,no,Cholapuram South So,9.3650,77.5743
626140,TN,Virudhunagar,விருதுநகர்,Vembakottai,1,yes,Sevalpatti So,9.3108,77.7275
626141,TN,Virudhunagar,விருதுநகர்,Srivilliputhur,1,no,Malli So,9.5000,77.7200
626142,TN,Virudhunagar,விருதுநகர்,Rajapalayam,1,no,Sundaranachiarpuram So,9.4200,77.4800
626149,TN,Virudhunagar,விருதுநகர்,Watrap,2,no,Maharajapuram So,9.6400,77.6900
626161,TN,Virudhunagar,விருதுநகர்,Aruppukkottai,1,no,Athipatti So,9.4943,78.1268
626188,TN,Virudhunagar,விருதுநகர்,Rajapalayam,1,no,Dhalavaipuram So,9.3942,77.4963
626189,TN,Virudhunagar,விருதுநகர்,Sivakasi,1,no,Sivakasi East So,9.4200,77.8300
626201,TN,Virudhunagar,விருதுநகர்,Sattur,1,no,Elayirampannai So,9.2800,77.8300
626202,TN,Virudhunagar,விருதுநகர்,Sattur,3,yes,Nenmeni So,9.3800,77.9800
626203,TN,Virudhunagar,விருதுநகர்,Sattur,1,no,Sattur West So,9.4000,77.8900
626204,TN,Virudhunagar,விருதுநகர்,Virudhunagar,2,no,Ramasamy Raja Nagar So,9.4200,77.9700
626205,TN,Virudhunagar,விருதுநகர்,Sattur,1,yes,Uppathur So,9.2500,77.9800
626607,TN,Virudhunagar,விருதுநகர்,Tiruchuli,1,no,Narikudi So,9.6900,78.2800
626612,TN,Virudhunagar,விருதுநகர்,Tiruchuli,1,no,Viracholan So,9.6300,78.3600
627001,TN,Tirunelveli,திருநெல்வேலி,Tirunelveli,1,no,Tirunelveli Ho,8.7294,77.6872
627002,TN,Tirunelveli,திருநெல்வேலி,Palayamkottai,1,no,Palayankottai Ho,8.7311,77.7539
627003,TN,Tirunelveli,திருநெல்வேலி,,0,no,Vannarpettai So,8.7314,77.7182
627004,TN,Tirunelveli,திருநெல்வேலி,,0,no,Tirunelveli Pettai So,8.7235,77.6617
627005,TN,Tirunelveli,திருநெல்வேலி,Palayamkottai,1,no,Melapalayam Bazaartirunelveli So,8.7018,77.7018
627006,TN,Tirunelveli,திருநெல்வேலி,,0,no,Tirunelveli Terku So,8.9359,77.3073
627007,TN,Tirunelveli,திருநெல்வேலி,Palayamkottai,1,no,Perumalpuram So,8.7067,77.7373
627008,TN,Tirunelveli,திருநெல்வேலி,,0,no,Gandhinagar So Tirunelveli,8.7364,77.6717
627009,TN,Tirunelveli,திருநெல்வேலி,,0,no,Tirunelveli Collectorate So,8.7256,77.7134
627010,TN,Tirunelveli,திருநெல்வேலி,,0,no,Industrial Colony Pettai So,8.7561,77.6028
627011,TN,Tirunelveli,திருநெல்வேலி,Palayamkottai,1,no,K T C Nagar So,8.6904,77.8049
627012,TN,Tirunelveli,திருநெல்வேலி,Tirunelveli,1,no,Manonmaniam Sundaranar Univers So,8.7586,77.6489
627101,TN,Tirunelveli,திருநெல்வேலி,Nanguneri,1,no,Dalapathisamudram So,8.4066,77.6299
627102,TN,Tirunelveli,திருநெல்வேலி,Nanguneri,1,no,Dohnavur So,8.4750,77.5978
627103,TN,Tirunelveli,திருநெல்வேலி,Nanguneri,1,no,Eruvadi So,8.4686,77.6082
627104,TN,Tirunelveli,திருநெல்வேலி,Radhapuram,1,no,Idindakarai So,8.3046,77.9305
627105,TN,Tirunelveli,திருநெல்வேலி,,0,no,Kavalkinaru So,8.2759,77.5786
627106,TN,Tirunelveli,திருநெல்வேலி,Radhapuram,1,no,Kudankulam So,8.1808,77.6611
627107,TN,Tirunelveli,திருநெல்வேலி,,0,no,Mavadi So,8.4990,77.5552
627108,TN,Tirunelveli,திருநெல்வேலி,Nanguneri,1,no,Nanguneri So,8.4489,77.6726
627109,TN,Tirunelveli,திருநெல்வேலி,Radhapuram,1,no,Panagudi So,8.3529,77.5909
627110,TN,Tirunelveli,திருநெல்வேலி,Tisayanvilai,1,no,Parappadi So,8.4275,77.7312
627111,TN,Tirunelveli,திருநெல்வேலி,Radhapuram,1,no,Radhapuram So,8.2656,77.6840
627112,TN,Tirunelveli,திருநெல்வேலி,Tisayanvilai,2,no,Samugarengapuram So,8.3357,77.6981
627113,TN,Tirunelveli,திருநெல்வேலி,Radhapuram,1,no,Terkukallikulam So,8.3253,77.6615
627114,TN,Tirunelveli,திருநெல்வேலி,Radhapuram,1,no,Terkukarungulam So,8.2113,77.6005
627115,TN,Tirunelveli,திருநெல்வேலி,Nanguneri,1,no,Tirukurungudi So,8.4382,77.5688
627116,TN,Tirunelveli,திருநெல்வேலி,Radhapuram,1,no,Vadakangulam So,8.2304,77.6091
627117,TN,Tirunelveli,திருநெல்வேலி,Radhapuram,1,no,Vallioor So,8.3860,77.6409
627118,TN,Tirunelveli,திருநெல்வேலி,Tisayanvilai,1,no,Vijayanarayanam So,8.4486,77.8351
627119,TN,Tirunelveli,திருநெல்வேலி,Tisayanvilai,1,no,Vijayanarayanam Naval Base So,8.4035,77.7501
627120,TN,Tirunelveli,திருநெல்வேலி,Radhapuram,1,no,Anuvijay Township So,8.1643,77.6290
627127,TN,Tirunelveli,திருநெல்வேலி,Tisayanvilai,1,no,Kuttapuli So,8.1543,77.5902
627133,TN,Tirunelveli,திருநெல்வேலி,,0,no,Mahendragiri So,8.2848,77.5995
627151,TN,Tirunelveli,திருநெல்வேலி,Palayamkottai,1,no,Maruthakulam So,8.6035,77.7364
627152,TN,Tirunelveli,திருநெல்வேலி,Nanguneri,2,no,Mundradaippu So,8.6237,77.6639
627201,TN,Tirunelveli,திருநெல்வேலி,Tirunelveli,2,no,Manur So,8.8948,77.6066
627202,TN,Tirunelveli,திருநெல்வேலி,Manur,3,yes,Ukkirankottai So,8.9080,77.6267
627351,TN,Tirunelveli,திருநெல்வேலி,Palayamkottai,1,no,Burkitmanagaram So,8.7721,77.7926
627352,TN,Tirunelveli,திருநெல்வேலி,Tirunelveli,4,yes,Gangaikondan So,8.8568,77.8216
627353,TN,Tirunelveli,திருநெல்வேலி,Palayamkottai,1,no,Kizhanatham So,8.7782,77.7658
627354,TN,Tirunelveli,திருநெல்வேலி,Nanguneri,1,no,Mulaikaraipatti So,8.5449,77.7684
627355,TN,Tirunelveli,திருநெல்வேலி,Nanguneri,2,no,Munanjipatti So,8.5004,77.7640
627356,TN,Tirunelveli,திருநெல்வேலி,Palayamkottai,1,no,Munnirpallam So,8.6561,77.6597
627357,TN,Tirunelveli,திருநெல்வேலி,Tirunelveli,2,no,Sankarnagar So,8.7645,77.7175
627358,TN,Tirunelveli,திருநெல்வேலி,Tirunelveli,2,no,Tachanallur So,8.7568,77.7103
627359,TN,Tirunelveli,திருநெல்வேலி,Tirunelveli,1,no,Rajavallipuram So,8.7988,77.7692
627401,TN,Tirunelveli,திருநெல்வேலி,Ambasamudram,1,no,Ambasamudram Ho,8.7040,77.4597
627412,TN,Tenkasi,தென்காசி,Tenkasi,1,no,Alwarkurichi So,8.7840,77.3897
627413,TN,Tirunelveli,திருநெல்வேலி,Ambasamudram,2,yes,Brahmadesam So Tirunelveli,8.7335,77.4851
627414,TN,Tirunelveli,திருநெல்வேலி,Cheranmahadevi,1,no,Cheranmahadevi So,8.6106,77.5859
627415,TN,Tenkasi,தென்காசி,Tenkasi,2,no,Kadayam So,8.8458,77.3607
627416,TN,Tirunelveli,திருநெல்வேலி,Ambasamudram,1,no,Kallidaikurichi So,8.7015,77.3955
627417,TN,Tirunelveli,திருநெல்வேலி,Cheranmahadevi,1,no,Karaikurichi So Tirunelveli,8.6803,77.5519
627418,TN,Tenkasi,தென்காசி,Tenkasi,2,yes,Kila Ambur So,8.8408,77.4060
627420,TN,Tirunelveli,திருநெல்வேலி,,0,no,Manjolai So,8.5694,77.4075
627421,TN,Tirunelveli,திருநெல்வேலி,Ambasamudram,1,no,Manimuthar Project So,8.6493,77.4301
627422,TN,Tirunelveli,திருநெல்வேலி,,0,no,Papanasam Mills So,8.7126,77.3836
627423,TN,Tenkasi,தென்காசி,Alangulam,2,no,Pottalpudur So,8.7940,77.4188
627424,TN,Tenkasi,தென்காசி,Tenkasi,2,no,Ravanasamudram So,8.8024,77.3786
627425,TN,Tirunelveli,திருநெல்வேலி,Ambasamudram,1,no,Vickramasingapuram So,8.6606,77.3144
627426,TN,Tirunelveli,திருநெல்வேலி,Cheranmahadevi,2,no,Viravanallur So,8.7292,77.4994
627427,TN,Tirunelveli,திருநெல்வேலி,,0,no,Nalumukku So,8.5530,77.3616
627428,TN,Tirunelveli,திருநெல்வேலி,,0,no,Agasthiyarpatti So,8.5727,77.7536
627451,TN,Tirunelveli,திருநெல்வேலி,Cheranmahadevi,1,no,Gopalasamudram So,8.6743,77.6391
627452,TN,Tirunelveli,திருநெல்வேலி,Cheranmahadevi,1,no,Melaseval So,8.6714,77.6158
627453,TN,Tirunelveli,திருநெல்வேலி,,0,no,Pattamadai So,8.6877,77.5946
627501,TN,Tirunelveli,திருநெல்வேலி,Nanguneri,1,no,Kalakad So,8.5189,77.5587
627502,TN,Tirunelveli,திருநெல்வேலி,Nanguneri,1,no,Padmaneri So,8.5572,77.5656
627601,TN,Tirunelveli,திருநெல்வேலி,Cheranmahadevi,1,no,Mukkudal So,8.7512,77.5339
627602,TN,Tirunelveli,திருநெல்வேலி,Cheranmahadevi,3,yes,Pappagudi So,8.7482,77.4855
627603,TN,Tirunelveli,திருநெல்வேலி,,0,no,Vadakku Ariyanayagipuram Petta So,8.7194,77.5455
627604,TN,Tirunelveli,திருநெல்வேலி,,0,no,Suttamally So,8.5997,77.5329
627651,TN,Tirunelveli,திருநெல்வேலி,Tisayanvilai,1,no,Idayangudi So,8.3008,77.9271
627652,TN,Tirunelveli,திருநெல்வேலி,Tisayanvilai,1,no,Ittamozhi So,8.3771,77.8428
627654,TN,Tirunelveli,திருநெல்வேலி,Tisayanvilai,1,no,Pettaikulam So,8.3123,77.8286
627657,TN,Tirunelveli,திருநெல்வேலி,Tisayanvilai,1,no,Tisayanvillai So,8.2922,77.8399
627713,TN,Tenkasi,தென்காசி,Sankarankoil,4,yes,Ilayarasanendal S.O,9.2305,77.7454
627719,TN,Tenkasi,தென்காசி,Tiruvengadam,1,no,Tiruvengadam S.O,8.8981,77.3538
627751,TN,Tenkasi,தென்காசி,Kadayanallur,1,no,Kadayanallur S.O,9.1118,77.3415
627753,TN,Tenkasi,தென்காசி,Sankarankoil,2,no,Karivalamvandanallur S.O,9.3083,77.5446
627754,TN,Tenkasi,தென்காசி,Tiruvengadam,2,no,Kuruvikulam S.O,9.2080,77.5727
627755,TN,Tenkasi,தென்காசி,Kadayanallur,3,no,Mullikulam S.O,9.1912,77.4128
627756,TN,Tenkasi,தென்காசி,Sankarankoil,1,no,Sankarankovil H.O,9.1634,77.5064
627757,TN,Tenkasi,தென்காசி,Sivagiri,1,no,Sivagiri S.O (Tirunelveli),9.3158,77.4988
627758,TN,Tenkasi,தென்காசி,Sivagiri,1,no,Vasudevanallur S.O,9.2306,77.3982
627759,TN,Tenkasi,தென்காசி,Kadayanallur,1,no,Krishnapuram (Tvl) S.O,9.0786,77.3196
627760,TN,Tenkasi,தென்காசி,Sivagiri,1,no,Athuvazhi S.O,9.2447,77.4061
627761,TN,Tenkasi,தென்காசி,Sankarankoil,1,no,Panaiyur S.O,9.2147,77.4643
627764,TN,Tenkasi,தென்காசி,Sivagiri,1,no,Rayagiri S.O,9.2812,77.4590
627802,TN,Tenkasi,தென்காசி,Tenkasi,1,no,Courtallam S.O,8.9174,77.2407
627803,TN,Tenkasi,தென்காசி,Shenkottai,3,no,Elathur S.O (Tirunelveli),9.0241,77.2775
627804,TN,Tenkasi,தென்காசி,Kadayanallur,1,no,Idaikal(Tks) S.O,9.0201,77.3036
627805,TN,Tenkasi,தென்காசி,Shenkottai,2,no,Ilanji S.O,8.9660,77.2587
627806,TN,Tenkasi,தென்காசி,Alangulam,3,no,Kilapavur S.O,8.9335,77.3641
627807,TN,Tenkasi,தென்காசி,Shenkottai,1,no,Panpuli S.O,9.0170,77.2375
627808,TN,Tenkasi,தென்காசி,Tenkasi,2,no,Pavoorchatram S.O,8.8428,77.2630
627809,TN,Tenkasi,தென்காசி,Shenkottai,1,no,Sengottai Rs S.O,8.9811,77.2334
627811,TN,Tenkasi,தென்காசி,Tenkasi,1,no,Tenkasi H.O,8.9425,77.2796
627812,TN,Tenkasi,தென்காசி,Shenkottai,1,no,Vadakarai S.O (Tirunelveli),9.0268,77.2450
627813,TN,Tenkasi,தென்காசி,Shenkottai,1,no,Puliyarai S.O,8.9701,77.1884
627814,TN,Tenkasi,தென்காசி,Tenkasi,1,no,Kizhapuliyur S.O,8.9070,77.3196
627818,TN,Tenkasi,தென்காசி,Tenkasi,1,no,Melagaram S.O,8.9428,77.2839
627851,TN,Tenkasi,தென்காசி,Alangulam,1,yes,Alangulam S.O,8.8396,77.4625
627852,TN,Tenkasi,தென்காசி,Kadayanallur,1,no,Ayikudi S.O,8.9878,77.3115
627853,TN,Tenkasi,தென்காசி,Alangulam,1,no,Nallur S.O (Tirunelveli),8.8591,77.5054
627854,TN,Tenkasi,தென்காசி,Alangulam,2,no,Nettur S.O (Tirunelveli),8.8574,77.4741
627855,TN,Tenkasi,தென்காசி,Kadayanallur,1,no,Puliyangudi S.O,9.1732,77.3805
627856,TN,Tenkasi,தென்காசி,Kadayanallur,1,no,Sambavarvadakarai S.O,9.0190,77.3672
627857,TN,Tenkasi,தென்காசி,Kadayanallur,2,no,Serndamangalam S.O,9.0462,77.4694
627858,TN,Tenkasi,தென்காசி,Tenkasi,1,no,Sundarapandiapuram,8.9619,77.3615
627859,TN,Tenkasi,தென்காசி,Veerakeralamputhur,1,no,Surandai S.O,8.9941,77.4286
627860,TN,Tenkasi,தென்காசி,Veerakeralamputhur,1,no,Uthumalai S.O,8.9530,77.4626
627861,TN,Tenkasi,தென்காசி,Veerakeralamputhur,2,no,Virakeralampudur S.O,8.9234,77.4710
627862,TN,Tenkasi,தென்காசி,Sankarankoil,2,no,Veerasigamani S.O,9.0651,77.4341
627951,TN,Tirunelveli,திருநெல்வேலி,Manur,2,yes,Devarkulam S.O,8.9343,77.5931
627953,TN,Tenkasi,தென்காசி,Sankarankoil,4,yes,Melanilidanallur S.O,9.0395,77.5574
628001,TN,Tuticorin,தூத்துக்குடி,Thoothukkudi,1,yes,Tuticorin H.O,8.8039,78.1561
628002,TN,Thoothukkudi,தூத்துக்குடி,Thoothukkudi,2,yes,Melur Tuticorin S.O,8.8193,78.0909
628003,TN,Tuticorin,தூத்துக்குடி,,0,no,Tuticorin Courts S.O,8.7257,78.2026
628004,TN,Tuticorin,தூத்துக்குடி,,0,no,Tt. Thermal Power Plant S.O,8.7635,78.1734
628005,TN,Thoothukkudi,தூத்துக்குடி,Thoothukkudi,1,yes,Muthiahpuram S.O,8.7438,78.1248
628006,TN,Tuticorin,தூத்துக்குடி,,0,no,Thermal Nagagr S.O,8.5701,78.2435
628007,TN,Tuticorin,தூத்துக்குடி,,0,no,Heavy Water Project Colony S.O,8.7353,78.1225
628008,TN,Tuticorin,தூத்துக்குடி,,0,no,Chidambaranagar S.O,8.8032,78.0966
628101,TN,Thoothukkudi,தூத்துக்குடி,Thoothukkudi,1,yes,Korampollam S.O,8.7700,78.0738
628102,TN,Thoothukkudi,தூத்துக்குடி,Thoothukkudi,1,yes,Mudittanendal S.O,8.7367,77.7524
628103,TN,Thoothukkudi,தூத்துக்குடி,Thoothukkudi,1,yes,Pudukottai S.O,8.7225,78.0666
628104,TN,Thoothukkudi,தூத்துக்குடி,Srivaikuntam,1,yes,Sekkarakudi S.O,8.9947,77.8957
628105,TN,Thoothukkudi,தூத்துக்குடி,Ottapidaram,1,yes,Taruvaikulam S.O,8.9372,78.1572
628151,TN,Tuticorin,தூத்துக்குடி,Tiruchendur,2,yes,Autoor S.O,8.3206,77.9341
628152,TN,Tuticorin,தூத்துக்குடி,Eral,1,yes,Pazhaiyalkayal S.O,8.6905,78.0909
628155,TN,Tuticorin,தூத்துக்குடி,,0,no,Punnakayal So,8.6336,78.1172
628201,TN,Tuticorin,தூத்துக்குடி,Tiruchendur,1,yes,Ammanpuram S.O,8.5768,78.0736
628202,TN,Tuticorin,தூத்துக்குடி,Tiruchendur,1,yes,Arumuganeri S.O,8.5793,78.0920
628203,TN,Tuticorin,தூத்துக்குடி,Tiruchendur,1,yes,Udangudi Christianagaram S.O,8.4287,78.0266
628204,TN,Thoothukkudi,தூத்துக்குடி,Tiruchendur,1,yes,Kayalpatnam S.O,8.5671,78.1229
628205,TN,Tuticorin,தூத்துக்குடி,Tiruchendur,1,yes,Kayamozhi S.O,8.4923,78.0823
628206,TN,Tuticorin,தூத்துக்குடி,Tiruchendur,1,yes,Kulasekarapatnam S.O,8.5141,78.0466
628207,TN,Tuticorin,தூத்துக்குடி,Eral,2,yes,Kurumbur S.O,8.4956,78.1192
628208,TN,Tuticorin,தூத்துக்குடி,Tiruchendur,1,yes,Manaduthandapathu S.O,8.4573,78.0484
628209,TN,Thoothukkudi,தூத்துக்குடி,Tiruchendur,1,yes,Manapad S.O,8.3779,78.0567
628210,TN,Tuticorin,தூத்துக்குடி,Tiruchendur,1,yes,Megnanapuram S.O,8.4468,78.0096
628211,TN,Tuticorin,தூத்துக்குடி,Eral,1,yes,Nalumavadi S.O,8.5778,78.0320
628212,TN,Tuticorin,தூத்துக்குடி,Tiruchendur,1,yes,Panickanadarkudiyiruppu S.O,8.5786,78.0353
628213,TN,Tuticorin,தூத்துக்குடி,Tiruchendur,1,yes,Paramankurichi S.O,8.4921,78.0324
628215,TN,Tuticorin,தூத்துக்குடி,Tiruchendur,1,yes,Tiruchendur H.O,8.4886,78.1213
628216,TN,Thoothukkudi,தூத்துக்குடி,Tiruchendur,1,yes,Virapandianpatanam S.O,8.4959,78.1218
628217,TN,Tuticorin,தூத்துக்குடி,,0,no,Adaikalapuram S.O,8.7257,78.2026
628218,TN,Tuticorin,தூத்துக்குடி,Tiruchendur,1,yes,Mannanvilai S.O,8.5276,78.0583
628219,TN,Tuticorin,தூத்துக்குடி,,0,no,Vellalanvilai S.O,8.4750,78.0659
628229,TN,Thoothukkudi,தூத்துக்குடி,Tiruchendur,1,yes,Sahupuram S.O,8.5919,78.0875
628251,TN,Tuticorin,தூத்துக்குடி,Eral,2,yes,Sawyerpuram S.O,8.7063,78.0252
628252,TN,Thoothukkudi,தூத்துக்குடி,Srivaikuntam,1,yes,Vallanad S.O,8.7110,77.8228
628301,TN,Tuticorin,தூத்துக்குடி,Ottapidaram,2,yes,Kailasapuram S.O (Tuticorin),8.9059,78.0217
628302,TN,Thoothukkudi,தூத்துக்குடி,Ottapidaram,1,yes,Ottanatham S.O,8.9003,77.9389
628303,TN,Tuticorin,தூத்துக்குடி,Ottapidaram,2,yes,Naraikinar S.O,8.7315,78.1480
628304,TN,Thoothukkudi,தூத்துக்குடி,Thoothukkudi,1,yes,Tattaparai S.O,8.8145,78.0252
628401,TN,Thoothukkudi,தூத்துக்குடி,Ottapidaram,1,yes,Otapidaram S.O,8.9003,77.9803
628402,TN,Thoothukkudi,தூத்துக்குடி,Ottapidaram,1,yes,Pudiyamputhur S.O,8.9059,78.0217
628501,TN,Tuticorin,தூத்துக்குடி,,0,no,Kovilpatti H.O,9.1717,77.5569
628502,TN,Thoothukkudi,தூத்துக்குடி,Kovilpatti,4,yes,Lakshmipuram S.O (Tuticorin),9.1748,77.8575
628503,TN,Tuticorin,தூத்துக்குடி,Kovilpatti,1,yes,K.Ramasamynagar S.O,9.1486,77.8073
628552,TN,Tenkasi,தென்காசி,Kayathar,4,yes,Kalugumalai S.O,9.0946,77.6686
628601,TN,Thoothukkudi,தூத்துக்குடி,Srivaikuntam,1,yes,Srivaikuntam H.O,8.6312,77.9111
628612,TN,Thoothukkudi,தூத்துக்குடி,Eral,1,yes,Alwartirunagari S.O,8.6152,77.9403
628613,TN,Tuticorin,தூத்துக்குடி,Sathankulam,1,yes,Asirvathapuram S.O,8.5694,77.8393
628614,TN,Tuticorin,தூத்துக்குடி,Eral,1,yes,Campbellabad S.O,8.6037,77.9694
628615,TN,Thoothukkudi,தூத்துக்குடி,Srivaikuntam,1,yes,Karungulam S.O,8.6445,77.8553
628616,TN,Tuticorin,தூத்துக்குடி,Eral,1,yes,Mukuperi S.O,8.5719,77.9751
628617,TN,Thoothukkudi,தூத்துக்குடி,Eral,2,yes,Nazareth S.O,8.5527,77.9453
628618,TN,Tuticorin,தூத்துக்குடி,Eral,1,yes,Neivilai S.O,8.5746,78.0405
628619,TN,Thoothukkudi,தூத்துக்குடி,Srivaikuntam,1,yes,Padmanabamangalam S.O,8.6619,77.8582
628620,TN,Tuticorin,தூத்துக்குடி,Srivaikuntam,1,yes,Patemanagaram S.O,8.6509,77.9587
628621,TN,Tuticorin,தூத்துக்குடி,Srivaikuntam,1,yes,Puthukudi S.O,8.6320,77.8795
628622,TN,Tuticorin,தூத்துக்குடி,Srivaikuntam,1,yes,Thathankulam S.O,8.5772,77.8216
628623,TN,Thoothukkudi,தூத்துக்குடி,Eral,1,yes,Thenthiruperai S.O,8.6037,77.9855
628653,TN,Tuticorin,தூத்துக்குடி,Sathankulam,2,yes,Kommadikottai S.O,8.3737,77.9232
628656,TN,Tuticorin,தூத்துக்குடி,Sathankulam,1,yes,Puthantharuvai S.O,8.3375,77.9334
628701,TN,Tuticorin,தூத்துக்குடி,Sathankulam,1,yes,Anandapuram S.O (Tuticorin),9.0094,77.7027
628702,TN,Tuticorin,தூத்துக்குடி,Sathankulam,1,yes,Mudalur S.O,8.4088,77.9732
628703,TN,Tuticorin,தூத்துக்குடி,Sathankulam,1,yes,Padukkapathu S.O,8.3369,77.9724
628704,TN,Thoothukkudi,தூத்துக்குடி,Sathankulam,2,yes,Satankulam S.O,8.2686,77.2852
628712,TN,Thoothukkudi,தூத்துக்குடி,Vilathikulam,3,yes,Eppodumvendran S.O,9.0869,78.0789
628714,TN,Thoothukkudi,தூத்துக்குடி,Kayathar,2,yes,Kadambur S.O (Tuticorin),8.9318,77.8343
628716,TN,Thoothukkudi,தூத்துக்குடி,Kovilpatti,2,yes,Nalattinputhur S.O,9.0370,77.7846
628718,TN,Thoothukkudi,தூத்துக்குடி,Kayathar,2,yes,Pasuvanthanai S.O,8.9497,77.9246
628720,TN,Thoothukkudi,தூத்துக்குடி,Kayathar,3,yes,Turaiyur S.O,9.0033,77.8219
628721,TN,Thoothukkudi,தூத்துக்குடி,Kayathar,3,yes,Vanaramutti S.O,9.0735,77.6931
628722,TN,Thoothukkudi,தூத்துக்குடி,Ottapidaram,1,yes,Kurukkuchalai S.O,8.9582,78.1252
628751,TN,Tuticorin,தூத்துக்குடி,,0,no,Pannaivilai S.O,8.6562,77.9974
628752,TN,Thoothukkudi,தூத்துக்குடி,Eral,1,yes,Perungulam S.O (Tuticorin),8.7257,78.2026
628753,TN,Thoothukkudi,தூத்துக்குடி,Eral,2,yes,Sivagalai S.O,8.6379,77.9736
628801,TN,Tuticorin,தூத்துக்குடி,Eral,1,yes,Eral S.O,8.6285,78.0395
628802,TN,Thoothukkudi,தூத்துக்குடி,Eral,1,yes,Siruthondanallur S.O,8.6563,78.0611
628809,TN,Thoothukkudi,தூத்துக்குடி,Srivaikuntam,1,yes,Seydunganallur S.O,8.6854,77.8295
628851,TN,Thoothukkudi,தூத்துக்குடி,Srivaikuntam,2,yes,Ellanaickenpatti S.O,8.7896,77.8839
628901,TN,Thoothukkudi,தூத்துக்குடி,Vilathikulam,1,yes,Ariyanayagipuram S.O,9.0876,78.2591
628902,TN,Thoothukkudi,தூத்துக்குடி,Ettayapuram,2,yes,Ettaiyapuram S.O,9.1297,78.0096
628903,TN,Thoothukkudi,தூத்துக்குடி,Vilathikulam,2,yes,Kulathur (Tvl) S.O,8.9942,78.2415
628904,TN,Thoothukkudi,தூத்துக்குடி,Vilathikulam,2,yes,Nagalapuram S.O (Tuticorin),9.2693,78.0612
628905,TN,Thoothukkudi,தூத்துக்குடி,Vilathikulam,2,yes,Pudur S.O,9.2538,78.2292
628906,TN,Thoothukkudi,தூத்துக்குடி,Vilathikulam,1,yes,Vembar S.O,9.0688,78.3341
628907,TN,Thoothukkudi,தூத்துக்குடி,Vilathikulam,1,yes,Vilathikulam S.O,9.0029,78.1156
628908,TN,Thoothukkudi,தூத்துக்குடி,Ettayapuram,1,yes,Kilairal S.O,9.0012,77.9364
628952,TN,Thoothukkudi,தூத்துக்குடி,Kayathar,1,yes,Kayathar S.O,8.9323,77.7202
629001,TN,Kanniyakumari,கன்னியாகுமரி,Agastheeswaram,1,no,Nagercoil H.O,8.2100,77.4300
629002,TN,Kanniyakumari,கன்னியாகுமரி,Agastheeswaram,1,no,Kottar S.O,8.1600,77.4500
629003,TN,Kanniyakumari,கன்னியாகுமரி,Agastheeswaram,1,no,Vetturnimadam S.O,8.1900,77.4000
629004,TN,Kanniyakumari,கன்னியாகுமரி,Agastheeswaram,1,no,Nagercoil Industrial Estate S.O,8.1500,77.3900
629101,TN,Kanniyakumari,கன்னியாகுமரி,Vilavancode,1,no,Kaliyal S.O,8.4600,77.2500
629102,TN,Kanniyakumari,கன்னியாகுமரி,Thiruvattar,1,no,Kodayarkilthangal S.O,8.5161,77.3161
629151,TN,Kanniyakumari,கன்னியாகுமரி,Vilavancode,1,no,Arumanai S.O,8.3673,77.2420
629152,TN,Kanniyakumari,கன்னியாகுமரி,Vilavancode,1,no,Idaikkode S.O,8.3800,77.2000
629153,TN,Kanniyakumari,கன்னியாகுமரி,Killiyoor,2,no,Kaliakkavilai S.O,8.2300,77.4800
629154,TN,Kanniyakumari,கன்னியாகுமரி,Killiyoor,1,no,Kanjampuram S.O,8.2700,77.1400
629155,TN,Kanniyakumari,கன்னியாகுமரி,,0,no,Kanjiracode S.O,8.2948,77.2472
629156,TN,Kanniyakumari,கன்னியாகுமரி,Kalkulam,1,no,Kappiyarai S.O,8.2376,77.2571
629157,TN,Kanniyakumari,கன்னியாகுமரி,Killiyoor,1,no,Karinkal S.O,8.2500,77.2200
629158,TN,Kanniyakumari,கன்னியாகுமரி,Thiruvattar,2,no,Kattathurai S.O,8.2900,77.2600
629159,TN,Kanniyakumari,கன்னியாகுமரி,Kalkulam,1,no,Palapalam S.O,8.1900,77.2500
629160,TN,Kanniyakumari,கன்னியாகுமரி,Killiyoor,1,no,Kollangodu S.O,8.3000,77.1300
629161,TN,Kanniyakumari,கன்னியாகுமரி,Thiruvattar,1,no,Kulasekharam S.O,8.3600,77.3300
629162,TN,Kanniyakumari,கன்னியாகுமரி,Vilavancode,1,no,Kappukadu S.O,8.2997,77.2033
629163,TN,Kanniyakumari,கன்னியாகுமரி,Vilavancode,1,no,Kuzhithurai West S.O,8.1300,77.3000
629164,TN,Kanniyakumari,கன்னியாகுமரி,Thiruvattar,2,no,Manalikarai S.O,8.2900,77.3000
629165,TN,Kanniyakumari,கன்னியாகுமரி,Vilavancode,1,no,Marthandam Bridge S.O,8.3000,77.2200
629166,TN,Kanniyakumari,கன்னியாகுமரி,,0,no,Mekkamandapam S.O,8.3000,77.2900
629167,TN,Kanniyakumari,கன்னியாகுமரி,,0,no,Mulagumoodu S.O,8.2500,77.2900
629168,TN,Kanniyakumari,கன்னியாகுமரி,Vilavancode,1,no,Pacode S.O,8.3500,77.2200
629169,TN,Kanniyakumari,கன்னியாகுமரி,,0,no,Palliyadi S.O,8.2733,77.2493
629170,TN,Kanniyakumari,கன்னியாகுமரி,Vilavancode,1,no,Palukal S.O,8.3900,77.1500
629171,TN,Kanniyakumari,கன்னியாகுமரி,Killiyoor,1,no,Pudukadai S.O,8.2800,77.2200
629172,TN,Kanniyakumari,கன்னியாகுமரி,Killiyoor,1,no,S.T.Mankad S.O,8.2931,77.1696
629173,TN,Kanniyakumari,கன்னியாகுமரி,Killiyoor,1,no,Thengapattanam S.O,8.2600,77.1700
629174,TN,Kanniyakumari,கன்னியாகுமரி,Kalkulam,1,no,Thiruvithancode S.O,8.2395,77.3010
629175,TN,Kanniyakumari,கன்னியாகுமரி,Kalkulam,1,no,Thuckalay H.O,8.2600,77.3100
629176,TN,Kanniyakumari,கன்னியாகுமரி,Killiyoor,1,no,Thuthur S.O,8.2600,77.1500
629177,TN,Kanniyakumari,கன்னியாகுமரி,Thiruvattar,1,no,Tiruvattar S.O,8.3200,77.2900
629178,TN,Kanniyakumari,கன்னியாகுமரி,Killiyoor,1,no,Udayamarthandam S.O,8.2067,77.2165
629179,TN,Kanniyakumari,கன்னியாகுமரி,,0,no,Unnamalakada S.O,8.3079,77.2404
629180,TN,Kanniyakumari,கன்னியாகுமரி,Kalkulam,1,no,Villukuri S.O,8.1900,77.4000
629193,TN,Kanniyakumari,கன்னியாகுமரி,Killiyoor,1,no,Keezhkulam S.O,8.2220,77.1800
629201,TN,Kanniyakumari,கன்னியாகுமரி,Agastheeswaram,1,no,Asaripallam S.O,8.1600,77.3600
629202,TN,Kanniyakumari,கன்னியாகுமரி,Agastheeswaram,1,no,Muttom S.O,8.1300,77.3400
629203,TN,Kanniyakumari,கன்னியாகுமரி,Kalkulam,1,no,Friday Market S.O,8.1516,77.3368
629204,TN,Kanniyakumari,கன்னியாகுமரி,Kalkulam,1,no,Ammandivilai S.O,8.1700,77.3200
629251,TN,Kanniyakumari,கன்னியாகுமரி,Kalkulam,1,no,Colachel S.O,8.1800,77.2700
629252,TN,Kanniyakumari,கன்னியாகுமரி,Kalkulam,1,no,Manavalakurichi S.O,8.1300,77.5300
629301,TN,Kanniyakumari,கன்னியாகுமரி,Thovala,1,no,Aralvaymoli S.O,8.7989,77.5214
629302,TN,Kanniyakumari,கன்னியாகுமரி,Thovala,2,no,Thovalai S.O,8.2100,77.4700
629401,TN,Kanniyakumari,கன்னியாகுமரி,Agastheeswaram,1,no,Azhakappapuram S.O,8.1400,77.5600
629402,TN,Kanniyakumari,கன்னியாகுமரி,,0,no,Marungoor S.O,8.1700,77.5000
629403,TN,Kanniyakumari,கன்னியாகுமரி,Agastheeswaram,1,no,Mayiladi S.O,8.1500,77.4900
629501,TN,Kanniyakumari,கன்னியாகுமரி,Agastheeswaram,1,no,Eathamozhi S.O,8.1400,77.4200
629502,TN,Kanniyakumari,கன்னியாகுமரி,Agastheeswaram,1,no,Ganapathipuram S.O,8.1317,77.3573
629601,TN,Kanniyakumari,கன்னியாகுமரி,Agastheeswaram,1,no,Parakkai S.O,8.1000,77.4400
629602,TN,Kanniyakumari,கன்னியாகுமரி,Agastheeswaram,1,no,Puthalam S.O,8.1077,77.4650
629701,TN,Kanniyakumari,கன்னியாகுமரி,Agastheeswaram,1,no,Agasteeswaram S.O,8.1300,77.4800
629702,TN,Kanniyakumari,கன்னியாகுமரி,Agastheeswaram,1,no,Kanniyakumari S.O,8.0800,77.5300
629703,TN,Kanniyakumari,கன்னியாகுமரி,Agastheeswaram,1,no,Kottaram S.O,8.1300,77.5100
629704,TN,Kanniyakumari,கன்னியாகுமரி,Agastheeswaram,1,no,Suchindrum S.O,8.1800,77.4800
629801,TN,Kanniyakumari,கன்னியாகுமரி,Kalkulam,1,no,Aloor S.O,8.2000,77.3600
629802,TN,Kanniyakumari,கன்னியாகுமரி,Kalkulam,1,no,Neyyoor S.O,8.2200,77.3200
629803,TN,Kanniyakumari,கன்னியாகுமரி,Kalkulam,1,no,Neyyoor West S.O,8.1900,77.2700
629804,TN,Kanniyakumari,கன்னியாகுமரி,Kalkulam,2,no,Thickanamcode S.O,8.2000,77.2900
629809,TN,Kanniyakumari,கன்னியாகுமரி,,0,no,Karankad S.O,7.1000,8.2000
629810,TN,Kanniyakumari,கன்னியாகுமரி,Kalkulam,1,no,Kandanvilai S.O,8.2061,77.3264
629851,TN,Kanniyakumari,கன்னியாகுமரி,Thovala,1,yes,Azhakiapandipuram S.O,8.4400,77.4100
629852,TN,Kanniyakumari,கன்னியாகுமரி,Thovala,1,no,Bhoothapandy S.O,8.2700,77.4400
629901,TN,Kanniyakumari,கன்னியாகுமரி,Thovala,2,no,Thazhakudy S.O,8.2100,77.4500
630001,TN,Sivaganga,சிவகங்கை,,0,no,Karaikudi H.O,10.0717,78.7656
630002,TN,Sivaganga,சிவகங்கை,Karaikkudi,1,no,Karaikudi Southstreet S.O,10.0627,78.7724
630003,TN,Sivaganga,சிவகங்கை,Karaikkudi,1,no,Alagappapuram S.O,10.0780,78.7832
630005,TN,Sivaganga,சிவகங்கை,,0,no,Devakottai Road S.O,10.0381,78.7840
630101,TN,Sivaganga,சிவகங்கை,Karaikkudi,1,no,Attangudi S.O,10.1585,78.7255
630102,TN,Sivaganga,சிவகங்கை,,0,no,Chettinad S.O,10.1612,78.7764
630103,TN,Sivaganga,சிவகங்கை,Karaikkudi,1,no,Kanadukathan S.O,10.1851,78.7678
630104,TN,Sivaganga,சிவகங்கை,Karaikkudi,1,no,Kandanur S.O,10.1046,78.8217
630105,TN,Sivaganga,சிவகங்கை,Karaikkudi,1,no,Kothamangalam S.O (Sivaganga),10.1972,78.8077
630106,TN,Sivaganga,சிவகங்கை,Karaikkudi,1,no,Kottaiyur S.O,10.1104,78.8130
630107,TN,Sivaganga,சிவகங்கை,Karaikkudi,1,no,Pallattur S.O,10.1490,78.8019
630108,TN,Sivaganga,சிவகங்கை,Karaikkudi,2,no,Puduvayal S.O,10.0957,78.8544
630201,TN,Sivaganga,சிவகங்கை,Thiruppathur,1,no,A.Thekkur S.O,10.1891,78.5289
630202,TN,Sivaganga,சிவகங்கை,Karaikkudi,2,no,Ariyakudi S.O,10.0242,78.8221
630203,TN,Sivaganga,சிவகங்கை,Thiruppathur,1,no,Kandavarayanpatti So,10.1900,78.6000
630204,TN,Sivaganga,சிவகங்கை,Thiruppathur,1,no,Kandramanickam So,10.0500,78.6500
630205,TN,Sivaganga,சிவகங்கை,Thiruppathur,1,no,Kilasevalpatti S.O,10.2156,78.6463
630206,TN,Sivaganga,சிவகங்கை,Thiruppathur,1,no,Kunnakudi S.O,10.1167,78.6975
630207,TN,Sivaganga,சிவகங்கை,Thiruppathur,1,no,Nachiapuram S.O,10.0758,78.6580
630208,TN,Sivaganga,சிவகங்கை,Karaikkudi,1,no,O.Siruvayal S.O,10.1355,78.7233
630210,TN,Sivaganga,சிவகங்கை,Thiruppathur,1,no,Tirukoshtiyur So,10.0800,78.5400
630211,TN,Sivaganga,சிவகங்கை,Thiruppathur,2,no,Tirupattur So,10.1900,78.3600
630212,TN,Sivaganga,சிவகங்கை,Thiruppathur,1,no,Viramathi S.O,10.1808,78.6658
630301,TN,Sivaganga,சிவகங்கை,Karaikkudi,1,no,Amaravathipudur S.O,10.0219,78.7709
630302,TN,Sivaganga,சிவகங்கை,Devakottai,1,no,Devakottai H.O,9.9482,78.8166
630303,TN,Sivaganga,சிவகங்கை,Devakottai,1,no,Devakottai Extension S.O,9.9647,78.9479
630305,TN,Sivaganga,சிவகங்கை,Karaikkudi,3,no,Kallal So,10.1100,78.6600
630306,TN,Sivaganga,சிவகங்கை,Karaikkudi,1,no,Kallupatti S.O (Sivaganga),9.9790,78.7397
630307,TN,Sivaganga,சிவகங்கை,Karaikkudi,2,no,Managiri S.O,10.0817,78.7458
630309,TN,Sivaganga,சிவகங்கை,Singampunari,1,no,Pulidipatti S.O,10.3862,78.4619
630311,TN,Sivaganga,சிவகங்கை,Devakottai,2,no,Periyakarai S.O,9.9265,78.7244
630312,TN,Sivaganga,சிவகங்கை,Devakottai,2,yes,Puliyal S.O,9.8680,78.8896
630313,TN,Sivaganga,சிவகங்கை,Kalaiyarkoil,3,no,Sembanur So,10.0100,78.5800
630314,TN,Sivaganga,சிவகங்கை,Devakottai,2,no,Shanmuganathapuram S.O,9.9957,78.8188
630321,TN,Sivaganga,சிவகங்கை,Karaikkudi,1,no,Vethiyur So,9.8100,78.6800
630405,TN,Sivaganga,சிவகங்கை,Thiruppathur,1,no,Nerkuppai S.O,10.2383,78.5724
630408,TN,Sivaganga,சிவகங்கை,Devakottai,1,no,Tiruvegampet So,9.8000,78.7600
630410,TN,Sivaganga,சிவகங்கை,Singampunari,1,no,Ulagampatti S.O,10.3306,78.4563
630411,TN,Sivaganga,சிவகங்கை,Devakottai,1,no,Sarakeni So,9.8700,78.7300
630501,TN,Sivaganga,சிவகங்கை,Singampunari,1,no,Cvmangalam S.O,10.1449,78.4512
630502,TN,Sivaganga,சிவகங்கை,Singampunari,1,no,Singampunari S.O,10.2258,78.4179
630551,TN,Sivaganga,சிவகங்கை,Kalaiyarkoil,1,no,Kalayarkoil So,9.8500,78.6500
630552,TN,Sivaganga,சிவகங்கை,Sivaganga,1,no,Kilapungudi So,9.9300,78.4500
630553,TN,Sivaganga,சிவகங்கை,Sivaganga,2,no,Madagupatti So,10.0300,78.4700
630554,TN,Sivaganga,சிவகங்கை,Kalaiyarkoil,1,no,Mangalam So Sivaganga,9.7700,78.7100
630555,TN,Sivaganga,சிவகங்கை,Kalaiyarkoil,1,no,Natarajapuram So Sivaganga,9.9200,78.6400
630556,TN,Sivaganga,சிவகங்கை,Kalaiyarkoil,4,no,Nattarasankottai So,9.8200,78.7200
630557,TN,Sivaganga,சிவகங்கை,Sivaganga,1,no,Okkur So,9.9200,78.4900
630558,TN,Sivaganga,சிவகங்கை,Sivaganga,2,no,Paganeri So,9.8536,78.4874
630559,TN,Sivaganga,சிவகங்கை,Sivaganga,4,no,Periakottai So,9.8000,78.3900
630561,TN,Sivaganga,சிவகங்கை,Sivaganga,2,no,Sivaganga Ho,9.8488,78.4901
630562,TN,Sivaganga,சிவகங்கை,Sivaganga,4,no,Sivaganga Collectorate So,9.8400,78.3100
630566,TN,Sivaganga,சிவகங்கை,,0,no,Eriyur So,10.0300,78.5400
630602,TN,Sivaganga,சிவகங்கை,Manamadurai,2,no,Idaikattur So,9.7592,78.3886
630606,TN,Sivaganga,சிவகங்கை,Manamadurai,1,no,Manamadurai Ho,9.6800,78.4600
630609,TN,Sivaganga,சிவகங்கை,Manamadurai,1,no,Rajagambiram So,9.6800,78.3900
630610,TN,Sivaganga,சிவகங்கை,Thiruppuvanam,3,yes,Tiruppachetti So,9.6500,78.7500
630611,TN,Sivaganga,சிவகங்கை,Thiruppuvanam,3,yes,Tiruppuvanam So,9.6900,78.2300
630612,TN,Sivaganga,சிவகங்கை,Thiruppuvanam,2,no,Pottapalayam So,9.6967,78.4562
630702,TN,Sivaganga,சிவகங்கை,Ilayangudi,3,no,Ilayangudi So,9.6200,78.6600
630709,TN,Sivaganga,சிவகங்கை,Ilayangudi,3,no,Pudur Ilayangudi So,9.6700,78.6200
630710,TN,Sivaganga,சிவகங்கை,Ilayangudi,2,yes,Salaigramam So,9.6400,78.7800
630713,TN,Sivaganga,சிவகங்கை,Kalaiyarkoil,3,no,Suranam So,9.7000,78.7500
631001,TN,Ranipet,இராணிப்பேட்டை,Arakonam,2,no,Arakkonam Ho,13.0905,79.6541
631002,TN,Ranipet,இராணிப்பேட்டை,Arakonam,2,no,Palanipet So,13.0337,79.6488
631003,TN,Ranipet,இராணிப்பேட்டை,Arakonam,1,no,Jothinagar So,13.0827,79.6708
631004,TN,Ranipet,இராணிப்பேட்டை,Arakonam,1,no,Ekhunagar So,13.1108,79.6719
631005,TN,Ranipet,இராணிப்பேட்டை,,0,no,Winterpet So,12.9999,79.6185
631006,TN,Ranipet,இராணிப்பேட்டை,,0,no,Ins Rajali So,13.1413,79.7168
631051,TN,Ranipet,இராணிப்பேட்டை,Nemili,2,no,Namali So,12.9681,79.5863
631052,TN,Ranipet,இராணிப்பேட்டை,Nemili,2,no,Panapakkam So,12.9173,79.5830
631101,TN,Ranipet,இராணிப்பேட்டை,Arakonam,2,no,Guruvarajpet So,13.0827,79.6708
631102,TN,Ranipet,இராணிப்பேட்டை,Sholinghur,2,no,Sholingur So,13.1190,79.4786
631151,TN,Ranipet,இராணிப்பேட்டை,Arakonam,1,no,Takkolam So,13.0827,79.6708
631152,TN,Ranipet,இராணிப்பேட்டை,,0,no,Suraksha Cisf Campus So,12.9810,77.6830
631201,TN,Thiruvallur,திருவள்ளூர்,Tiruttani,1,no,Arungolam S.O,12.8270,79.6873
631202,TN,Thiruvallur,திருவள்ளூர்,Pallipattu,2,no,Athimanjeripeta S.O,13.1733,79.6168
631203,TN,Thiruvallur,திருவள்ளூர்,Thiruvallur,1,no,Kadambathur S.O,13.0815,79.8717
631204,TN,Thiruvallur,திருவள்ளூர்,Tiruttani,2,no,Kanakammachatram S.O,13.1435,79.8932
631205,TN,Thiruvallur,திருவள்ளூர்,Tiruttani,1,no,Kg Kandigai S.O,13.1067,79.9104
631206,TN,Thiruvallur,திருவள்ளூர்,Tiruttani,2,no,Madduru S.O,13.2286,79.5097
631207,TN,Thiruvallur,திருவள்ளூர்,Pallipattu,1,no,Pallipat S.O,13.3389,79.4428
631208,TN,Thiruvallur,திருவள்ளூர்,Pallipattu,1,no,Podaturpeta S.O,13.1381,79.8231
631209,TN,Thiruvallur,திருவள்ளூர்,Tiruttani,1,no,Tiruttani S.O,13.1733,79.6168
631210,TN,Thiruvallur,திருவள்ளூர்,Tiruttani,2,no,Tiruvelangadu S.O,13.0964,80.1483
631211,TN,Thiruvallur,திருவள்ளூர்,Tiruttani,1,no,Saraswathinagar S.O,13.1733,79.6168
631212,TN,Thiruvallur,திருவள்ளூர்,Tiruttani,1,no,Poonimangadu S.O,13.1733,79.6168
631213,TN,Thiruvallur,திருவள்ளூர்,Tiruttani,1,no,Ponpadi Rs S.O,13.1733,79.6168
631301,TN,Thiruvallur,திருவள்ளூர்,R K Pet,1,no,Ammavarikuppam S.O,13.1337,79.3551
631302,TN,Thiruvallur,திருவள்ளூர்,R K Pet,2,no,Erumbi S.O,13.1161,79.8716
631303,TN,Thiruvallur,திருவள்ளூர்,R K Pet,1,no,Ramakrishnarajupeta S.O,12.9999,79.6185
631304,TN,Thiruvallur,திருவள்ளூர்,R K Pet,1,no,Vanganur S.O,13.1733,79.6168
631402,TN,Thiruvallur,திருவள்ளூர்,Thiruvallur,1,no,Perambakkam S.O,13.0249,79.8263
631501,TN,Kanchipuram,காஞ்சிபுரம்,Kancheepuram,1,yes,Kanchipuram H.O,12.8428,79.7713
631502,TN,Kancheepuram,காஞ்சிபுரம்,Kancheepuram,2,yes,Big Kanchipuram S.O,12.8016,79.7116
631551,TN,Kancheepuram,காஞ்சிபுரம்,Kancheepuram,1,yes,Balchettychatram S.O,12.8342,79.7036
631552,TN,Kancheepuram,காஞ்சிபுரம்,Kancheepuram,1,yes,Karaipettai S.O,12.8342,79.7036
631553,TN,Kancheepuram,காஞ்சிபுரம்,Sriperumbudur,2,yes,Edayarpakkam S.O,12.9675,79.9418
631561,TN,Kancheepuram,காஞ்சிபுரம்,Kancheepuram,3,yes,Enathur S.O,12.8342,79.7036
631601,TN,Kancheepuram,காஞ்சிபுரம்,Walajabad,2,yes,Ayyampettai S.O,12.8342,79.7036
631603,TN,Kancheepuram,காஞ்சிபுரம்,Uthiramerur,2,yes,Magaral S.O,12.8342,79.7036
631604,TN,Kancheepuram,காஞ்சிபுரம்,Walajabad,2,yes,Thenneri S.O,12.8522,79.8747
631605,TN,Kancheepuram,காஞ்சிபுரம்,Walajabad,1,yes,Walajabad S.O,12.8342,79.7036
631606,TN,Kancheepuram,காஞ்சிபுரம்,Uthiramerur,2,yes,Palayaseevaram S.O,12.5102,79.8849
631701,TN,Tiruvannamalai,திருவண்ணாமலை,Cheyyar,2,no,Akkur So Tiruvannamalai,12.9623,80.1986
631702,TN,Tiruvannamalai,திருவண்ணாமலை,Vembakkam,2,no,Mamandur Kanchipuram So,12.7752,79.6805
632001,TN,Vellore,வேலூர்,Vellore,1,no,Vellore H.O,12.9111,79.1338
632002,TN,Vellore,வேலூர்,Vellore,2,no,Thorapadi S.O,12.8924,79.1256
632004,TN,Vellore,வேலூர்,Vellore,1,no,Bakiyath S.O,12.9134,79.7634
632006,TN,Vellore,வேலூர்,Katpadi,1,no,Gandhinagar West S.O,12.9521,79.1340
632007,TN,Vellore,வேலூர்,Katpadi,3,no,Katpadi North S.O,13.0053,79.1640
632008,TN,Vellore,வேலூர்,Vellore,1,no,Shenbakkam S.O,12.9297,79.7628
632009,TN,Vellore,வேலூர்,Vellore,1,no,Vellore Collectorate S.O,12.9201,79.1281
632010,TN,Vellore,வேலூர்,Vellore,1,no,Abdullapuram S.O,12.9235,79.0964
632011,TN,Vellore,வேலூர்,Vellore,1,no,T.B. Sanatorium S.O,12.8124,79.1297
632012,TN,Vellore,வேலூர்,Vellore,1,no,Saidapet S.O (Vellore),12.9156,79.1320
632013,TN,Vellore,வேலூர்,Vellore,1,no,Konavattam S.O,12.9496,79.7663
632014,TN,Vellore,வேலூர்,Katpadi,1,no,Vellore Institute Of Technology S.O,12.9697,79.1545
632055,TN,Vellore,வேலூர்,Vellore,2,no,Ariyur S.O (Vellore),12.8682,79.0882
632057,TN,Vellore,வேலூர்,Vellore,1,no,Munjurpattu S.O,13.3771,79.2963
632058,TN,Vellore,வேலூர்,Vellore,1,no,Pennathur S.O,12.8480,79.0947
632059,TN,Vellore,வேலூர்,Katpadi,1,no,Tamilnadu Industrial Explosives Ltd,13.0076,79.1286
632101,TN,Vellore,வேலூர்,Anaicut,3,no,Anaikattu S.O,12.8607,78.9869
632102,TN,Vellore,வேலூர்,Vellore,2,yes,Kaniyambadi S.O,12.6763,78.9881
632103,TN,Vellore,வேலூர்,Anaicut,2,yes,Odugathur S.O,12.7599,78.8739
632104,TN,Vellore,வேலூர்,Anaicut,4,no,Virinjipuram S.O,12.9228,78.9993
632105,TN,Vellore,வேலூர்,Anaicut,1,no,Ussoor S.O,12.8784,79.0528
632106,TN,Vellore,வேலூர்,Katpadi,1,no,S.L.R. Sanatorium S.O,13.0171,79.2102
632107,TN,Vellore,வேலூர்,Anaicut,1,no,Guruvarajapalayam S.O,12.9065,79.3954
632113,TN,Vellore,வேலூர்,Vellore,2,no,Cholavaram S.O,12.7784,79.0342
632114,TN,Vellore,வேலூர்,Anaicut,1,no,Sathyamangalam (Vellore)S.O,12.8948,79.0500
632115,TN,Vellore,வேலூர்,,0,no,Thiruvalluvar University S.O,12.9156,79.1320
632201,TN,Vellore,வேலூர்,K V Kuppam,1,no,Kilvayathinankuppam S.O,12.9722,78.9768
632202,TN,Vellore,வேலூர்,K V Kuppam,2,no,Latteri S.O,13.0271,79.0381
632203,TN,Vellore,வேலூர்,K V Kuppam,1,no,Melmayil S.O,13.0091,78.9880
632204,TN,Vellore,வேலூர்,K V Kuppam,1,no,Vaduganthangal S.O,12.9428,79.0147
632209,TN,Vellore,வேலூர்,K V Kuppam,2,no,Ruhsa Campus S.O,12.9822,78.9656
632301,TN,Tiruvannamalai,திருவண்ணாமலை,Arani,1,no,Arni Ho,12.6696,79.2854
632311,TN,Tiruvannamalai,திருவண்ணாமலை,Arani,3,yes,Kannamangalam So,13.1090,79.6262
632312,TN,Vellore,வேலூர்,Vellore,2,yes,Kattukanur So,12.2352,79.0766
632313,TN,Tiruvannamalai,திருவண்ணாமலை,Chetpet,2,no,Kolappalur So Tiruvannamalai,12.7290,79.6059
632314,TN,Tiruvannamalai,திருவண்ணாமலை,Arani,1,no,Kunnathur Arni So,12.7290,79.6059
632315,TN,Tiruvannamalai,திருவண்ணாமலை,Arani,2,no,Onnupuram So,12.7209,79.1815
632316,TN,Tiruvannamalai,திருவண்ணாமலை,Arani,3,no,Chevur So,12.7290,79.6059
632317,TN,Tiruvannamalai,திருவண்ணாமலை,Arani,1,no,Sathiyaviziyanagaram So,12.5667,79.7072
632318,TN,Ranipet,இராணிப்பேட்டை,Kalavai,1,no,Valapandal So,12.9045,79.3191
632319,TN,Vellore,வேலூர்,Vellore,1,no,Kammavanpettai So,12.7732,79.1842
632326,TN,Tiruvannamalai,திருவண்ணாமலை,Arani,2,no,Susainagar So,12.2352,79.0766
632401,TN,Ranipet,இராணிப்பேட்டை,Nemili,1,no,Ranipet Ho,12.9283,79.3325
632403,TN,Ranipet,இராணிப்பேட்டை,,0,no,Ranipet Industrial Estate So,12.9460,79.3470
632404,TN,Ranipet,இராணிப்பேட்டை,Wallajah,1,no,Karai So,12.9269,79.3532
632405,TN,Ranipet,இராணிப்பேட்டை,Wallajah,1,no,Mukundarayapuram So,12.9250,79.3668
632406,TN,Ranipet,இராணிப்பேட்டை,,0,no,Bhel Ranipet So,12.9156,79.1320
632501,TN,Ranipet,இராணிப்பேட்டை,Sholinghur,2,no,Ammoor So,12.9250,79.3668
632502,TN,Ranipet,இராணிப்பேட்டை,Nemili,2,no,Anvardhikhanpet So,13.0827,79.6708
632503,TN,Ranipet,இராணிப்பேட்டை,Arcot,2,no,Arcot So,12.9020,79.3243
632504,TN,Ranipet,இராணிப்பேட்டை,Arcot,2,no,Damarapakkam So,12.9045,79.3191
632505,TN,Ranipet,இராணிப்பேட்டை,Sholinghur,2,no,Banavaram So,13.0090,79.4925
632506,TN,Ranipet,இராணிப்பேட்டை,Kalavai,4,yes,Kalavai So,12.7509,79.4204
632507,TN,Ranipet,இராணிப்பேட்டை,Kalavai,4,yes,Kavanur So,12.9045,79.3191
632508,TN,Ranipet,இராணிப்பேட்டை,Nemili,2,no,Kaveripak So,12.9130,79.3545
632509,TN,Ranipet,இராணிப்பேட்டை,Sholinghur,2,no,Hakeemnagar So,12.9115,79.2726
632510,TN,Ranipet,இராணிப்பேட்டை,Sholinghur,2,no,Minnal So,13.0827,79.6708
632511,TN,Tiruvannamalai,திருவண்ணாமலை,Vembakkam,2,yes,Sakkaramallur So,12.6590,79.5430
632512,TN,Ranipet,இராணிப்பேட்டை,Arcot,3,yes,Timiri So,12.8296,79.3243
632513,TN,Ranipet,இராணிப்பேட்டை,Wallajah,4,yes,Walajapet So,12.9250,79.3668
632514,TN,Vellore,வேலூர்,Katpadi,2,yes,Ponnai So,13.1381,79.2524
632515,TN,Vellore,வேலூர்,Katpadi,2,yes,Tiruvalam So,13.0059,79.2079
632516,TN,Vellore,வேலூர்,Katpadi,1,yes,Vennampalle So,12.9776,79.2565
632517,TN,Ranipet,இராணிப்பேட்டை,Wallajah,1,no,Ratnagiri Kilminnal So,12.9240,79.3923
632518,TN,Ranipet,இராணிப்பேட்டை,Kalavai,2,yes,Pennagar So,12.9020,79.3567
632519,TN,Vellore,வேலூர்,Katpadi,2,no,Vellore Sugar Mills So,12.8925,79.2112
632520,TN,Vellore,வேலூர்,Katpadi,3,yes,Melpadi So,13.0454,79.2593
632521,TN,Ranipet,இராணிப்பேட்டை,Arcot,1,no,Vilapakkam So,12.8924,79.2113
632531,TN,Ranipet,இராணிப்பேட்டை,Nemili,1,no,Ocheri So,12.9304,79.5152
632601,TN,Vellore,வேலூர்,Gudiyatham,1,no,Dharanampet S.O,13.0009,78.9038
632602,TN,Vellore,வேலூர்,Gudiyatham,1,no,Gudiyattam H.O,12.9502,78.8804
632603,TN,Vellore,வேலூர்,Gudiyatham,2,yes,Paradarami S.O,13.0500,78.9141
632604,TN,Vellore,வேலூர்,Gudiyatham,2,no,Erthangal S.O,13.0340,78.7857
635001,TN,Krishnagiri,கிருஷ்ணகிரி,Krishnagiri,1,no,Krishnagiri H.O,12.5247,78.1978
635002,TN,Krishnagiri,கிருஷ்ணகிரி,Krishnagiri,1,no,Krishnagiri Indl. Estate S.O,12.5186,78.2137
635101,TN,Krishnagiri,கிருஷ்ணகிரி,Krishnagiri,1,no,Krishnagiri Project S.O,12.5186,78.2137
635102,TN,Krishnagiri,கிருஷ்ணகிரி,Anchetty,2,no,Anchetty S.O,12.5275,78.2162
635103,TN,Krishnagiri,கிருஷ்ணகிரி,Hosur,3,no,Bagalur S.O (Krishnagiri),12.8236,77.8676
635104,TN,Krishnagiri,கிருஷ்ணகிரி,Bargur,2,no,Barugur S.O,12.5186,78.2137
635105,TN,Krishnagiri,கிருஷ்ணகிரி,Shoolagiri,3,no,Berigai S.O,12.8207,78.0215
635106,TN,Dharmapuri,தர்மபுரி,Krishnagiri,3,yes,Chaparthi S.O,12.5186,78.2137
635107,TN,Krishnagiri,கிருஷ்ணகிரி,Denkanikottai,2,no,Denkanikotta S.O,12.6804,78.0752
635108,TN,Krishnagiri,கிருஷ்ணகிரி,Bargur,2,no,Elathagiri S.O,12.5186,78.2137
635109,TN,Krishnagiri,கிருஷ்ணகிரி,Hosur,2,no,Hosur S.O (Dharmapuri),12.7409,77.8253
635110,TN,Krishnagiri,கிருஷ்ணகிரி,Hosur,2,no,Hosur Cattle Farm S.O,12.6747,77.8267
635111,TN,Dharmapuri,தர்மபுரி,Karimangalam,2,yes,Karimangalam S.O,12.3106,12.3106
635112,TN,Krishnagiri,கிருஷ்ணகிரி,Krishnagiri,1,no,Kaveripattinam S.O (Krishnagiri),12.4145,78.2396
635113,TN,Krishnagiri,கிருஷ்ணகிரி,Denkanikottai,2,no,Kelamangalam S.O,12.5907,77.8295
635114,TN,Krishnagiri,கிருஷ்ணகிரி,Denkanikottai,2,no,Mathagondapalli S.O,12.5275,78.2162
635115,TN,Krishnagiri,கிருஷ்ணகிரி,Krishnagiri,2,no,Ramapuram S.O (Dharmapuri),13.0338,80.1807
635116,TN,Krishnagiri,கிருஷ்ணகிரி,Denkanikottai,2,yes,Royakottah S.O,12.5121,78.0265
635117,TN,Krishnagiri,கிருஷ்ணகிரி,Shoolagiri,3,no,Shoolagiri S.O,12.7330,77.8301
635118,TN,Krishnagiri,கிருஷ்ணகிரி,Denkanikottai,3,no,Thally S.O,12.5498,77.6606
635119,TN,Krishnagiri,கிருஷ்ணகிரி,Shoolagiri,1,no,Uddanapalli S.O,12.7330,77.8302
635120,TN,Krishnagiri,கிருஷ்ணகிரி,Bargur,2,no,Varattanapalli S.O,12.5186,78.2137
635121,TN,Krishnagiri,கிருஷ்ணகிரி,Krishnagiri,1,no,Veppanapalli S.O,12.7229,78.1655
635122,TN,Krishnagiri,கிருஷ்ணகிரி,Krishnagiri,1,no,Alapatti S.O,12.5186,78.2137
635123,TN,Krishnagiri,கிருஷ்ணகிரி,Pochampalli,3,yes,Pannandur S.O,12.3399,78.2785
635124,TN,Krishnagiri,கிருஷ்ணகிரி,Hosur,1,no,Belathur S.O,12.5275,78.2162
635126,TN,Krishnagiri,கிருஷ்ணகிரி,Hosur,1,no,Hosur Indl. Complex S.O,12.7609,77.7969
635130,TN,Krishnagiri,கிருஷ்ணகிரி,Shoolagiri,2,no,Kumudepalli So,12.7330,77.8301
635201,TN,Krishnagiri,கிருஷ்ணகிரி,Pochampalli,2,yes,Barur S.O,12.1274,78.1580
635202,TN,Dharmapuri,தர்மபுரி,Karimangalam,4,no,Kambainallore S.O,12.2095,78.3109
635203,TN,Krishnagiri,கிருஷ்ணகிரி,Pochampalli,4,no,Mathur S.O (Dharmapuri),12.5310,78.2034
635204,TN,Krishnagiri,கிருஷ்ணகிரி,Krishnagiri,3,no,Nagarasampatti S.O,12.2717,78.6343
635205,TN,Dharmapuri,தர்மபுரி,Karimangalam,1,no,Periyanahalli S.O,12.1274,78.1580
635206,TN,Krishnagiri,கிருஷ்ணகிரி,Pochampalli,3,no,Pochampalli S.O (Krishnagiri),12.5310,78.2035
635207,TN,Krishnagiri,கிருஷ்ணகிரி,Uthangarai,2,no,Uttangarai S.O,12.2602,78.4882
635301,TN,Dharmapuri,தர்மபுரி,Pappireddipatti,2,no,Bommidi S.O,11.9136,78.3657
635302,TN,Dharmapuri,தர்மபுரி,Pappireddipatti,1,no,Buddireddipatti S.O,12.0336,78.2977
635303,TN,Dharmapuri,தர்மபுரி,Pappireddipatti,1,no,Kadathur S.O,12.1091,78.2945
635304,TN,Krishnagiri,கிருஷ்ணகிரி,Uthangarai,1,yes,Kallavi S.O,12.2193,78.4689
635305,TN,Dharmapuri,தர்மபுரி,Harur,2,no,Morappur S.O,12.0514,78.4803
635306,TN,Krishnagiri,கிருஷ்ணகிரி,Uthangarai,2,no,Samalpatti R.S S.O,12.2390,78.5151
635307,TN,Krishnagiri,கிருஷ்ணகிரி,Uthangarai,1,no,Singarapettai S.O,12.2508,78.6331
635601,TN,Tirupathur,திருப்பத்தூர்,Tirupathur,1,no,Tirupattur H.O,12.4921,78.5624
635602,TN,Tirupathur,திருப்பத்தூர்,Tirupathur,1,no,Tirupattur Bazaar S.O,12.5142,78.5855
635651,TN,Tirupathur,திருப்பத்தூர்,Natrampalli,2,no,Pudupettai S.O,12.5016,78.4995
635652,TN,Tirupathur,திருப்பத்தூர்,Tirupathur,1,no,Vishamangalam S.O,12.3807,78.5929
635653,TN,Tirupathur,திருப்பத்தூர்,Tirupathur,1,no,Vengalapuram S.O,12.4847,78.6088
635654,TN,Tirupathur,திருப்பத்தூர்,Tirupathur,2,no,Sundarampalli S.O,12.4263,78.4733
635655,TN,Tirupathur,திருப்பத்தூர்,Tirupathur,1,no,Matrapalli S.O,12.3694,78.6968
635701,TN,Tirupathur,திருப்பத்தூர்,Vaniyambadi,2,no,Alangayam S.O,12.6096,78.7336
635702,TN,Tirupathur,திருப்பத்தூர்,Tirupathur,2,no,Andiappanur S.O,12.5099,78.6534
635703,TN,Tiruvannamalai,திருவண்ணாமலை,Jamunamarathoor,4,yes,Jamanamarathur S.O,12.5530,78.9167
635710,TN,Tirupathur,திருப்பத்தூர்,Tirupathur,2,no,Mittur S.O,12.5704,78.7056
635751,TN,Tirupathur,திருப்பத்தூர்,Vaniyambadi,3,yes,Khaderpet S.O,12.6993,78.6393
635752,TN,Tirupathur,திருப்பத்தூர்,Ambur,2,no,Newtown Vaniyambadi S.O,12.6476,78.6711
635754,TN,Tirupathur,திருப்பத்தூர்,Vaniyambadi,2,no,Jaffarabad S.O,12.7141,78.6158
635801,TN,Tirupathur,திருப்பத்தூர்,Vaniyambadi,2,no,Ambalur S.O,12.6924,78.5291
635802,TN,Tirupathur,திருப்பத்தூர்,Ambur,3,yes,Ambur S.O,12.7525,78.6641
635803,TN,Vellore,வேலூர்,Gudiyatham,3,no,Gudiyattam Rs S.O,12.9577,78.9223
635804,TN,Vellore,வேலூர்,Anaicut,3,yes,Madanur S.O,12.8497,78.8978
635805,TN,Vellore,வேலூர்,Pernambut,3,yes,Mailpatti S.O,12.8874,78.7624
635806,TN,Vellore,வேலூர்,Gudiyatham,2,no,Melalathur S.O,12.9138,78.8756
635807,TN,Tirupathur,திருப்பத்தூர்,Ambur,1,no,Minnur S.O,12.7418,78.6925
635808,TN,Tirupathur,திருப்பத்தூர்,Ambur,2,yes,Oomerabad S.O,12.8729,78.7055
635809,TN,Vellore,வேலூர்,Anaicut,4,no,Pallikonda S.O,12.9153,78.9737
635810,TN,Vellore,வேலூர்,Pernambut,2,no,Pernambut S.O,13.0086,78.6796
635811,TN,Tirupathur,திருப்பத்தூர்,Ambur,1,no,Thuthipattu S.O,12.7781,78.6603
635812,TN,Tirupathur,திருப்பத்தூர்,Ambur,1,no,Vadapudupet S.O,12.8444,78.7824
635813,TN,Vellore,வேலூர்,Gudiyatham,2,no,Valathoor S.O,12.8888,78.8410
635814,TN,Tirupathur,திருப்பத்தூர்,Ambur,2,yes,Shanankuppam S.O,12.7548,78.6959
635815,TN,Tirupathur,திருப்பத்தூர்,Natrampalli,1,no,Kethandapatti Sugar Mills S.O,12.6208,78.5643
635851,TN,Tirupathur,திருப்பத்தூர்,Tirupathur,3,no,Jolarpettai S.O,12.6077,78.6057
635852,TN,Tirupathur,திருப்பத்தூர்,Natrampalli,2,no,Natrampalli S.O,12.5657,78.5210
635853,TN,Tirupathur,திருப்பத்தூர்,Tirupathur,1,no,Pakkirithakka S.O,12.5864,78.6324
635854,TN,Tirupathur,திருப்பத்தூர்,Natrampalli,2,no,Pachur S.O,12.5480,78.4687
635901,TN,Tirupathur,திருப்பத்தூர்,Tirupathur,1,no,Kandili S.O,12.4948,78.4873
636001,TN,Salem,சேலம்,,0,no,Salem H.O,11.6542,78.1596
636002,TN,Salem,சேலம்,,0,no,Shevapet S.O,11.6530,78.1415
636003,TN,Salem,சேலம்,,0,no,Ammapettai Salem S.O,11.6591,78.1814
636004,TN,Salem,சேலம்,,0,no,Alagapuram S.O,11.6740,78.1341
636005,TN,Salem,சேலம்,Salem West,1,no,Suramangalam H.O,11.6717,78.1092
636006,TN,Salem,சேலம்,,0,no,Gugai S.O,11.6409,78.1576
636007,TN,Salem,சேலம்,,0,no,Salem Dt. Court Buildings S.O,11.6784,78.1614
636008,TN,Salem,சேலம்,Salem,1,no,Kannankurichi S.O,11.6969,78.1772
636009,TN,Salem,சேலம்,,0,no,Arisipalayam S.O,11.6623,78.1399
636010,TN,Salem,சேலம்,Salem South,3,no,Kondalampatti S.O,11.6358,78.1362
636011,TN,Salem,சேலம்,Omalur,1,no,Periyar University S.O,11.7096,78.0835
636012,TN,Salem,சேலம்,Omalur,3,no,Karuppur S.O,11.7752,78.1199
636013,TN,Salem,சேலம்,Omalur,2,no,Salem Steel Plant S.O,11.6661,78.0350
636014,TN,Salem,சேலம்,,0,no,Kamaraj Nagar Colony S.O,11.6621,78.1977
636015,TN,Salem,சேலம்,Salem,1,no,Narayananagar S.O,11.6311,78.1696
636016,TN,Salem,சேலம்,,0,no,Fairlands S.O,11.6772,78.1455
636017,TN,Salem,சேலம்,,0,no,Allikuttai S.O,11.6706,78.2132
636030,TN,Salem,சேலம்,Salem West,1,no,Mohan Nagar S.O (Salem),11.6721,78.0793
636101,TN,Salem,சேலம்,Thalaivasal,1,no,Aragalur S.O,11.5071,78.7974
636102,TN,Salem,சேலம்,Attur,1,no,Atur H.O,11.5986,78.6019
636103,TN,Salem,சேலம்,Vazhapadi,2,no,Ayodhiyapattinam S.O,11.6706,78.2301
636104,TN,Salem,சேலம்,Vazhapadi,4,yes,Belur S.O (Salem),11.8003,78.3753
636105,TN,Salem,சேலம்,Gangavalli,3,no,Gangavalli S.O,11.4526,78.6406
636106,TN,Salem,சேலம்,Vazhapadi,1,no,Karipatti S.O,11.6740,78.2948
636107,TN,Salem,சேலம்,Attur,2,no,Malliakarai S.O,11.5980,78.4612
636108,TN,Salem,சேலம்,Attur,2,no,Narasingapuram S.O (Salem),11.6090,78.5342
636109,TN,Salem,சேலம்,Pethanaickanpalayam,2,no,Pethanaickenpalayam S.O,11.6486,78.5075
636110,TN,Salem,சேலம்,Gangavalli,1,no,Sendarapatti S.O,11.4465,78.5532
636111,TN,Salem,சேலம்,Vazhapadi,1,no,Seshanchavadi S.O,11.6743,78.3083
636112,TN,Salem,சேலம்,Thalaivasal,2,yes,Talaivasal S.O,11.6328,78.7666
636113,TN,Salem,சேலம்,Gangavalli,2,yes,Thammampatti S.O,11.4467,78.4652
636114,TN,Salem,சேலம்,Attur,3,yes,Thumbal S.O,11.7805,78.5594
636115,TN,Salem,சேலம்,Vazhapadi,2,no,Valapady S.O,11.6812,78.4002
636116,TN,Salem,சேலம்,Thalaivasal,2,no,Viraganur S.O,11.5222,78.7414
636117,TN,Salem,சேலம்,Pethanaickanpalayam,1,no,Yethapur S.O,11.6774,78.4541
636118,TN,Namakkal,நாமக்கல்,Rasipuram,2,yes,Ulipuram S.O,11.4918,78.4072
636119,TN,Salem,சேலம்,Pethanaickanpalayam,1,no,Puthiragoundampalayam S.O,11.6447,78.4923
636121,TN,Salem,சேலம்,Thalaivasal,2,no,Vadachennimalai S.O,11.5962,78.7132
636122,TN,Salem,சேலம்,Salem,1,no,Sukkampatti S.O,11.7018,78.2431
636138,TN,Salem,சேலம்,Pethanaickanpalayam,2,no,Karumanthurai S.O,11.8115,78.6633
636139,TN,Salem,சேலம்,Vazhapadi,1,no,Koottathupatti S.O,11.7237,78.3338
636140,TN,Salem,சேலம்,Salem,1,no,Odayapatti S.O,11.6586,78.2140
636141,TN,Salem,சேலம்,Attur,1,no,Pudupet S.O(Atur),11.5996,78.6393
636142,TN,Namakkal,நாமக்கல்,Rasipuram,1,no,Mullukurichi S.O,11.4520,78.3803
636201,TN,Salem,சேலம்,Salem,1,no,Dasanaickenpatti S.O,11.6038,78.1343
636202,TN,Namakkal,நாமக்கல்,Rasipuram,3,yes,Mangalapuram S.O,11.5474,78.4483
636203,TN,Salem,சேலம்,Salem,3,yes,Mullur S.O,11.5599,78.1094
636204,TN,Salem,சேலம்,Salem,2,no,Panamarathupatti S.O,11.5696,78.1636
636301,TN,Namakkal,நாமக்கல்,Rasipuram,1,no,Attanur S.O,11.5255,78.1628
636302,TN,Salem,சேலம்,Salem West,2,no,Jagir Ammapalayam S.O,11.6859,78.1138
636303,TN,Salem,சேலம்,Mettur,1,no,Kolathur (Salem)S.O,11.7378,77.7424
636304,TN,Salem,சேலம்,Omalur,1,no,Muthunaickenpatti S.O,11.7267,78.0210
636305,TN,Salem,சேலம்,Kadayampatti,2,no,Pannapatti S.O,11.8338,78.0920
636306,TN,Salem,சேலம்,Omalur,2,no,Sinnappampatti S.O,11.6466,77.9021
636307,TN,Salem,சேலம்,Salem West,1,no,Sivadapuram S.O,11.6573,78.1192
636308,TN,Salem,சேலம்,Salem South,2,no,Veerapandi Salem S.O,11.5605,78.0706
636309,TN,Salem,சேலம்,Kadayampatti,2,no,Kamalapuram S.O (Salem),11.7882,78.0478
636351,TN,Salem,சேலம்,Kadayampatti,2,no,Kadayampatti S.O,11.8967,78.1197
636352,TN,Dharmapuri,தர்மபுரி,Dharmapuri,3,yes,Thoppur S.O,11.9353,78.4898
636354,TN,Salem,சேலம்,Yercaud,3,no,Danishpet S.O,11.9274,78.1826
636401,TN,Salem,சேலம்,,0,no,Metturdam S.O,11.7892,77.8010
636402,TN,Salem,சேலம்,,0,no,Metturdam Rs S.O,11.8052,77.8226
636403,TN,Salem,சேலம்,Mettur,1,no,Raman Nagar S.O,11.8039,77.8315
636404,TN,Salem,சேலம்,Mettur,1,no,Gonur S.O,11.8503,77.8777
636406,TN,Salem,சேலம்,,0,no,Mettur Thermal Project S.O,11.7726,77.8101
636451,TN,Salem,சேலம்,Mettur,1,no,Chamrajpet S.O (Salem),11.8426,77.9478
636452,TN,Salem,சேலம்,Mettur,1,no,Madayankuttai S.O,11.8084,77.7859
636453,TN,Salem,சேலம்,Mettur,1,no,Mecheri S.O,11.8276,77.9330
636454,TN,Salem,சேலம்,Mettur,1,no,Nangavalli S.O,11.7734,77.9096
636455,TN,Salem,சேலம்,Omalur,1,no,Omalur Cutcherry S.O,11.7778,78.0133
636456,TN,Salem,சேலம்,,0,no,Salem Camp S.O,11.7952,77.8152
636457,TN,Salem,சேலம்,Mettur,1,no,Vanavasi S.O,11.7517,77.8804
636458,TN,Salem,சேலம்,Mettur,1,no,Mallikundam S.O,11.8976,77.8816
636501,TN,Salem,சேலம்,Mettur,3,no,Jalakantapuram S.O,11.7086,77.8719
636502,TN,Salem,சேலம்,Omalur,2,no,Tharamangalam S.O,11.7448,77.9304
636503,TN,Salem,சேலம்,Omalur,2,no,Tholasampatti S.O,11.7352,77.9669
636601,TN,Salem,சேலம்,Yercaud,1,no,Yercaud S.O,11.8403,78.2960
636602,TN,Salem,சேலம்,Yercaud,1,no,Ondikadai S.O,11.7933,78.2207
636701,TN,Dharmapuri,தர்மபுரி,Dharmapuri,1,no,Dharmapuri H.O,12.1400,78.1600
636704,TN,Dharmapuri,தர்மபுரி,Dharmapuri,1,no,Annasagaram S.O,12.1274,78.1580
636705,TN,Dharmapuri,தர்மபுரி,Dharmapuri,2,no,Vennampatti H.B S.O,12.1200,78.2000
636803,TN,Dharmapuri,தர்மபுரி,Nallampalli,2,no,Indur S.O,12.0484,78.4830
636804,TN,Dharmapuri,தர்மபுரி,Nallampalli,2,no,Laligam S.O,12.1274,78.1580
636805,TN,Dharmapuri,தர்மபுரி,Palakkodu,1,no,Mallupatti S.O,12.3054,78.0704
636806,TN,Dharmapuri,தர்மபுரி,Palakkodu,2,yes,Marandahalli S.O,12.3893,77.9845
636807,TN,Dharmapuri,தர்மபுரி,Nallampalli,1,no,Nallampalli S.O,12.1274,78.1580
636808,TN,Dharmapuri,தர்மபுரி,Palakkodu,3,no,Palacode S.O,12.3169,78.0104
636809,TN,Dharmapuri,தர்மபுரி,Palakkodu,4,no,Paupparapatti S.O,12.1326,77.8956
636810,TN,Dharmapuri,தர்மபுரி,Pennagaram,1,no,Pennagaram S.O,12.0325,77.8147
636811,TN,Dharmapuri,தர்மபுரி,Pennagaram,1,no,Perumbalai S.O,11.9809,77.9200
636812,TN,Krishnagiri,கிருஷ்ணகிரி,,0,no,Thumjepalli B.O,12.3054,78.0704
636813,TN,Dharmapuri,தர்மபுரி,Pennagaram,2,no,Biliyanur Agraharam S.O,12.1326,77.8956
636902,TN,Dharmapuri,தர்மபுரி,Harur,2,yes,Eachambadi S.O,11.8700,78.3800
636903,TN,Dharmapuri,தர்மபுரி,Harur,2,no,Harur S.O,12.0336,78.4882
636904,TN,Dharmapuri,தர்மபுரி,Pappireddipatti,1,no,Menisi S.O,11.9182,78.3646
636905,TN,Dharmapuri,தர்மபுரி,Pappireddipatti,2,yes,Pappireddipatti S.O,11.9832,78.4107
636906,TN,Dharmapuri,தர்மபுரி,Harur,1,no,Tirtamalai S.O,12.0513,78.4803
636907,TN,Dharmapuri,தர்மபுரி,Harur,1,no,Naripalli So,11.9248,78.6809
637001,TN,Namakkal,நாமக்கல்,Namakkal,1,no,Namakkal H.O,11.2281,78.1683
637002,TN,Namakkal,நாமக்கல்,Namakkal,3,no,Ganesapuram S.O,11.1849,78.1693
637003,TN,Namakkal,நாமக்கல்,Namakkal,2,no,Nallipalayam S.O,11.2188,78.1163
637013,TN,Namakkal,நாமக்கல்,Sendamangalam,2,no,Erampatti S.O,11.1311,78.2682
637014,TN,Namakkal,நாமக்கல்,Namakkal,1,no,Karaikurichi S.O (Namakkal),11.3506,78.1520
637015,TN,Namakkal,நாமக்கல்,Mohanur,1,no,Mohanur S.O,11.1007,78.1328
637017,TN,Namakkal,நாமக்கல்,Mohanur,1,no,Palapatti S.O,11.1446,78.1218
637018,TN,Namakkal,நாமக்கல்,Tiruchengode,2,no,Puduchatram S.O,11.3479,78.1245
637019,TN,Namakkal,நாமக்கல்,Namakkal,1,no,Sellappampatti S.O,11.3424,78.1218
637020,TN,Namakkal,நாமக்கல்,Mohanur,3,yes,Valayapatti S.O (Namakkal),11.0859,78.1954
637021,TN,Namakkal,நாமக்கல்,Sendamangalam,1,no,Varagur S.O,11.1538,78.3764
637101,TN,Salem,சேலம்,Edappadi,1,no,Idappadi S.O,11.5809,77.8193
637102,TN,Salem,சேலம்,Sankari,2,no,Konganapuram S.O,11.5629,77.9168
637103,TN,Salem,சேலம்,,0,no,Mc Donalds Choultry S.O,11.5336,77.9582
637104,TN,Salem,சேலம்,,0,no,Thevur S.O (Namakkal),11.5418,77.7321
637105,TN,Salem,சேலம்,Sankari,1,no,Vellandivalasai S.O,11.6857,77.8971
637107,TN,Salem,சேலம்,Edappadi,1,no,Poolampatti S.O,11.6554,77.7646
637201,TN,Namakkal,நாமக்கல்,Paramathi-Velur,2,no,Chittalandur S.O,11.3022,77.9774
637202,TN,Namakkal,நாமக்கல்,Tiruchengode,1,no,Elachipalayam S.O,11.3077,78.0059
637203,TN,Namakkal,நாமக்கல்,Paramathi-Velur,1,no,Kandampalayam S.O,11.2529,77.9578
637204,TN,Namakkal,நாமக்கல்,Paramathi-Velur,1,no,Kapilamalai S.O,11.1454,77.9664
637205,TN,Namakkal,நாமக்கல்,Tiruchengode,1,no,Kumaramangalam S.O,11.3946,77.9451
637206,TN,Namakkal,நாமக்கல்,Paramathi-Velur,1,no,Nadandai S.O,11.2074,77.9647
637207,TN,Namakkal,நாமக்கல்,Paramathi-Velur,2,no,Paramathi S.O,11.2158,78.1062
637208,TN,Namakkal,நாமக்கல்,Paramathi-Velur,1,no,Paundamangalam S.O,11.1389,77.9305
637209,TN,Namakkal,நாமக்கல்,Tiruchengode,2,no,Seetharamapalayam S.O,11.4176,77.9354
637210,TN,Namakkal,நாமக்கல்,Paramathi-Velur,2,no,Solasiramani S.O,11.3028,77.7972
637211,TN,Namakkal,நாமக்கல்,Tiruchengode,1,no,Tiruchengodu H.O,11.3690,77.8892
637212,TN,Namakkal,நாமக்கல்,Tiruchengode,3,no,Velagoundampatti S.O,11.2993,78.1045
637213,TN,Namakkal,நாமக்கல்,Paramathi-Velur,1,no,Jedarpalayam S.O,11.2040,77.8699
637214,TN,Namakkal,நாமக்கல்,Tiruchengode,1,no,Koottapalli S.O,11.3384,77.8716
637215,TN,Namakkal,நாமக்கல்,Tiruchengode,1,no,Kuchipalayam S.O,11.3634,77.8282
637216,TN,Namakkal,நாமக்கல்,Tiruchengode,1,no,Periyamanali So,11.3708,78.0744
637301,TN,Salem,சேலம்,Sankari,1,no,Sankaridrug S.O,11.4963,77.8652
637302,TN,Salem,சேலம்,Sankari,2,yes,Sankaridrug.R.S S.O,11.4329,77.9375
637303,TN,Salem,சேலம்,Kumarapalayam,1,yes,Sankari West S.O,11.4581,77.8374
637304,TN,Namakkal,நாமக்கல்,Kumarapalayam,1,yes,Thannirpandalpalayam S.O,11.3989,77.8747
637401,TN,Namakkal,நாமக்கல்,Rasipuram,1,no,Andagalur S.O,11.4484,78.1492
637402,TN,Namakkal,நாமக்கல்,Sendamangalam,1,no,Belukurichi S.O,11.3850,78.2515
637403,TN,Namakkal,நாமக்கல்,Rasipuram,1,no,Gurusamipalayam S.O,11.4345,78.1132
637404,TN,Namakkal,நாமக்கல்,Sendamangalam,1,no,Kalappanaickenpatti S.O,11.3699,78.2619
637405,TN,Namakkal,நாமக்கல்,Namakkal,2,no,Muthugapatti S.O,11.2462,78.2286
637406,TN,Namakkal,நாமக்கல்,Rasipuram,1,no,Namagiripettai S.O,11.4338,78.2658
637407,TN,Namakkal,நாமக்கல்,Rasipuram,1,no,Pudupatti S.O (Salem),11.5288,78.2240
637408,TN,Namakkal,நாமக்கல்,Rasipuram,1,no,Rasipuram S.O,11.4733,78.2099
637409,TN,Namakkal,நாமக்கல்,Sendamangalam,1,no,Sendamangalam S.O,11.2936,78.2363
637410,TN,Namakkal,நாமக்கல்,Tiruchengode,1,no,Vaiyappamalai S.O,11.4331,78.0619
637411,TN,Namakkal,நாமக்கல்,Kolli Hills,2,no,Semmedu S.O,11.3941,78.3281
637412,TN,Namakkal,நாமக்கல்,Rasipuram,1,no,Singalandapuram S.O,11.3921,78.2033
637415,TN,Namakkal,நாமக்கல்,Kolli Hills,1,no,Solakkadu S.O,,
637501,TN,Salem,சேலம்,Salem South,1,yes,Attayampatti S.O,11.5338,78.0562
637502,TN,Salem,சேலம்,Sankari,4,no,Elampillai S.O,11.6244,78.0276
637503,TN,Namakkal,நாமக்கல்,Tiruchengode,2,no,Mallasamudram S.O,11.4659,78.0002
637504,TN,Salem,சேலம்,Salem South,2,no,Vembadithalam S.O,11.5699,78.0115
637505,TN,Namakkal,நாமக்கல்,Rasipuram,1,no,Vennandur S.O,11.4945,78.0994
638001,TN,Erode,ஈரோடு,Erode,1,no,Erode Ho,11.3447,77.7312
638002,TN,Erode,ஈரோடு,Erode,2,no,Erode Railway Colony So,11.3131,77.7522
638003,TN,Erode,ஈரோடு,Erode,1,no,Karungalpalayam So,11.3514,77.7261
638004,TN,Erode,ஈரோடு,Erode,1,no,Erode Municipal Colony So,11.3715,77.6948
638005,TN,Erode,ஈரோடு,Erode,1,no,Peria Agraharam So,11.3722,77.7051
638006,TN,Namakkal,நாமக்கல்,,0,no,Pallipalayam So,11.3674,77.7456
638007,TN,Namakkal,நாமக்கல்,Kumarapalayam,1,no,Cauvery Railway Station So,11.3358,77.7754
638008,TN,Namakkal,நாமக்கல்,Kumarapalayam,2,yes,Pallipalayamagraharam S.O,11.3669,77.7686
638009,TN,Erode,ஈரோடு,Erode,1,no,Surampatti So,11.3186,77.7092
638010,TN,Namakkal,நாமக்கல்,,0,no,Spb Colony So,11.3640,77.7848
638011,TN,Erode,ஈரோடு,,0,no,Erode Collectorate So,11.3379,77.7071
638012,TN,Erode,ஈரோடு,Erode,1,no,Thindal So,11.3203,77.6779
638051,TN,Erode,ஈரோடு,Perundurai,2,yes,Chennimalai So,11.1324,77.6508
638052,TN,Erode,ஈரோடு,Perundurai,2,no,Perundurai So,11.2561,77.5630
638053,TN,Erode,ஈரோடு,Perundurai,1,no,Perundurai Sanitorium So,11.2849,77.5580
638054,TN,Erode,ஈரோடு,Gobichettipalayam,2,no,Siruvalur So,11.3662,77.4596
638055,TN,Erode,ஈரோடு,Perundurai,1,no,Tingalur So,11.3476,77.4931
638056,TN,Erode,ஈரோடு,Perundurai,2,yes,Vijayamangalam So,11.2194,77.4870
638057,TN,Erode,ஈரோடு,Perundurai,1,no,Tudupathi So,11.3551,77.5339
638060,TN,Erode,ஈரோடு,,0,no,Thoppupalayam So,11.1681,77.5658
638101,TN,Erode,ஈரோடு,Modakkurichi,3,no,Arachalur So,11.1851,77.6839
638102,TN,Erode,ஈரோடு,Erode,1,no,Chittode So,11.3911,77.6563
638103,TN,Tiruppur,திருப்பூர்,Uthukuli,6,yes,Kunnathur So Erode,11.2370,77.4308
638104,TN,Erode,ஈரோடு,Modakkurichi,3,yes,Modakurichi So,11.2558,77.7630
638105,TN,Tiruppur,திருப்பூர்,Kangeyam,1,no,Muthur So,11.0088,77.6737
638106,TN,Tiruppur,திருப்பூர்,Dharapuram,2,no,Mulanur So,10.8095,77.6711
638107,TN,Erode,ஈரோடு,Erode,2,no,Nasiyanur So,11.3426,77.6057
638108,TN,Tiruppur,திருப்பூர்,Kangeyam,2,yes,Nathakadayur So,11.0606,77.6394
638109,TN,Erode,ஈரோடு,Kodumudi,2,no,Sivagiri So Erode,11.1485,77.7853
638110,TN,Erode,ஈரோடு,Bhavani,5,yes,Getticheyur So,11.3597,77.4051
638111,TN,Tiruppur,திருப்பூர்,Kangeyam,2,no,Vellakoil So,10.9168,77.6819
638112,TN,Erode,ஈரோடு,Perundurai,2,no,Vadamugam Vellode So,11.2711,77.6495
638115,TN,Erode,ஈரோடு,Modakkurichi,1,no,Avalpundurai So,11.1894,77.7310
638116,TN,Erode,ஈரோடு,Perundurai,2,no,Kanjikovil So,11.3836,77.5869
638151,TN,Erode,ஈரோடு,Kodumudi,1,yes,Kodumudi So,11.0491,77.8511
638152,TN,Erode,ஈரோடு,Kodumudi,1,no,Unjalur So,11.1077,77.8582
638153,TN,Erode,ஈரோடு,Modakkurichi,1,no,Ganapathipalayam So,11.2362,77.8003
638154,TN,Erode,ஈரோடு,Kodumudi,1,no,Pasur So,11.1751,77.8594
638181,TN,Namakkal,நாமக்கல்,Paramathi-Velur,1,no,Pothanur S.O,11.1318,77.9885
638182,TN,Namakkal,நாமக்கல்,Paramathi-Velur,1,no,Velur (Namakkal) S.O,11.1254,78.0728
638183,TN,Namakkal,நாமக்கல்,Kumarapalayam,1,yes,Komarapalayam S.O,11.4296,77.7250
638301,TN,Erode,ஈரோடு,Erode,2,no,Bhavani Ho,11.4469,77.6796
638311,TN,Erode,ஈரோடு,Bhavani,2,no,Ammapettai So,11.6805,77.7659
638312,TN,Erode,ஈரோடு,Bhavani,2,yes,Jambai So,11.5045,77.6229
638313,TN,Erode,ஈரோடு,Gobichettipalayam,1,no,Kugalur So,11.5004,77.5311
638314,TN,Erode,ஈரோடு,Anthiyur,2,no,Olagadam So,11.5259,77.6486
638315,TN,Erode,ஈரோடு,Anthiyur,2,no,Sakthinagar So,11.4615,77.5569
638316,TN,Erode,ஈரோடு,Bhavani,2,no,Vasavi College So,11.4161,77.6757
638401,TN,Erode,ஈரோடு,Sathyamangalam,3,yes,Sathyamangalam So,11.5487,77.2197
638402,TN,Erode,ஈரோடு,Sathyamangalam,2,no,Rangasamudram So,11.5053,77.2263
638451,TN,Erode,ஈரோடு,Sathyamangalam,1,yes,Bhavanisagar So,11.4759,77.1296
638452,TN,Erode,ஈரோடு,Gobichettipalayam,1,no,Gobichettipalayam Ho,11.4557,77.4209
638453,TN,Erode,ஈரோடு,Gobichettipalayam,1,no,Karattadipalayam So,11.5398,77.4258
638454,TN,Erode,ஈரோடு,Gobichettipalayam,2,no,Kasipalayam So Erode,11.4557,77.2764
638455,TN,Erode,ஈரோடு,Bhavani,4,yes,Kavindapadi So,11.4373,77.5453
638456,TN,Erode,ஈரோடு,Nambiyur,1,no,Kolappalur So Erode,11.3760,77.4109
638457,TN,Erode,ஈரோடு,Nambiyur,1,no,Kurumandur So,11.4450,77.3424
638458,TN,Erode,ஈரோடு,Nambiyur,3,yes,Nambiyur So,11.3957,77.3003
638459,TN,Erode,ஈரோடு,Sathyamangalam,4,yes,Punjai Puliampatti So,11.3346,77.1671
638460,TN,Tiruppur,திருப்பூர்,Avinashi,4,yes,Savakattupalayam So,11.3010,77.2577
638461,TN,Erode,ஈரோடு,Thalavadi,2,no,Talavadi So,11.7712,76.9203
638462,TN,Erode,ஈரோடு,Nambiyur,1,yes,Vemandampalayam So,11.3459,77.2638
638476,TN,Erode,ஈரோடு,Gobichettipalayam,2,no,Gobichettipalayam South So,11.5662,77.4300
638501,TN,Erode,ஈரோடு,Anthiyur,3,no,Anthiyur So,11.2385,77.4532
638502,TN,Erode,ஈரோடு,Anthiyur,2,no,Athani So Erode,11.5336,77.5208
638503,TN,Erode,ஈரோடு,Sathyamangalam,2,no,Dasappagoundenpudur So,11.6257,77.3284
638504,TN,Erode,ஈரோடு,Anthiyur,1,no,Guruvareddiyur So,11.7299,77.6935
638505,TN,Erode,ஈரோடு,Gobichettipalayam,2,yes,Kallipatti So,11.5247,77.4455
638506,TN,Erode,ஈரோடு,Gobichettipalayam,1,no,Thuckanaickenpalayam So,11.4986,77.3479
638656,TN,Tiruppur,திருப்பூர்,Dharapuram,1,no,Dharapuram Ho,10.7328,77.5262
638657,TN,Tiruppur,திருப்பூர்,Dharapuram,1,no,Ellisnagar So,10.6984,77.3748
638660,TN,Tiruppur,திருப்பூர்,Dharapuram,3,no,Koduvoi So,10.9431,77.4802
638661,TN,Tiruppur,திருப்பூர்,Dharapuram,1,no,Kolathupalayam So,10.7615,77.5699
638672,TN,Tiruppur,திருப்பூர்,Dharapuram,1,no,Dalavoipatnam So,10.6757,77.4843
638673,TN,Tiruppur,திருப்பூர்,Dharapuram,1,no,Kolinjivadi So,10.6127,77.5224
638701,TN,Tiruppur,திருப்பூர்,Kangeyam,2,no,Kangayam So,10.9261,77.5682
638702,TN,Tiruppur,திருப்பூர்,Dharapuram,1,no,Kundadam So,10.8670,77.4082
638703,TN,Tiruppur,திருப்பூர்,Kangeyam,2,no,Udhiyur So,10.8855,77.4643
638706,TN,Tiruppur,திருப்பூர்,Dharapuram,2,no,Sankarandampalayam So,10.8920,77.6040
638751,TN,Tiruppur,திருப்பூர்,Uthukuli,2,yes,Uttukuli So,11.1652,77.4908
638752,TN,Tiruppur,திருப்பூர்,Uthukuli,2,yes,Uttukuli Rs So,11.1702,77.4202
638812,TN,Tiruppur,திருப்பூர்,Uthukuli,1,no,Chengapalli So,11.1970,77.4243
639001,TN,Karur,கரூர்,Karur,1,no,Karur H.O,10.9602,78.0827
639002,TN,Karur,கரூர்,Pugalur,4,no,Sengunthapuram S.O,10.8800,77.9500
639003,TN,Karur,கரூர்,Karur,2,yes,Tirumanilaiyur S.O,10.9400,78.0500
639004,TN,Karur,கரூர்,Karur,2,no,Pasupathipalayam S.O,11.0400,78.1200
639005,TN,Karur,கரூர்,Karur,1,no,Thanthonimalai S.O,10.9416,78.0911
639006,TN,Karur,கரூர்,Manmangalam,1,no,Vengamedu S.O,11.0300,78.0700
639007,TN,Karur,கரூர்,Karur,1,no,Karur Collectorate S.O,10.8900,78.1200
639008,TN,Karur,கரூர்,Manmangalam,1,no,Andankoil S.O,10.9900,78.0300
639101,TN,Tiruchirappalli,திருச்சிராப்பள்ளி,Srirangam,1,no,Andanallur So,10.8554,78.6004
639102,TN,Karur,கரூர்,Krishnarayapuram,1,no,Krishnarayapuram S.O,10.8400,78.2000
639103,TN,Tiruchirappalli,திருச்சிராப்பள்ளி,Srirangam,2,yes,Kulumani So,10.8300,78.5700
639104,TN,Karur,கரூர்,Kulithalai,1,no,Kulittalai H.O,10.9400,78.4200
639105,TN,Karur,கரூர்,Krishnarayapuram,2,no,Lalapet S.O,10.9000,78.3000
639107,TN,Karur,கரூர்,Kulithalai,1,no,Marudur S.O,10.8800,78.4500
639108,TN,Karur,கரூர்,Krishnarayapuram,1,no,Mayanur S.O,10.9000,78.2200
639109,TN,Karur,கரூர்,Kadavur,2,no,Moolapatti S.O,10.8471,77.9716
639110,TN,Karur,கரூர்,Kulithalai,1,no,Nungavaram S.O,10.8100,78.5300
639111,TN,Karur,கரூர்,Aravakurichi,2,no,Paramathi (Karur) S.O,10.9100,77.9100
639112,TN,Tiruchirappalli,திருச்சிராப்பள்ளி,Srirangam,1,no,Pettavaithalai So,10.8916,78.5118
639113,TN,Karur,கரூர்,Pugalur,2,no,Pugalur Sugar Factory S.O,11.0600,78.0500
639114,TN,Karur,கரூர்,Manmangalam,2,no,Puliyur Cement Factory S.O,10.9800,78.1500
639115,TN,Tiruchirappalli,திருச்சிராப்பள்ளி,Srirangam,1,no,Tirupparaithurai So,10.8665,78.5832
639116,TN,Karur,கரூர்,Manmangalam,1,no,Vangal S.O,11.0300,78.1100
639117,TN,Karur,கரூர்,Pugalur,1,no,Velayuthampalayam S.O,11.0800,77.9800
639118,TN,Karur,கரூர்,Karur,1,no,Velliyanai S.O,10.8600,78.1200
639119,TN,Karur,கரூர்,Krishnarayapuram,2,no,Panjapatti S.O,10.8500,78.3700
639120,TN,Karur,கரூர்,Kulithalai,3,no,Vaiganallur S.O,10.7700,78.3900
639136,TN,Karur,கரூர்,,0,no,Kagtithapuram S.O,11.0400,78.0000
639201,TN,Karur,கரூர்,Aravakurichi,2,yes,Aravakurichi S.O,10.7754,77.9089
639202,TN,Karur,கரூர்,Aravakurichi,1,yes,Chinnadharapuram S.O,10.7367,77.5323
639203,TN,Karur,கரூர்,Pugalur,1,yes,Isanatham S.O,10.6800,77.9800
639205,TN,Karur,கரூர்,Aravakurichi,1,no,Pallapatti S.O (Karur),10.6500,77.8600
639206,TN,Karur,கரூர்,Aravakurichi,2,no,Tennilai S.O,10.9100,77.8100
639207,TN,Karur,கரூர்,Aravakurichi,1,no,Pallapatti Bazaar S.O,10.7400,77.8500
641001,TN,Coimbatore,கோயம்புத்தூர்,Coimbatore South,1,no,Coimbatore Ho,11.0000,76.9632
641002,TN,Coimbatore,கோயம்புத்தூர்,,0,no,Rathinasabapathy Puram Ho,11.0100,76.9510
641003,TN,Coimbatore,கோயம்புத்தூர்,,0,no,Lawley Road So,11.0110,76.9352
641004,TN,Coimbatore,கோயம்புத்தூர்,,0,no,Peelamedu So,11.0142,76.5948
641005,TN,Coimbatore,கோயம்புத்தூர்,Coimbatore South,1,no,Singanallur So,10.9999,77.0308
641006,TN,Coimbatore,கோயம்புத்தூர்,Coimbatore North,1,no,Ganapathy So,11.0476,76.9669
641007,TN,Coimbatore,கோயம்புத்தூர்,Perur,1,no,Sbinstitute So,11.0105,76.9309
641008,TN,Coimbatore,கோயம்புத்தூர்,Perur,1,no,Coimbatore Ukkadam So,10.9322,76.9489
641009,TN,Coimbatore,கோயம்புத்தூர்,Coimbatore North,1,no,Ramnagar Coimbatore So,11.0110,76.9661
641010,TN,Coimbatore,கோயம்புத்தூர்,Perur,2,no,Perur So Coimbatore,10.9690,76.8616
641011,TN,Coimbatore,கோயம்புத்தூர்,,0,no,Saibaba Mission So,11.0262,76.9474
641012,TN,Coimbatore,கோயம்புத்தூர்,,0,no,Gandhipuram So Coimbatore,11.0210,76.9663
641013,TN,Coimbatore,கோயம்புத்தூர்,,0,no,Govtcollege Of Technology So,11.0207,76.9363
641014,TN,Coimbatore,கோயம்புத்தூர்,,0,no,Coimbatore Aerodrome So,11.0200,77.0300
641015,TN,Coimbatore,கோயம்புத்தூர்,Coimbatore South,1,no,Uppilipalayam So,11.0071,77.0229
641016,TN,Coimbatore,கோயம்புத்தூர்,Sulur,1,no,Ondipudur So,11.0059,77.0471
641017,TN,Coimbatore,கோயம்புத்தூர்,Coimbatore North,1,no,Vadamadurai Kurudampalayam So,11.0859,76.9168
641018,TN,Coimbatore,கோயம்புத்தூர்,,0,no,Coimbatore Collectorate So,11.0020,76.9666
641019,TN,Coimbatore,கோயம்புத்தூர்,Coimbatore North,1,no,Coimbatore Press Colony So,11.1969,76.9604
641020,TN,Coimbatore,கோயம்புத்தூர்,Coimbatore North,1,no,Sri Ramakrishna Vidyalaya So,11.1535,76.9202
641021,TN,Coimbatore,கோயம்புத்தூர்,,0,no,Coimbatore Industrial Estate So,10.9230,76.9829
641022,TN,Coimbatore,கோயம்புத்தூர்,Annur,1,no,Nggo Colony So,11.1019,76.9538
641023,TN,Coimbatore,கோயம்புத்தூர்,,0,no,Podanur Newtown So,10.9640,76.9858
641024,TN,Coimbatore,கோயம்புத்தூர்,Madukkari,1,no,Sundarapuram So,10.9579,76.9882
641025,TN,Coimbatore,கோயம்புத்தூர்,,0,no,Velandipalayam So,11.0403,76.9241
641026,TN,Coimbatore,கோயம்புத்தூர்,Coimbatore North,2,no,Komarapalayam Coimbatore So,10.9883,76.9359
641027,TN,Coimbatore,கோயம்புத்தூர்,Coimbatore North,1,no,Rathinapuri So,11.0268,76.9679
641028,TN,Coimbatore,கோயம்புத்தூர்,Annur,2,no,Sowripalayam So,11.0115,77.0022
641029,TN,Coimbatore,கோயம்புத்தூர்,Coimbatore North,1,no,Gnanambika Mills So,11.0739,76.9547
641030,TN,Coimbatore,கோயம்புத்தூர்,Annur,2,no,Kavundampalayam Colony So,11.0446,76.9378
641031,TN,Coimbatore,கோயம்புத்தூர்,Coimbatore North,1,no,Narasimhanaickenpalayam So,11.1055,76.9434
641032,TN,Coimbatore,கோயம்புத்தூர்,Madukkari,1,no,Othakkalmandapam So,10.8421,77.0081
641033,TN,Coimbatore,கோயம்புத்தூர்,,0,no,Neelikonampalayam So,11.0111,77.0362
641034,TN,Coimbatore,கோயம்புத்தூர்,Coimbatore North,1,no,Tudiyalur So,11.0811,76.9440
641035,TN,Coimbatore,கோயம்புத்தூர்,Coimbatore North,2,no,Saravanampatti So,11.0753,77.0027
641036,TN,Coimbatore,கோயம்புத்தூர்,,0,no,Nanjundapuram So,10.9755,76.9947
641037,TN,Coimbatore,கோயம்புத்தூர்,,0,no,Pappanaickenpalayam So,11.0179,76.9844
641038,TN,Coimbatore,கோயம்புத்தூர்,,0,no,Kuppakonanpudur So,11.0182,76.9580
641039,TN,Coimbatore,கோயம்புத்தூர்,Coimbatore North,1,no,Telungupalayam So,11.1812,77.0798
641040,TN,Coimbatore,கோயம்புத்தூர்,,0,no,Ndc Kpcolony So,11.0420,76.9498
641041,TN,Coimbatore,கோயம்புத்தூர்,Annur,2,no,Pappanaickenpudur So,11.0198,76.9220
641042,TN,Coimbatore,கோயம்புத்தூர்,,0,no,Kovaipudur So,10.9577,76.9231
641043,TN,Coimbatore,கோயம்புத்தூர்,,0,no,Sahs College So,11.0198,76.9516
641044,TN,Coimbatore,கோயம்புத்தூர்,,0,no,Siddhapudur So,11.0174,76.9844
641045,TN,Coimbatore,கோயம்புத்தூர்,Coimbatore North,2,no,Krishnaswamy Nagar So,11.0112,77.0362
641046,TN,Coimbatore,கோயம்புத்தூர்,,0,no,Bharathiyar University So,11.2497,76.7807
641047,TN,Coimbatore,கோயம்புத்தூர்,Coimbatore North,1,no,Jothipuram So,11.1619,76.9473
641048,TN,Coimbatore,கோயம்புத்தூர்,Annur,2,no,Kalapatti So,11.0969,77.0705
641049,TN,Coimbatore,கோயம்புத்தூர்,Coimbatore North,1,no,Chinnavedampatti So,11.0611,76.9852
641050,TN,Coimbatore,கோயம்புத்தூர்,Madukkari,1,no,Malumichampatti So,11.0429,77.1139
641051,TN,Coimbatore,கோயம்புத்தூர்,,0,no,Cheranmaanagar So,11.0554,77.0161
641062,TN,Coimbatore,கோயம்புத்தூர்,Sulur,1,no,Sinniampalayam So,11.0561,77.0635
641063,TN,Coimbatore,கோயம்புத்தூர்,,0,no,Ndc Coimbatore Ho,11.0000,76.9632
641101,TN,Coimbatore,கோயம்புத்தூர்,Perur,1,no,Alandurai So,10.9623,76.8160
641103,TN,Coimbatore,கோயம்புத்தூர்,Sulur,1,no,Irugur So,11.0084,77.0745
641104,TN,Coimbatore,கோயம்புத்தூர்,Mettupalayam,1,no,Karamadai So,11.2486,76.9823
641105,TN,Coimbatore,கோயம்புத்தூர்,Madukkari,2,no,Madukkarai So,10.8824,76.9560
641107,TN,Coimbatore,கோயம்புத்தூர்,Annur,2,no,Sarkarsamakulam So,11.1819,77.0296
641108,TN,Coimbatore,கோயம்புத்தூர்,Coimbatore North,2,no,Tadagam So,11.0700,76.8819
641109,TN,Coimbatore,கோயம்புத்தூர்,Perur,2,no,Thondamuthur So,10.9808,76.7917
641110,TN,Coimbatore,கோயம்புத்தூர்,Annur,1,no,Vaiyampalayam So,11.1190,76.9795
641111,TN,Coimbatore,கோயம்புத்தூர்,Madukkari,1,no,Vellalore So,11.0060,76.9690
641112,TN,Coimbatore,கோயம்புத்தூர்,Coimbatore South,2,no,Amritanagar So,10.8997,76.9004
641113,TN,Coimbatore,கோயம்புத்தூர்,Mettupalayam,1,no,Seeliyur So,11.2451,76.8795
641114,TN,Coimbatore,கோயம்புத்தூர்,Perur,1,no,Karunyanagar So,10.9434,76.7160
641201,TN,Coimbatore,கோயம்புத்தூர்,Madukkari,3,no,Chettipalayam So,10.8772,77.1001
641202,TN,Coimbatore,கோயம்புத்தூர்,Kinathukadavu,1,no,Vadasithur S.O,10.8362,77.0841
641301,TN,Coimbatore,கோயம்புத்தூர்,,0,no,Mettupalayam Ho,11.2926,76.9402
641302,TN,Coimbatore,கோயம்புத்தூர்,Mettupalayam,2,yes,Sirumugai So,11.2947,77.0207
641305,TN,Coimbatore,கோயம்புத்தூர்,Mettupalayam,1,no,Mahadevapuram So,11.3316,76.9602
641401,TN,Coimbatore,கோயம்புத்தூர்,Sulur,2,yes,Kangayampalayam So,11.0252,77.1535
641402,TN,Coimbatore,கோயம்புத்தூர்,Sulur,1,no,Sulur So,11.0253,77.1258
641407,TN,Coimbatore,கோயம்புத்தூர்,Sulur,1,no,Arasur So,11.0844,77.1169
641601,TN,Tiruppur,திருப்பூர்,,0,no,Tirupur Ho,11.1079,77.3409
641602,TN,Tiruppur,திருப்பூர்,Tiruppurnorth,1,no,Tirupur North So,11.1064,77.3329
641603,TN,Tiruppur,திருப்பூர்,Kangeyam,1,no,Gandhinagar So,11.1180,77.3108
641604,TN,Tiruppur,திருப்பூர்,Kangeyam,2,no,Tirupur Bazaar So,11.0247,77.4982
641605,TN,Tiruppur,திருப்பூர்,Tiruppursouth,3,no,Veerapandi So,11.0180,77.3540
641606,TN,Tiruppur,திருப்பூர்,Tiruppursouth,3,no,Vijayapuram So,11.0993,77.4401
641607,TN,Tiruppur,திருப்பூர்,Dharapuram,2,no,Tirupur East So,11.1187,77.3741
641652,TN,Tiruppur,திருப்பூர்,Tiruppurnorth,1,no,Anuppapalayam So,11.1438,77.3048
641653,TN,Coimbatore,கோயம்புத்தூர்,Annur,2,yes,Annur So,11.2187,77.0991
641654,TN,Tiruppur,திருப்பூர்,Avinashi,1,no,Avanashi So,11.2253,77.2707
641655,TN,Tiruppur,திருப்பூர்,Avinashi,1,no,Cheyur So,8.7792,77.4250
641658,TN,Tiruppur,திருப்பூர்,Palladam,2,yes,Karadibavi So,10.9067,77.2184
641659,TN,Coimbatore,கோயம்புத்தூர்,Sulur,1,no,Karumathampatti So,11.1645,77.1129
641662,TN,Tiruppur,திருப்பூர்,Palladam,1,no,Kuppusamynaidupuram So,10.9827,77.2240
641663,TN,Tiruppur,திருப்பூர்,Palladam,3,no,Mangalam So,11.0749,77.1931
641664,TN,Tiruppur,திருப்பூர்,Palladam,1,no,Palladam So,10.9568,77.2387
641665,TN,Tiruppur,திருப்பூர்,Avinashi,4,yes,Pallikalipalayam So,11.0457,77.4338
641666,TN,Tiruppur,திருப்பூர்,Tiruppurnorth,4,no,Perumanallur So,11.1887,77.3403
641667,TN,Tiruppur,திருப்பூர்,Palladam,2,no,Pongalur So,10.9729,77.3698
641668,TN,Coimbatore,கோயம்புத்தூர்,Palladam,2,yes,Somanur So,11.0993,77.2131
641669,TN,Coimbatore,கோயம்புத்தூர்,Sulur,1,no,Sultanpet So,11.4467,77.6943
641670,TN,Tiruppur,திருப்பூர்,Avinashi,2,yes,Karavalur So,11.2116,77.1952
641671,TN,Coimbatore,கோயம்புத்தூர்,Sulur,2,yes,Kettanur So,10.8049,77.2384
641687,TN,Tiruppur,திருப்பூர்,Tiruppursouth,1,no,Iduvampalayam So,11.0925,77.3123
641697,TN,Coimbatore,கோயம்புத்தூர்,Annur,2,yes,Pogalur So,11.2162,77.0705
642001,TN,Coimbatore,கோயம்புத்தூர்,Pollachi,1,no,Pollachi H.O,10.6711,76.9945
642002,TN,Coimbatore,கோயம்புத்தூர்,Pollachi,1,no,Mahalinga Puram S.O,10.6693,77.0125
642003,TN,Coimbatore,கோயம்புத்தூர்,Pollachi,1,no,Makkinaicken Patti S.O,10.6561,77.0340
642004,TN,Coimbatore,கோயம்புத்தூர்,Pollachi,1,no,Uthukuli Zamin S.O,10.6516,76.9790
642005,TN,Coimbatore,கோயம்புத்தூர்,Pollachi,1,no,Zamin Muthur S.O,10.6773,76.9694
642006,TN,Coimbatore,கோயம்புத்தூர்,Pollachi,1,no,Suleeswaran Patti S.O,10.6467,77.0073
642007,TN,Coimbatore,கோயம்புத்தூர்,Anaimalai,1,no,Angalakurichi S.O,10.4804,76.9786
642101,TN,Coimbatore,கோயம்புத்தூர்,Anaimalai,1,no,Aliyar Nagar S.O,10.4863,76.9669
642102,TN,Tiruppur,திருப்பூர்,Udumalaipettai,1,no,Amaravathi Nagar S.O,10.4256,77.2665
642103,TN,Coimbatore,கோயம்புத்தூர்,Anaimalai,1,no,Ambarampalayam S.O,10.6337,76.9407
642104,TN,Coimbatore,கோயம்புத்தூர்,Anaimalai,1,no,Anaimalai S.O,10.5814,76.9334
642105,TN,Coimbatore,கோயம்புத்தூர்,Valparai,1,no,Water Falls Estate S.O,10.4135,76.9964
642106,TN,Coimbatore,கோயம்புத்தூர்,,0,no,Cinchona S.O,10.6126,76.9465
642107,TN,Coimbatore,கோயம்புத்தூர்,Pollachi,1,no,Gomangalam S.O,10.6219,77.1485
642108,TN,Coimbatore,கோயம்புத்தூர்,,0,no,Iyerpadi S.O,10.6573,77.0107
642109,TN,Coimbatore,கோயம்புத்தூர்,Kinathukadavu,1,no,Kinathukadavoo S.O,10.7858,77.0319
642110,TN,Coimbatore,கோயம்புத்தூர்,Kinathukadavu,2,no,Kovilpalayam S.O,10.7464,77.0193
642111,TN,Tiruppur,திருப்பூர்,Madathukulam,1,no,Krishnapuram S.O (Coimbatore),10.6354,77.2986
642112,TN,Tiruppur,திருப்பூர்,Udumalaipettai,1,no,Kurichikottai S.O,11.0770,77.5185
642113,TN,Tiruppur,திருப்பூர்,Madathukulam,1,yes,Madathukulam S.O,10.5528,77.3636
642114,TN,Coimbatore,கோயம்புத்தூர்,Anaimalai,1,no,Malayandipattinam S.O,10.5407,76.9833
642117,TN,Coimbatore,கோயம்புத்தூர்,,0,no,Mudis S.O,10.2775,76.9267
642120,TN,Coimbatore,கோயம்புத்தூர்,Pollachi,2,yes,Negamam S.O,10.7339,77.1187
642122,TN,Tiruppur,திருப்பூர்,Udumalaipettai,1,no,Pulankinar S.O,10.6086,77.2160
642123,TN,Coimbatore,கோயம்புத்தூர்,Anaimalai,2,no,Samathur S.O,10.5910,77.0140
642125,TN,Coimbatore,கோயம்புத்தூர்,,0,no,Sholayar Nagar S.O,10.3016,76.8774
642126,TN,Tiruppur,திருப்பூர்,Udumalaipettai,1,no,Udamalpet H.O,10.5946,77.2439
642127,TN,Coimbatore,கோயம்புத்தூர்,,0,no,Valparai S.O,10.3294,76.9567
642128,TN,Tiruppur,திருப்பூர்,Udumalaipettai,1,no,Venkatesa Mills S.O,10.5773,77.2753
642129,TN,Coimbatore,கோயம்புத்தூர்,Anaimalai,1,no,Vettaikaran Pudur S.O,10.5657,76.9205
642130,TN,Coimbatore,கோயம்புத்தூர்,,0,no,Karamalai Bazaar S.O,10.6573,77.0107
642132,TN,Tiruppur,திருப்பூர்,Udumalaipettai,1,no,Valavadi S.O,10.5522,77.1803
642133,TN,Coimbatore,கோயம்புத்தூர்,,0,no,Sethumadai S.O,10.5128,76.8823
642134,TN,Coimbatore,கோயம்புத்தூர்,Anaimalai,1,no,Somandurai S.O,10.5701,76.9878
642154,TN,Tiruppur,திருப்பூர்,Udumalaipettai,1,no,Gandhinagar S.O (Pollachi),10.5853,77.2577
642201,TN,Tiruppur,திருப்பூர்,Udumalaipettai,1,no,Gudimangalam S.O,10.6896,77.2805
642202,TN,Coimbatore,கோயம்புத்தூர்,Pollachi,2,yes,Jakkarpalayam S.O,10.7854,77.1430
642203,TN,Tiruppur,திருப்பூர்,Madathukulam,1,no,Kaniyur S.O,10.6024,77.3770
642204,TN,Tiruppur,திருப்பூர்,Madathukulam,1,no,Komaralingam S.O,10.4881,77.3490
642205,TN,Tiruppur,திருப்பூர்,Udumalaipettai,1,yes,Pedappampatti S.O,10.6791,77.2175
642206,TN,Tiruppur,திருப்பூர்,Udumalaipettai,1,no,Pulavadi S.O,10.7037,77.2812
642207,TN,Tiruppur,திருப்பூர்,Udumalaipettai,1,no,Pungamuthur S.O,10.5450,77.1025
643001,TN,The Nilgiris,நீலகிரி,,0,no,Udagamandalam H.O,11.4100,76.6900
643002,TN,The Nilgiris,நீலகிரி,,0,no,Stone House Hill S.O,11.4591,76.7798
643003,TN,The Nilgiris,நீலகிரி,Udhagamandalam,2,no,Lovedale S.O,11.5312,76.4643
643004,TN,The Nilgiris,நீலகிரி,,0,no,Fernhill S.O,11.3892,76.6431
643005,TN,The Nilgiris,நீலகிரி,,0,no,Indunagar S.O,11.4840,76.6871
643006,TN,The Nilgiris,நீலகிரி,,0,no,Finger Post S.O,11.3494,76.8029
643007,TN,The Nilgiris,நீலகிரி,,0,no,Dr. Basuviah Nagar S.O,11.4600,76.7100
643101,TN,The Nilgiris,நீலகிரி,,0,no,Coonoor H.O,11.3494,76.8029
643102,TN,The Nilgiris,நீலகிரி,,0,no,Coonoor Bazaar S.O,11.3198,76.7732
643103,TN,The Nilgiris,நீலகிரி,,0,no,Pasteur Institute S.O,11.3551,76.8009
643105,TN,The Nilgiris,நீலகிரி,,0,no,Ottupattarai S.O,11.3492,76.7801
643201,TN,The Nilgiris,நீலகிரி,,0,no,Aravenu S.O,11.4076,76.8736
643202,TN,The Nilgiris,நீலகிரி,Coonoor,1,no,Aruvankadu S.O,11.3587,76.7692
643203,TN,The Nilgiris,நீலகிரி,,0,no,Balacola S.O,11.3204,76.6923
643204,TN,The Nilgiris,நீலகிரி,Coonoor,1,no,Chamraj Estate S.O,11.3003,76.6795
643205,TN,The Nilgiris,நீலகிரி,Gudalur,1,no,Cherambadi S.O,11.5385,76.2620
643206,TN,The Nilgiris,நீலகிரி,,0,no,Denaducombai S.O,11.4600,76.7200
643207,TN,The Nilgiris,நீலகிரி,,0,no,Devarshola S.O,11.3494,76.8029
643209,TN,The Nilgiris,நீலகிரி,,0,no,Emerald S.O,11.4654,76.6857
643211,TN,The Nilgiris,நீலகிரி,,0,no,Gudalur Nilgiris S.O,11.4392,76.7968
643212,TN,The Nilgiris,நீலகிரி,,0,no,Gudalur Bazaar S.O,11.5500,76.5000
643213,TN,The Nilgiris,நீலகிரி,,0,no,Katary S.O,11.3100,76.7400
643214,TN,The Nilgiris,நீலகிரி,,0,no,Kattabettu S.O,11.4250,76.7874
643215,TN,The Nilgiris,நீலகிரி,,0,no,Ketti S.O,11.3807,76.7311
643216,TN,The Nilgiris,நீலகிரி,,0,no,Kil Kotagiri S.O,11.4300,77.0000
643217,TN,The Nilgiris,நீலகிரி,,0,no,Donnington S.O,11.4428,76.8353
643218,TN,The Nilgiris,நீலகிரி,Kundah,2,no,Kullakamby S.O,11.2870,76.7422
643219,TN,The Nilgiris,நீலகிரி,,0,no,Kundah Bridge S.O,11.2189,76.6633
643220,TN,The Nilgiris,நீலகிரி,,0,no,Mangorange S.O,11.4380,76.7959
643221,TN,The Nilgiris,நீலகிரி,,0,no,Melur Nilgiris S.O,11.2921,76.7185
643223,TN,The Nilgiris,நீலகிரி,,0,no,Masinagudi S.O,11.6000,76.6900
643224,TN,The Nilgiris,நீலகிரி,,0,no,Naduvattam S.O,11.4647,76.5581
643225,TN,The Nilgiris,நீலகிரி,,0,no,Nellakotta S.O,11.5600,76.4100
643226,TN,The Nilgiris,நீலகிரி,,0,no,Newhope S.O,11.4403,76.4512
643231,TN,The Nilgiris,நீலகிரி,Kotagiri,2,no,Defence Service Staff College S.O,11.3628,76.7925
643233,TN,The Nilgiris,நீலகிரி,,0,no,Pandalur S.O,11.4000,76.1000
643236,TN,The Nilgiris,நீலகிரி,,0,no,Kotada Estate S.O,11.4400,76.9400
643237,TN,The Nilgiris,நீலகிரி,,0,no,Sandynallah S.O,11.4625,76.6033
643238,TN,The Nilgiris,நீலகிரி,Kotagiri,1,no,Nonsuch S.O,11.2963,76.7760
643239,TN,The Nilgiris,நீலகிரி,Panthalur,1,no,Konnachal S.O,11.5785,76.3348
643240,TN,The Nilgiris,நீலகிரி,,0,no,Bitherkad S.O,11.5773,76.3239
643241,TN,The Nilgiris,நீலகிரி,,0,no,Uppatti S.O,11.3494,76.8029
643242,TN,The Nilgiris,நீலகிரி,Kotagiri,1,no,Tuttapallam S.O,11.3576,76.9300
643243,TN,The Nilgiris,நீலகிரி,,0,no,Yellanhalli S.O,11.3783,76.7426
643253,TN,The Nilgiris,நீலகிரி,,0,no,Kolapalli S.O,11.3494,76.8029
643270,TN,The Nilgiris,நீலகிரி,,0,no,Devala So,11.4920,76.3820
